incident_id,change_id,description,deployed_at,correlation_score,implementing_team
INC001,CHG001,logging bulk import job,2026-01-10T01:04:58.011392Z,0.51,identity-team
INC001,CHG002,database template engine update,2026-01-12T16:38:58.011392Z,0.66,devops-team
INC002,CHG003,elasticsearch routing rules update,2026-01-07T04:27:58.011392Z,0.55,security-team
INC003,CHG004,auth mapping template update,2026-01-10T14:58:58.011392Z,0.68,dba-team
INC003,CHG005,session cache TTL configuration change,2026-01-08T16:42:58.011392Z,0.73,platform-team
INC004,CHG006,kubernetes client library update,2026-01-12T15:37:58.011392Z,0.5,infra-team
INC005,CHG007,search cluster version upgrade to 5.8,2026-01-11T03:18:58.011392Z,0.47,search-team
INC006,CHG008,notification service config update,2026-01-07T04:14:58.011392Z,0.8,platform-team
INC006,CHG009,user connection pool resize,2026-01-10T14:02:58.011392Z,0.93,platform-team
INC007,CHG010,database rate limiting adjustment,2026-01-10T20:40:58.011392Z,0.61,security-team
INC008,CHG011,elasticsearch cluster version upgrade to 2.8,2026-01-07T20:27:58.011392Z,0.67,payments-team
INC009,CHG012,payment threshold adjustment,2026-01-10T06:49:58.011392Z,0.67,platform-team
INC009,CHG013,fluentd template engine update,2026-01-13T20:21:58.011392Z,0.57,identity-team
INC010,CHG014,cdn batch processing enhancement,2026-01-08T04:20:58.011392Z,0.5,devops-team
INC011,CHG015,rabbitmq batch processing enhancement,2026-01-12T00:11:58.011392Z,0.48,infra-team
INC011,CHG016,Database schema update,2026-01-07T16:24:58.011392Z,0.93,platform-team
INC012,CHG017,Batch reporting job schedule change,2026-01-07T05:13:58.011392Z,0.84,platform-team
INC013,CHG018,elasticsearch compilation pipeline update,2026-01-14T18:24:58.011392Z,0.52,dba-team
INC014,CHG019,api-gateway batch processing enhancement,2026-01-10T04:23:58.011392Z,0.68,security-team
INC015,CHG020,load-balancer SDK upgrade to v5.4.7,2026-01-12T10:57:58.011392Z,0.82,identity-team
INC015,CHG021,fulfillment feature deployment,2026-01-12T03:48:58.011392Z,0.89,devops-team
INC016,CHG022,Batch reporting job schedule change,2026-01-09T09:10:58.011392Z,0.75,api-team
INC016,CHG023,order version upgrade,2026-01-11T14:19:58.011392Z,0.6,security-team
INC017,CHG024,kubernetes feature deployment,2026-01-13T17:24:58.011392Z,0.94,search-team
INC018,CHG025,fluentd feature deployment,2026-01-04T12:21:58.011392Z,0.79,identity-team
INC019,CHG026,logging timeout configuration change,2026-01-10T11:20:58.011392Z,0.67,dba-team
INC020,CHG027,auth timeout configuration change,2026-01-10T04:29:58.011392Z,0.78,devops-team
INC020,CHG028,search service config update,2026-01-05T03:14:58.011392Z,0.54,security-team
INC021,CHG029,product bulk import job,2026-01-09T00:19:58.011392Z,0.74,payments-team
INC021,CHG030,Batch reporting job schedule change,2026-01-09T09:53:58.011392Z,0.48,devops-team
INC022,CHG031,fluentd routing rules update,2026-01-08T15:09:58.011392Z,0.74,devops-team
INC022,CHG032,fluentd log parsing configuration update,2026-01-08T04:39:58.011392Z,0.72,dba-team
INC023,CHG033,oauth-provider rate limiting adjustment,2026-01-13T08:52:58.011392Z,0.71,payments-team
INC023,CHG034,order timeout configuration change,2026-01-14T04:51:58.011392Z,0.84,security-team
INC024,CHG035,CI/CD pipeline image caching update,2026-01-06T21:48:58.011392Z,0.84,payments-team
INC024,CHG036,read-replica consumer prefetch configuration,2026-01-14T13:21:58.011392Z,0.75,platform-team
INC025,CHG037,Load balancer api-gateway configuration update,2026-01-12T05:02:58.011392Z,0.93,api-team
INC025,CHG038,Node resource limits adjustment,2026-01-03T19:21:58.011392Z,0.54,identity-team
INC026,CHG039,oauth-provider consumer prefetch configuration,2026-01-08T00:22:58.011392Z,0.58,dba-team
INC027,CHG040,CI/CD pipeline image caching update,2026-01-07T00:30:58.011392Z,0.56,platform-team
INC027,CHG041,container-registry threshold adjustment,2026-01-08T14:54:58.011392Z,0.51,security-team
INC028,CHG042,load-balancer routing rules update,2026-01-11T10:04:58.011392Z,0.89,observability-team
INC028,CHG043,load-balancer consumer prefetch configuration,2026-01-05T21:28:58.011392Z,0.87,ops-team
INC029,CHG044,database timeout configuration change,2026-01-05T16:47:58.011392Z,0.91,dba-team
INC029,CHG045,logging compilation pipeline update,2026-01-14T12:52:58.011392Z,0.57,api-team
INC030,CHG046,cache timeout configuration change,2026-01-09T21:05:58.011392Z,0.92,security-team
INC031,CHG047,fulfillment version upgrade,2026-01-10T20:43:58.011392Z,0.63,observability-team
INC031,CHG048,frontend service config update,2026-01-12T07:36:58.011392Z,0.88,devops-team
INC032,CHG049,read-replica cache TTL configuration change,2026-01-05T16:22:58.011392Z,0.96,dba-team
INC033,CHG050,api-gateway template engine update,2026-01-07T17:07:58.011392Z,0.9,ops-team
INC034,CHG051,cdn compilation pipeline update,2026-01-13T18:26:58.011392Z,0.52,devops-team
INC035,CHG052,kubernetes storage expansion,2026-01-08T04:37:58.011392Z,0.68,api-team
INC035,CHG053,session routing rules update,2026-01-07T14:00:58.011392Z,0.71,observability-team
INC036,CHG054,rate-limiter bulk import job,2026-01-13T04:13:58.011392Z,0.76,infra-team
INC037,CHG055,container-registry rate limiting adjustment,2026-01-11T16:43:58.011392Z,0.76,observability-team
INC037,CHG056,fluentd batch processing enhancement,2026-01-12T22:36:58.011392Z,0.65,platform-team
INC038,CHG057,database client library update,2026-01-09T06:13:58.011392Z,0.86,observability-team
INC038,CHG058,product rate limiting adjustment,2026-01-10T04:39:58.011392Z,0.45,dba-team
INC039,CHG059,elasticsearch node pool scaling automation,2026-01-04T10:33:58.011392Z,0.57,ops-team
INC040,CHG060,product template engine update,2026-01-07T20:34:58.011392Z,0.54,security-team
INC041,CHG061,Node resource limits adjustment,2026-01-07T17:17:58.011392Z,0.64,infra-team
INC041,CHG062,auth log parsing configuration update,2026-01-09T18:07:58.011392Z,0.79,security-team
INC042,CHG063,session SDK upgrade to v5.2.6,2026-01-09T23:35:58.011392Z,0.87,dba-team
INC043,CHG064,oauth-provider compilation pipeline update,2026-01-11T23:17:58.011392Z,0.8,observability-team
INC043,CHG065,user client library update,2026-01-03T22:42:58.011392Z,0.61,api-team
INC044,CHG066,order node pool scaling automation,2026-01-13T14:19:58.011392Z,0.65,api-team
INC044,CHG067,fulfillment compilation pipeline update,2026-01-07T01:58:58.011392Z,0.55,identity-team
INC045,CHG068,oauth-provider client library update,2026-01-07T12:12:58.011392Z,0.86,payments-team
INC046,CHG069,read-replica connection pool resize,2026-01-12T17:53:58.011392Z,0.95,observability-team
INC047,CHG070,product mapping template update,2026-01-08T19:57:58.011392Z,0.87,dba-team
INC048,CHG071,reporting compilation pipeline update,2026-01-05T22:03:58.011392Z,0.76,search-team
INC049,CHG072,read-replica mapping template update,2026-01-04T15:38:58.011392Z,0.93,platform-team
INC050,CHG073,fulfillment template engine update,2026-01-12T06:55:58.011392Z,0.53,payments-team
INC050,CHG074,CI/CD pipeline image caching update,2026-01-06T08:08:58.011392Z,0.78,api-team
INC051,CHG075,api-gateway rate limiting adjustment,2026-01-11T09:13:58.011392Z,0.96,security-team
INC052,CHG076,ci-cd cache TTL configuration change,2026-01-05T11:30:58.011392Z,0.96,ops-team
INC052,CHG077,product service config update,2026-01-10T11:16:58.011392Z,0.75,search-team
INC053,CHG078,user batch processing enhancement,2026-01-07T20:08:58.011392Z,0.67,observability-team
INC054,CHG079,cdn timeout configuration change,2026-01-06T22:43:58.011392Z,0.96,infra-team
INC054,CHG080,database storage backend migration,2026-01-08T21:59:58.011392Z,0.73,devops-team
INC055,CHG081,Batch reporting job schedule change,2026-01-12T08:14:58.011392Z,0.65,dba-team
INC056,CHG082,rabbitmq timeout configuration change,2026-01-07T05:56:58.011392Z,0.54,devops-team
INC057,CHG083,kubernetes mapping template update,2026-01-09T10:14:58.011392Z,0.53,observability-team
INC057,CHG084,ci-cd mapping template update,2026-01-04T08:34:58.011392Z,0.74,ops-team
INC058,CHG085,email threshold adjustment,2026-01-03T19:03:58.011392Z,0.77,identity-team
INC058,CHG086,read-replica storage expansion,2026-01-06T16:43:58.011392Z,0.79,dba-team
INC059,CHG087,auth storage backend migration,2026-01-12T18:45:58.011392Z,0.71,security-team
INC059,CHG088,elasticsearch cache TTL configuration change,2026-01-11T05:43:58.011392Z,0.57,security-team
INC060,CHG089,search index lifecycle policy change,2026-01-13T12:51:58.011392Z,0.5,api-team
INC060,CHG090,database service config update,2026-01-14T08:55:58.011392Z,0.52,dba-team
INC061,CHG091,fluentd timeout configuration change,2026-01-13T21:14:58.011392Z,0.96,ops-team
INC062,CHG092,Load balancer user configuration update,2026-01-03T22:55:58.011392Z,0.85,payments-team
INC063,CHG093,kubernetes routing rules update,2026-01-11T16:53:58.011392Z,0.81,ops-team
INC064,CHG094,reporting routing rules update,2026-01-08T05:41:58.011392Z,0.9,identity-team
INC065,CHG095,fulfillment feature deployment,2026-01-11T20:35:58.011392Z,0.85,devops-team
INC065,CHG096,database service config update,2026-01-04T07:05:58.011392Z,0.9,api-team
INC066,CHG097,product connection pool resize,2026-01-07T13:23:58.011392Z,0.79,dba-team
INC067,CHG098,cache routing rules update,2026-01-10T04:37:58.011392Z,0.56,dba-team
INC068,CHG099,session SDK upgrade to v5.9.4,2026-01-07T20:38:58.011392Z,0.77,dba-team
INC069,CHG100,api-gateway feature deployment,2026-01-13T00:39:58.011392Z,0.94,dba-team
INC069,CHG101,Load balancer reporting configuration update,2026-01-13T05:03:58.011392Z,0.92,payments-team
INC070,CHG102,Database schema update,2026-01-09T18:08:58.011392Z,0.8,identity-team
INC070,CHG103,fulfillment bulk import job,2026-01-10T00:52:58.011392Z,0.92,observability-team
INC071,CHG104,payment index lifecycle policy change,2026-01-04T17:17:58.011392Z,0.71,ops-team
INC072,CHG105,oauth-provider version upgrade,2026-01-13T13:40:58.011392Z,0.88,devops-team
INC073,CHG106,cache version upgrade,2026-01-11T11:03:58.011392Z,0.76,platform-team
INC074,CHG107,read-replica timeout configuration change,2026-01-14T00:01:58.011392Z,0.6,search-team
INC074,CHG108,payment connection pool resize,2026-01-04T04:50:58.011392Z,0.9,devops-team
INC075,CHG109,CI/CD pipeline image caching update,2026-01-05T12:32:58.011392Z,0.53,infra-team
INC076,CHG110,cache service config update,2026-01-13T07:46:58.011392Z,0.59,ops-team
INC076,CHG111,api-gateway rate limiting adjustment,2026-01-04T14:21:58.011392Z,0.58,search-team
INC077,CHG112,session connection pool resize,2026-01-06T10:07:58.011392Z,0.89,infra-team
INC077,CHG113,ci-cd service config update,2026-01-11T03:59:58.011392Z,0.7,infra-team
INC078,CHG114,cdn mapping template update,2026-01-04T05:51:58.011392Z,0.97,infra-team
INC078,CHG115,container-registry storage expansion,2026-01-05T05:26:58.011392Z,0.9,platform-team
INC079,CHG116,logging threshold adjustment,2026-01-10T07:06:58.011392Z,0.64,devops-team
INC080,CHG117,load-balancer bulk import job,2026-01-09T13:27:58.011392Z,0.88,ops-team
INC080,CHG118,product routing rules update,2026-01-09T10:00:58.011392Z,0.91,observability-team
INC081,CHG119,rate-limiter threshold adjustment,2026-01-12T22:25:58.011392Z,0.76,security-team
INC082,CHG120,email node pool scaling automation,2026-01-12T20:11:58.011392Z,0.55,platform-team
INC082,CHG121,payment routing rules update,2026-01-04T12:33:58.011392Z,0.46,identity-team
INC083,CHG122,rate-limiter bulk import job,2026-01-07T23:42:58.011392Z,0.8,api-team
INC083,CHG123,Load balancer checkout configuration update,2026-01-14T12:29:58.011392Z,0.52,dba-team
INC084,CHG124,ci-cd log parsing configuration update,2026-01-11T01:06:58.011392Z,0.93,payments-team
INC084,CHG125,rate-limiter SDK upgrade to v2.3.0,2026-01-13T11:41:58.011392Z,0.5,api-team
INC085,CHG126,checkout connection pool resize,2026-01-04T00:45:58.011392Z,0.65,platform-team
INC085,CHG127,notification index lifecycle policy change,2026-01-08T14:35:58.011392Z,0.87,search-team
INC086,CHG128,cdn cluster version upgrade to 5.6,2026-01-11T20:13:58.011392Z,0.79,observability-team
INC086,CHG129,reporting cluster version upgrade to 1.0,2026-01-09T12:02:58.011392Z,0.79,search-team
INC087,CHG130,order rate limiting adjustment,2026-01-03T21:20:58.011392Z,0.61,search-team
INC088,CHG131,reporting consumer prefetch configuration,2026-01-05T12:06:58.011392Z,0.48,devops-team
INC089,CHG132,fulfillment cache TTL configuration change,2026-01-08T10:59:58.011392Z,0.9,observability-team
INC089,CHG133,product SDK upgrade to v1.4.4,2026-01-10T07:31:58.011392Z,0.91,devops-team
INC090,CHG134,order node pool scaling automation,2026-01-04T08:24:58.011392Z,0.64,identity-team
INC090,CHG135,payment threshold adjustment,2026-01-12T11:49:58.011392Z,0.6,security-team
INC091,CHG136,search consumer prefetch configuration,2026-01-11T09:53:58.011392Z,0.68,devops-team
INC091,CHG137,Batch reporting job schedule change,2026-01-13T06:05:58.011392Z,0.76,payments-team
INC092,CHG138,email consumer prefetch configuration,2026-01-07T11:32:58.011392Z,0.88,search-team
INC093,CHG139,cdn template engine update,2026-01-08T14:07:58.011392Z,0.51,security-team
INC094,CHG140,session SDK upgrade to v4.2.8,2026-01-12T01:51:58.011392Z,0.56,dba-team
INC094,CHG141,reporting cluster version upgrade to 1.5,2026-01-06T21:08:58.011392Z,0.64,platform-team
INC095,CHG142,ci-cd version upgrade,2026-01-04T21:54:58.011392Z,0.92,identity-team
INC096,CHG143,read-replica compilation pipeline update,2026-01-08T03:55:58.011392Z,0.96,platform-team
INC097,CHG144,checkout cache TTL configuration change,2026-01-05T10:14:58.011392Z,0.65,dba-team
INC098,CHG145,checkout rate limiting adjustment,2026-01-12T05:08:58.011392Z,0.94,payments-team
INC098,CHG146,cache threshold adjustment,2026-01-14T17:14:58.011392Z,0.61,infra-team
INC099,CHG147,Node resource limits adjustment,2026-01-04T10:54:58.011392Z,0.61,infra-team
INC099,CHG148,auth node pool scaling automation,2026-01-10T23:02:58.011392Z,0.78,dba-team
INC100,CHG149,CI/CD pipeline image caching update,2026-01-11T05:52:58.011392Z,0.63,platform-team
INC101,CHG150,rabbitmq storage expansion,2026-01-12T02:13:58.011392Z,0.6,ops-team
INC101,CHG151,search timeout configuration change,2026-01-04T13:46:58.011392Z,0.59,security-team
INC102,CHG152,rabbitmq version upgrade,2026-01-08T22:58:58.011392Z,0.95,infra-team
INC102,CHG153,Load balancer session configuration update,2026-01-05T08:20:58.011392Z,0.85,security-team
INC103,CHG154,load-balancer service config update,2026-01-05T03:45:58.011392Z,0.62,devops-team
INC103,CHG155,Load balancer database configuration update,2026-01-05T05:50:58.011392Z,0.77,security-team
INC104,CHG156,ci-cd bulk import job,2026-01-05T06:22:58.011392Z,0.7,dba-team
INC104,CHG157,database batch processing enhancement,2026-01-04T18:05:58.011392Z,0.5,platform-team
INC105,CHG158,container-registry version upgrade,2026-01-04T13:26:58.011392Z,0.7,infra-team
INC105,CHG159,product storage expansion,2026-01-08T21:45:58.011392Z,0.75,dba-team
INC106,CHG160,rabbitmq node pool scaling automation,2026-01-07T11:57:58.011392Z,0.9,dba-team
INC107,CHG161,user rate limiting adjustment,2026-01-10T08:12:58.011392Z,0.49,platform-team
INC107,CHG162,read-replica routing rules update,2026-01-07T10:59:58.011392Z,0.91,devops-team
INC108,CHG163,reporting threshold adjustment,2026-01-11T16:36:58.011392Z,0.96,identity-team
INC108,CHG164,auth feature deployment,2026-01-10T19:16:58.011392Z,0.61,ops-team
INC109,CHG165,cache node pool scaling automation,2026-01-04T15:26:58.011392Z,0.65,dba-team
INC109,CHG166,Database schema update,2026-01-08T06:11:58.011392Z,0.83,security-team
INC110,CHG167,api-gateway client library update,2026-01-06T19:27:58.011392Z,0.54,payments-team
INC111,CHG168,Load balancer fluentd configuration update,2026-01-06T01:16:58.011392Z,0.71,ops-team
INC111,CHG169,frontend threshold adjustment,2026-01-08T00:35:58.011392Z,0.93,payments-team
INC112,CHG170,search service config update,2026-01-11T01:48:58.011392Z,0.56,api-team
INC112,CHG171,payment threshold adjustment,2026-01-08T12:39:58.011392Z,0.48,platform-team
INC113,CHG172,notification routing rules update,2026-01-08T05:32:58.011392Z,0.55,identity-team
INC113,CHG173,product consumer prefetch configuration,2026-01-07T22:52:58.011392Z,0.48,devops-team
INC114,CHG174,user threshold adjustment,2026-01-13T16:55:58.011392Z,0.53,devops-team
INC114,CHG175,auth node pool scaling automation,2026-01-14T16:41:58.011392Z,0.51,identity-team
INC115,CHG176,Node resource limits adjustment,2026-01-04T21:04:58.011392Z,0.77,observability-team
INC115,CHG177,fluentd version upgrade,2026-01-10T04:11:58.011392Z,0.48,security-team
INC116,CHG178,product storage backend migration,2026-01-03T19:52:58.011392Z,0.52,search-team
INC117,CHG179,notification template engine update,2026-01-09T09:04:58.011392Z,0.92,ops-team
INC118,CHG180,container-registry rate limiting adjustment,2026-01-08T06:22:58.011392Z,0.92,observability-team
INC119,CHG181,search timeout configuration change,2026-01-11T04:37:58.011392Z,0.76,payments-team
INC120,CHG182,product cache TTL configuration change,2026-01-04T23:58:58.011392Z,0.89,payments-team
INC120,CHG183,read-replica index lifecycle policy change,2026-01-07T11:38:58.011392Z,0.67,infra-team
INC121,CHG184,product bulk import job,2026-01-05T17:26:58.011392Z,0.49,identity-team
INC121,CHG185,container-registry timeout configuration change,2026-01-14T16:59:58.011392Z,0.71,infra-team
INC122,CHG186,logging feature deployment,2026-01-08T04:13:58.011392Z,0.72,search-team
INC123,CHG187,Node resource limits adjustment,2026-01-14T05:14:58.011392Z,0.86,dba-team
INC123,CHG188,Node resource limits adjustment,2026-01-13T10:59:58.011392Z,0.82,identity-team
INC124,CHG189,Batch reporting job schedule change,2026-01-10T10:38:58.011392Z,0.74,identity-team
INC125,CHG190,payment connection pool resize,2026-01-04T14:20:58.011392Z,0.55,ops-team
INC126,CHG191,email storage backend migration,2026-01-08T20:57:58.011392Z,0.55,infra-team
INC126,CHG192,Node resource limits adjustment,2026-01-10T08:20:58.011392Z,0.46,platform-team
INC127,CHG193,elasticsearch rate limiting adjustment,2026-01-08T09:32:58.011392Z,0.95,observability-team
INC127,CHG194,logging compilation pipeline update,2026-01-04T11:28:58.011392Z,0.8,ops-team
INC128,CHG195,rate-limiter service config update,2026-01-05T22:11:58.011392Z,0.52,infra-team
INC129,CHG196,order connection pool resize,2026-01-13T10:40:58.011392Z,0.52,search-team
INC129,CHG197,reporting timeout configuration change,2026-01-07T23:25:58.011392Z,0.54,observability-team
INC130,CHG198,payment feature deployment,2026-01-08T02:46:58.011392Z,0.56,infra-team
INC131,CHG199,search SDK upgrade to v1.4.5,2026-01-05T13:51:58.011392Z,0.7,infra-team
INC131,CHG200,oauth-provider routing rules update,2026-01-03T21:09:58.011392Z,0.51,devops-team
INC132,CHG201,fulfillment log parsing configuration update,2026-01-10T11:45:58.011392Z,0.55,ops-team
INC132,CHG202,fluentd template engine update,2026-01-09T02:52:58.011392Z,0.77,observability-team
INC133,CHG203,notification batch processing enhancement,2026-01-04T20:22:58.011392Z,0.91,api-team
INC134,CHG204,api-gateway cache TTL configuration change,2026-01-06T01:11:58.011392Z,0.74,ops-team
INC134,CHG205,session connection pool resize,2026-01-11T12:12:58.011392Z,0.69,observability-team
INC135,CHG206,cdn feature deployment,2026-01-09T07:44:58.011392Z,0.46,platform-team
INC136,CHG207,Database schema update,2026-01-13T14:14:58.011392Z,0.77,identity-team
INC137,CHG208,fulfillment client library update,2026-01-04T10:10:58.011392Z,0.74,payments-team
INC137,CHG209,rabbitmq compilation pipeline update,2026-01-13T12:39:58.011392Z,0.8,search-team
INC138,CHG210,container-registry storage expansion,2026-01-12T15:55:58.011392Z,0.59,security-team
INC139,CHG211,email template engine update,2026-01-03T22:44:58.011392Z,0.5,platform-team
INC140,CHG212,database SDK upgrade to v3.8.6,2026-01-07T08:39:58.011392Z,0.62,identity-team
INC140,CHG213,checkout batch processing enhancement,2026-01-12T13:04:58.011392Z,0.66,security-team
INC141,CHG214,frontend client library update,2026-01-08T00:30:58.011392Z,0.5,platform-team
INC141,CHG215,api-gateway template engine update,2026-01-05T04:10:58.011392Z,0.77,infra-team
INC142,CHG216,rate-limiter batch processing enhancement,2026-01-14T04:13:58.011392Z,0.55,dba-team
INC142,CHG217,Database schema update,2026-01-09T05:54:58.011392Z,0.71,infra-team
INC143,CHG218,ci-cd batch processing enhancement,2026-01-09T12:52:58.011392Z,0.47,security-team
INC144,CHG219,cdn rate limiting adjustment,2026-01-07T05:21:58.011392Z,0.72,payments-team
INC144,CHG220,cache batch processing enhancement,2026-01-08T12:43:58.011392Z,0.85,infra-team
INC145,CHG221,CI/CD pipeline image caching update,2026-01-04T23:48:58.011392Z,0.82,infra-team
INC146,CHG222,frontend service config update,2026-01-11T22:01:58.011392Z,0.47,devops-team
INC146,CHG223,user node pool scaling automation,2026-01-05T04:33:58.011392Z,0.87,security-team
INC147,CHG224,CI/CD pipeline image caching update,2026-01-05T03:26:58.011392Z,0.64,platform-team
INC147,CHG225,reporting service config update,2026-01-07T15:43:58.011392Z,0.7,payments-team
INC148,CHG226,checkout storage backend migration,2026-01-10T02:30:58.011392Z,0.91,identity-team
INC148,CHG227,rate-limiter template engine update,2026-01-06T05:10:58.011392Z,0.59,api-team
INC149,CHG228,rabbitmq storage backend migration,2026-01-07T14:25:58.011392Z,0.83,search-team
INC150,CHG229,session routing rules update,2026-01-11T20:55:58.011392Z,0.6,ops-team
INC151,CHG230,product timeout configuration change,2026-01-12T14:47:58.011392Z,0.84,identity-team
INC151,CHG231,oauth-provider template engine update,2026-01-04T12:32:58.011392Z,0.74,platform-team
INC152,CHG232,payment template engine update,2026-01-05T03:22:58.011392Z,0.53,platform-team
INC153,CHG233,Batch reporting job schedule change,2026-01-10T18:36:58.011392Z,0.45,ops-team
INC154,CHG234,fluentd storage expansion,2026-01-14T01:48:58.011392Z,0.9,identity-team
INC154,CHG235,load-balancer SDK upgrade to v3.9.1,2026-01-05T09:47:58.011392Z,0.79,api-team
INC155,CHG236,oauth-provider SDK upgrade to v1.2.5,2026-01-07T01:57:58.011392Z,0.76,api-team
INC156,CHG237,cdn rate limiting adjustment,2026-01-11T10:24:58.011392Z,0.63,api-team
INC157,CHG238,logging template engine update,2026-01-05T09:34:58.011392Z,0.47,search-team
INC157,CHG239,search SDK upgrade to v2.3.3,2026-01-03T18:38:58.011392Z,0.93,platform-team
INC158,CHG240,cdn cluster version upgrade to 5.6,2026-01-11T03:24:58.011392Z,0.92,api-team
INC159,CHG241,Load balancer api-gateway configuration update,2026-01-13T07:58:58.011392Z,0.57,infra-team
INC160,CHG242,logging rate limiting adjustment,2026-01-10T14:53:58.011392Z,0.55,identity-team
INC160,CHG243,session connection pool resize,2026-01-12T18:39:58.011392Z,0.78,observability-team
INC161,CHG244,rabbitmq storage backend migration,2026-01-09T07:06:58.011392Z,0.63,payments-team
INC161,CHG245,load-balancer routing rules update,2026-01-05T00:51:58.011392Z,0.61,payments-team
INC162,CHG246,api-gateway cluster version upgrade to 3.5,2026-01-06T11:14:58.011392Z,0.78,devops-team
INC163,CHG247,search timeout configuration change,2026-01-14T05:12:58.011392Z,0.55,observability-team
INC164,CHG248,fulfillment log parsing configuration update,2026-01-13T07:48:58.011392Z,0.96,observability-team
INC164,CHG249,search cache TTL configuration change,2026-01-08T23:33:58.011392Z,0.8,search-team
INC165,CHG250,Database schema update,2026-01-14T06:44:58.011392Z,0.45,payments-team
INC165,CHG251,session bulk import job,2026-01-13T20:46:58.011392Z,0.6,security-team
INC166,CHG252,Node resource limits adjustment,2026-01-08T08:58:58.011392Z,0.56,devops-team
INC167,CHG253,auth cluster version upgrade to 1.6,2026-01-06T10:06:58.011392Z,0.46,devops-team
INC167,CHG254,container-registry batch processing enhancement,2026-01-07T22:21:58.011392Z,0.46,devops-team
INC168,CHG255,cdn timeout configuration change,2026-01-10T03:36:58.011392Z,0.69,infra-team
INC168,CHG256,elasticsearch timeout configuration change,2026-01-08T15:46:58.011392Z,0.94,infra-team
INC169,CHG257,database mapping template update,2026-01-13T07:56:58.011392Z,0.79,ops-team
INC170,CHG258,container-registry compilation pipeline update,2026-01-12T08:11:58.011392Z,0.55,dba-team
INC170,CHG259,api-gateway index lifecycle policy change,2026-01-06T10:05:58.011392Z,0.85,payments-team
INC171,CHG260,order index lifecycle policy change,2026-01-14T08:08:58.011392Z,0.9,platform-team
INC172,CHG261,Batch reporting job schedule change,2026-01-13T06:30:58.011392Z,0.6,security-team
INC173,CHG262,Batch reporting job schedule change,2026-01-05T11:48:58.011392Z,0.51,dba-team
INC173,CHG263,CI/CD pipeline image caching update,2026-01-11T05:53:58.011392Z,0.94,api-team
INC174,CHG264,CI/CD pipeline image caching update,2026-01-04T01:00:58.011392Z,0.6,observability-team
INC174,CHG265,fluentd cluster version upgrade to 2.6,2026-01-10T11:22:58.011392Z,0.55,ops-team
INC175,CHG266,oauth-provider client library update,2026-01-05T04:15:58.011392Z,0.49,platform-team
INC176,CHG267,cdn storage expansion,2026-01-13T00:05:58.011392Z,0.91,devops-team
INC177,CHG268,CI/CD pipeline image caching update,2026-01-09T08:59:58.011392Z,0.76,observability-team
INC178,CHG269,user index lifecycle policy change,2026-01-06T20:18:58.011392Z,0.82,platform-team
INC178,CHG270,email log parsing configuration update,2026-01-04T23:29:58.011392Z,0.52,payments-team
INC179,CHG271,Database schema update,2026-01-13T23:23:58.011392Z,0.57,payments-team
INC180,CHG272,rabbitmq feature deployment,2026-01-13T14:35:58.011392Z,0.96,ops-team
INC180,CHG273,oauth-provider service config update,2026-01-04T00:41:58.011392Z,0.64,devops-team
INC181,CHG274,Load balancer email configuration update,2026-01-14T05:30:58.011392Z,0.5,payments-team
INC182,CHG275,Load balancer container-registry configuration update,2026-01-11T02:00:58.011392Z,0.88,devops-team
INC183,CHG276,Batch reporting job schedule change,2026-01-06T09:01:58.011392Z,0.97,identity-team
INC183,CHG277,oauth-provider mapping template update,2026-01-09T19:06:58.011392Z,0.74,observability-team
INC184,CHG278,payment template engine update,2026-01-08T21:45:58.011392Z,0.58,api-team
INC184,CHG279,rate-limiter node pool scaling automation,2026-01-11T02:38:58.011392Z,0.46,observability-team
INC185,CHG280,load-balancer timeout configuration change,2026-01-05T04:09:58.011392Z,0.8,search-team
INC185,CHG281,reporting routing rules update,2026-01-13T22:03:58.011392Z,0.71,infra-team
INC186,CHG282,user timeout configuration change,2026-01-04T20:39:58.011392Z,0.46,infra-team
INC186,CHG283,Database schema update,2026-01-12T02:41:58.011392Z,0.93,infra-team
INC187,CHG284,order storage expansion,2026-01-11T22:14:58.011392Z,0.96,dba-team
INC188,CHG285,frontend storage expansion,2026-01-14T04:26:58.011392Z,0.97,payments-team
INC188,CHG286,cache log parsing configuration update,2026-01-08T03:41:58.011392Z,0.89,security-team
INC189,CHG287,order cache TTL configuration change,2026-01-12T14:26:58.011392Z,0.52,security-team
INC190,CHG288,cache feature deployment,2026-01-14T07:03:58.011392Z,0.56,payments-team
INC190,CHG289,frontend consumer prefetch configuration,2026-01-12T17:59:58.011392Z,0.85,identity-team
INC191,CHG290,container-registry feature deployment,2026-01-07T10:32:58.011392Z,0.55,devops-team
INC192,CHG291,CI/CD pipeline image caching update,2026-01-09T10:11:58.011392Z,0.8,platform-team
INC193,CHG292,email service config update,2026-01-06T08:20:58.011392Z,0.83,search-team
INC194,CHG293,fluentd SDK upgrade to v3.2.5,2026-01-12T00:59:58.011392Z,0.63,api-team
INC194,CHG294,frontend index lifecycle policy change,2026-01-11T21:17:58.011392Z,0.51,devops-team
INC195,CHG295,logging index lifecycle policy change,2026-01-12T03:17:58.011392Z,0.7,ops-team
INC195,CHG296,notification threshold adjustment,2026-01-04T20:22:58.011392Z,0.54,identity-team
INC196,CHG297,read-replica cluster version upgrade to 3.1,2026-01-12T05:59:58.011392Z,0.49,api-team
INC197,CHG298,user threshold adjustment,2026-01-03T22:38:58.011392Z,0.85,devops-team
INC198,CHG299,Load balancer search configuration update,2026-01-06T11:03:58.011392Z,0.46,devops-team
INC198,CHG300,cache index lifecycle policy change,2026-01-06T16:41:58.011392Z,0.63,api-team
INC199,CHG301,api-gateway index lifecycle policy change,2026-01-09T19:35:58.011392Z,0.69,platform-team
INC200,CHG302,rabbitmq rate limiting adjustment,2026-01-14T12:01:58.011392Z,0.59,security-team
INC200,CHG303,read-replica cache TTL configuration change,2026-01-05T13:38:58.011392Z,0.89,search-team
INC201,CHG304,Node resource limits adjustment,2026-01-11T16:23:58.011392Z,0.68,api-team
INC202,CHG305,api-gateway connection pool resize,2026-01-06T19:06:58.011392Z,0.74,platform-team
INC203,CHG306,checkout client library update,2026-01-05T16:45:58.011392Z,0.89,payments-team
INC204,CHG307,Node resource limits adjustment,2026-01-13T21:19:58.011392Z,0.83,infra-team
INC205,CHG308,Database schema update,2026-01-08T03:45:58.011392Z,0.65,ops-team
INC206,CHG309,container-registry rate limiting adjustment,2026-01-09T12:52:58.011392Z,0.56,infra-team
INC206,CHG310,load-balancer storage expansion,2026-01-13T08:52:58.011392Z,0.72,search-team
INC207,CHG311,Load balancer cache configuration update,2026-01-07T22:05:58.011392Z,0.64,platform-team
INC208,CHG312,container-registry batch processing enhancement,2026-01-11T07:20:58.011392Z,0.65,search-team
INC209,CHG313,Database schema update,2026-01-10T17:25:58.011392Z,0.51,search-team
INC209,CHG314,elasticsearch consumer prefetch configuration,2026-01-10T04:16:58.011392Z,0.81,dba-team
INC210,CHG315,container-registry index lifecycle policy change,2026-01-10T22:59:58.011392Z,0.61,devops-team
INC211,CHG316,order client library update,2026-01-10T13:34:58.011392Z,0.57,search-team
INC212,CHG317,cache node pool scaling automation,2026-01-10T23:20:58.011392Z,0.93,infra-team
INC212,CHG318,logging compilation pipeline update,2026-01-07T12:52:58.011392Z,0.89,search-team
INC213,CHG319,auth timeout configuration change,2026-01-04T15:43:58.011392Z,0.75,api-team
INC213,CHG320,Node resource limits adjustment,2026-01-05T10:13:58.011392Z,0.81,devops-team
INC214,CHG321,fulfillment version upgrade,2026-01-04T17:17:58.011392Z,0.65,search-team
INC215,CHG322,Load balancer load-balancer configuration update,2026-01-12T06:16:58.011392Z,0.74,identity-team
INC215,CHG323,load-balancer batch processing enhancement,2026-01-13T20:17:58.011392Z,0.87,devops-team
INC216,CHG324,logging service config update,2026-01-06T07:46:58.011392Z,0.65,security-team
INC216,CHG325,cdn connection pool resize,2026-01-09T06:50:58.011392Z,0.67,observability-team
INC217,CHG326,oauth-provider cluster version upgrade to 1.1,2026-01-05T20:25:58.011392Z,0.71,observability-team
INC218,CHG327,fluentd client library update,2026-01-13T01:14:58.011392Z,0.64,ops-team
INC219,CHG328,container-registry compilation pipeline update,2026-01-06T06:12:58.011392Z,0.9,ops-team
INC219,CHG329,product timeout configuration change,2026-01-08T19:11:58.011392Z,0.82,devops-team
INC220,CHG330,product batch processing enhancement,2026-01-11T20:19:58.011392Z,0.72,devops-team
INC221,CHG331,frontend client library update,2026-01-08T00:43:58.011392Z,0.95,identity-team
INC222,CHG332,fulfillment storage expansion,2026-01-06T23:18:58.011392Z,0.9,payments-team
INC223,CHG333,fluentd version upgrade,2026-01-12T13:18:58.011392Z,0.56,payments-team
INC224,CHG334,auth node pool scaling automation,2026-01-10T06:01:58.011392Z,0.61,dba-team
INC225,CHG335,session SDK upgrade to v1.5.6,2026-01-09T17:26:58.011392Z,0.53,observability-team
INC226,CHG336,reporting cache TTL configuration change,2026-01-04T13:46:58.011392Z,0.77,search-team
INC226,CHG337,ci-cd timeout configuration change,2026-01-04T02:51:58.011392Z,0.55,payments-team
INC227,CHG338,fulfillment log parsing configuration update,2026-01-07T10:52:58.011392Z,0.91,observability-team
INC228,CHG339,payment mapping template update,2026-01-05T08:10:58.011392Z,0.55,infra-team
INC229,CHG340,database consumer prefetch configuration,2026-01-09T00:04:58.011392Z,0.66,api-team
INC229,CHG341,rabbitmq consumer prefetch configuration,2026-01-12T21:48:58.011392Z,0.89,payments-team
INC230,CHG342,reporting rate limiting adjustment,2026-01-06T02:46:58.011392Z,0.88,platform-team
INC230,CHG343,oauth-provider index lifecycle policy change,2026-01-04T12:17:58.011392Z,0.96,identity-team
INC231,CHG344,user cluster version upgrade to 3.6,2026-01-08T04:19:58.011392Z,0.88,identity-team
INC231,CHG345,reporting version upgrade,2026-01-11T11:03:58.011392Z,0.82,ops-team
INC232,CHG346,email SDK upgrade to v5.1.9,2026-01-07T10:55:58.011392Z,0.48,infra-team
INC233,CHG347,fluentd threshold adjustment,2026-01-03T21:41:58.011392Z,0.59,security-team
INC233,CHG348,Batch reporting job schedule change,2026-01-14T12:20:58.011392Z,0.61,ops-team
INC234,CHG349,ci-cd rate limiting adjustment,2026-01-08T06:37:58.011392Z,0.61,devops-team
INC235,CHG350,elasticsearch consumer prefetch configuration,2026-01-06T00:52:58.011392Z,0.79,identity-team
INC235,CHG351,email compilation pipeline update,2026-01-14T12:26:58.011392Z,0.58,security-team
INC236,CHG352,session log parsing configuration update,2026-01-08T02:14:58.011392Z,0.54,security-team
INC236,CHG353,elasticsearch version upgrade,2026-01-08T13:50:58.011392Z,0.74,identity-team
INC237,CHG354,oauth-provider compilation pipeline update,2026-01-12T19:02:58.011392Z,0.77,ops-team
INC238,CHG355,oauth-provider mapping template update,2026-01-04T14:02:58.011392Z,0.64,observability-team
INC238,CHG356,logging version upgrade,2026-01-10T17:36:58.011392Z,0.62,dba-team
INC239,CHG357,api-gateway timeout configuration change,2026-01-06T10:27:58.011392Z,0.63,identity-team
INC239,CHG358,kubernetes log parsing configuration update,2026-01-03T19:17:58.011392Z,0.48,infra-team
INC240,CHG359,Node resource limits adjustment,2026-01-07T20:48:58.011392Z,0.67,devops-team
INC240,CHG360,load-balancer threshold adjustment,2026-01-09T17:54:58.011392Z,0.92,devops-team
INC241,CHG361,frontend connection pool resize,2026-01-05T21:54:58.011392Z,0.62,dba-team
INC241,CHG362,checkout storage expansion,2026-01-04T04:38:58.011392Z,0.69,api-team
INC242,CHG363,CI/CD pipeline image caching update,2026-01-07T14:56:58.011392Z,0.82,infra-team
INC243,CHG364,oauth-provider consumer prefetch configuration,2026-01-06T17:43:58.011392Z,0.72,identity-team
INC244,CHG365,logging threshold adjustment,2026-01-11T05:52:58.011392Z,0.71,identity-team
INC245,CHG366,cdn mapping template update,2026-01-06T02:33:58.011392Z,0.95,observability-team
INC245,CHG367,Node resource limits adjustment,2026-01-12T03:35:58.011392Z,0.67,api-team
INC246,CHG368,oauth-provider compilation pipeline update,2026-01-10T05:59:58.011392Z,0.63,search-team
INC247,CHG369,product rate limiting adjustment,2026-01-05T17:03:58.011392Z,0.54,platform-team
INC247,CHG370,oauth-provider timeout configuration change,2026-01-10T12:09:58.011392Z,0.52,observability-team
INC248,CHG371,cdn version upgrade,2026-01-14T10:57:58.011392Z,0.96,payments-team
INC248,CHG372,search batch processing enhancement,2026-01-11T09:59:58.011392Z,0.65,devops-team
INC249,CHG373,api-gateway feature deployment,2026-01-11T15:57:58.011392Z,0.68,platform-team
INC249,CHG374,frontend cache TTL configuration change,2026-01-14T17:30:58.011392Z,0.95,dba-team
INC250,CHG375,api-gateway batch processing enhancement,2026-01-06T09:57:58.011392Z,0.9,dba-team
INC251,CHG376,kubernetes service config update,2026-01-12T15:50:58.011392Z,0.68,devops-team
INC251,CHG377,rate-limiter storage backend migration,2026-01-09T16:10:58.011392Z,0.47,search-team
INC252,CHG378,reporting compilation pipeline update,2026-01-05T20:51:58.011392Z,0.56,search-team
INC252,CHG379,frontend log parsing configuration update,2026-01-10T05:15:58.011392Z,0.51,ops-team
INC253,CHG380,payment version upgrade,2026-01-14T02:11:58.011392Z,0.72,identity-team
INC254,CHG381,Batch reporting job schedule change,2026-01-04T12:13:58.011392Z,0.88,identity-team
INC254,CHG382,ci-cd bulk import job,2026-01-05T14:42:58.011392Z,0.68,api-team
INC255,CHG383,user index lifecycle policy change,2026-01-09T12:41:58.011392Z,0.77,ops-team
INC255,CHG384,user cache TTL configuration change,2026-01-05T23:50:58.011392Z,0.61,security-team
INC256,CHG385,cdn node pool scaling automation,2026-01-14T18:04:58.011392Z,0.64,platform-team
INC257,CHG386,oauth-provider rate limiting adjustment,2026-01-10T11:41:58.011392Z,0.52,security-team
INC257,CHG387,checkout threshold adjustment,2026-01-05T01:07:58.011392Z,0.49,api-team
INC258,CHG388,payment service config update,2026-01-11T19:28:58.011392Z,0.82,infra-team
INC259,CHG389,ci-cd cache TTL configuration change,2026-01-11T15:57:58.011392Z,0.58,payments-team
INC259,CHG390,container-registry consumer prefetch configuration,2026-01-06T02:22:58.011392Z,0.77,infra-team
INC260,CHG391,ci-cd timeout configuration change,2026-01-10T07:03:58.011392Z,0.87,api-team
INC261,CHG392,Batch reporting job schedule change,2026-01-12T01:48:58.011392Z,0.76,search-team
INC261,CHG393,auth feature deployment,2026-01-13T11:18:58.011392Z,0.84,dba-team
INC262,CHG394,rabbitmq timeout configuration change,2026-01-08T04:53:58.011392Z,0.52,search-team
INC263,CHG395,notification feature deployment,2026-01-08T03:51:58.011392Z,0.89,dba-team
INC264,CHG396,rabbitmq connection pool resize,2026-01-12T19:50:58.011392Z,0.66,payments-team
INC264,CHG397,auth threshold adjustment,2026-01-12T00:29:58.011392Z,0.87,infra-team
INC265,CHG398,frontend routing rules update,2026-01-12T12:25:58.011392Z,0.74,platform-team
INC266,CHG399,cache template engine update,2026-01-06T20:35:58.011392Z,0.83,dba-team
INC266,CHG400,cache consumer prefetch configuration,2026-01-06T08:45:58.011392Z,0.75,dba-team
INC267,CHG401,read-replica storage expansion,2026-01-05T19:37:58.011392Z,0.95,devops-team
INC268,CHG402,container-registry cluster version upgrade to 1.2,2026-01-08T20:39:58.011392Z,0.65,dba-team
INC269,CHG403,search service config update,2026-01-14T04:36:58.011392Z,0.97,devops-team
INC269,CHG404,auth compilation pipeline update,2026-01-11T09:49:58.011392Z,0.49,api-team
INC270,CHG405,user log parsing configuration update,2026-01-09T18:56:58.011392Z,0.58,observability-team
INC271,CHG406,elasticsearch client library update,2026-01-10T08:42:58.011392Z,0.91,search-team
INC271,CHG407,Node resource limits adjustment,2026-01-10T03:06:58.011392Z,0.56,api-team
INC272,CHG408,rate-limiter threshold adjustment,2026-01-07T12:25:58.011392Z,0.8,security-team
INC273,CHG409,cache index lifecycle policy change,2026-01-11T01:29:58.011392Z,0.84,identity-team
INC273,CHG410,search rate limiting adjustment,2026-01-13T08:22:58.011392Z,0.84,platform-team
INC274,CHG411,Batch reporting job schedule change,2026-01-13T08:00:58.011392Z,0.53,devops-team
INC274,CHG412,notification node pool scaling automation,2026-01-06T05:49:58.011392Z,0.94,platform-team
INC275,CHG413,CI/CD pipeline image caching update,2026-01-13T00:10:58.011392Z,0.56,ops-team
INC276,CHG414,order rate limiting adjustment,2026-01-09T08:27:58.011392Z,0.79,dba-team
INC276,CHG415,user cache TTL configuration change,2026-01-14T18:12:58.011392Z,0.79,api-team
INC277,CHG416,load-balancer threshold adjustment,2026-01-08T18:18:58.011392Z,0.94,infra-team
INC278,CHG417,fulfillment feature deployment,2026-01-06T21:49:58.011392Z,0.87,identity-team
INC278,CHG418,frontend storage backend migration,2026-01-05T15:28:58.011392Z,0.52,api-team
INC279,CHG419,rate-limiter mapping template update,2026-01-10T02:02:58.011392Z,0.94,security-team
INC280,CHG420,session client library update,2026-01-04T19:17:58.011392Z,0.75,api-team
INC280,CHG421,kubernetes batch processing enhancement,2026-01-12T16:56:58.011392Z,0.52,search-team
INC281,CHG422,checkout consumer prefetch configuration,2026-01-06T10:06:58.011392Z,0.49,platform-team
INC282,CHG423,session mapping template update,2026-01-06T02:01:58.011392Z,0.86,search-team
INC283,CHG424,read-replica routing rules update,2026-01-07T07:52:58.011392Z,0.94,security-team
INC284,CHG425,database storage expansion,2026-01-09T13:11:58.011392Z,0.77,identity-team
INC284,CHG426,CI/CD pipeline image caching update,2026-01-14T14:33:58.011392Z,0.74,ops-team
INC285,CHG427,container-registry consumer prefetch configuration,2026-01-09T07:35:58.011392Z,0.55,security-team
INC285,CHG428,rate-limiter cluster version upgrade to 1.2,2026-01-04T22:22:58.011392Z,0.94,platform-team
INC286,CHG429,Database schema update,2026-01-13T19:26:58.011392Z,0.47,search-team
INC286,CHG430,payment routing rules update,2026-01-09T01:34:58.011392Z,0.84,payments-team
INC287,CHG431,rabbitmq rate limiting adjustment,2026-01-09T19:59:58.011392Z,0.75,api-team
INC288,CHG432,Node resource limits adjustment,2026-01-10T06:30:58.011392Z,0.89,dba-team
INC289,CHG433,kubernetes threshold adjustment,2026-01-11T11:37:58.011392Z,0.59,devops-team
INC290,CHG434,product threshold adjustment,2026-01-05T09:38:58.011392Z,0.75,devops-team
INC290,CHG435,cdn index lifecycle policy change,2026-01-10T10:59:58.011392Z,0.78,dba-team
INC291,CHG436,fluentd cache TTL configuration change,2026-01-11T00:33:58.011392Z,0.67,api-team
INC291,CHG437,Load balancer load-balancer configuration update,2026-01-08T04:26:58.011392Z,0.65,payments-team
INC292,CHG438,elasticsearch timeout configuration change,2026-01-06T03:24:58.011392Z,0.5,identity-team
INC293,CHG439,Batch reporting job schedule change,2026-01-08T15:13:58.011392Z,0.61,dba-team
INC293,CHG440,Node resource limits adjustment,2026-01-10T11:52:58.011392Z,0.65,devops-team
INC294,CHG441,container-registry log parsing configuration update,2026-01-05T02:36:58.011392Z,0.82,search-team
INC294,CHG442,Node resource limits adjustment,2026-01-03T18:26:58.011392Z,0.94,platform-team
INC295,CHG443,fluentd threshold adjustment,2026-01-08T00:54:58.011392Z,0.72,dba-team
INC296,CHG444,CI/CD pipeline image caching update,2026-01-04T19:14:58.011392Z,0.7,infra-team
INC296,CHG445,rate-limiter client library update,2026-01-06T05:20:58.011392Z,0.83,search-team
INC297,CHG446,Load balancer database configuration update,2026-01-07T17:41:58.011392Z,0.59,infra-team
INC298,CHG447,search SDK upgrade to v3.1.7,2026-01-11T06:49:58.011392Z,0.69,identity-team
INC299,CHG448,frontend threshold adjustment,2026-01-03T19:22:58.011392Z,0.63,devops-team
INC299,CHG449,kubernetes version upgrade,2026-01-06T15:12:58.011392Z,0.59,ops-team
INC300,CHG450,Batch reporting job schedule change,2026-01-07T14:39:58.011392Z,0.95,platform-team
INC301,CHG451,Node resource limits adjustment,2026-01-03T22:51:58.011392Z,0.95,observability-team
INC302,CHG452,Load balancer api-gateway configuration update,2026-01-14T10:29:58.011392Z,0.79,search-team
INC302,CHG453,database client library update,2026-01-11T04:32:58.011392Z,0.94,payments-team
INC303,CHG454,read-replica SDK upgrade to v2.8.2,2026-01-07T09:29:58.011392Z,0.8,dba-team
INC304,CHG455,cache node pool scaling automation,2026-01-03T22:08:58.011392Z,0.55,api-team
INC304,CHG456,api-gateway rate limiting adjustment,2026-01-14T04:20:58.011392Z,0.51,identity-team
INC305,CHG457,fulfillment template engine update,2026-01-08T04:55:58.011392Z,0.47,api-team
INC305,CHG458,kubernetes compilation pipeline update,2026-01-11T15:28:58.011392Z,0.48,api-team
INC306,CHG459,notification connection pool resize,2026-01-08T18:18:58.011392Z,0.74,devops-team
INC306,CHG460,checkout version upgrade,2026-01-05T14:28:58.011392Z,0.73,payments-team
INC307,CHG461,container-registry template engine update,2026-01-10T18:04:58.011392Z,0.76,security-team
INC307,CHG462,Batch reporting job schedule change,2026-01-04T08:10:58.011392Z,0.46,api-team
INC308,CHG463,frontend client library update,2026-01-13T05:50:58.011392Z,0.66,platform-team
INC309,CHG464,load-balancer version upgrade,2026-01-12T23:21:58.011392Z,0.5,payments-team
INC310,CHG465,search compilation pipeline update,2026-01-07T06:01:58.011392Z,0.87,dba-team
INC311,CHG466,database storage expansion,2026-01-10T00:33:58.011392Z,0.95,payments-team
INC312,CHG467,container-registry client library update,2026-01-05T11:09:58.011392Z,0.66,identity-team
INC313,CHG468,container-registry cluster version upgrade to 4.8,2026-01-07T03:23:58.011392Z,0.61,devops-team
INC313,CHG469,rate-limiter node pool scaling automation,2026-01-14T15:36:58.011392Z,0.54,api-team
INC314,CHG470,load-balancer index lifecycle policy change,2026-01-09T04:59:58.011392Z,0.85,payments-team
INC314,CHG471,auth service config update,2026-01-04T16:10:58.011392Z,0.82,observability-team
INC315,CHG472,cdn connection pool resize,2026-01-12T22:12:58.011392Z,0.9,identity-team
INC315,CHG473,read-replica service config update,2026-01-08T12:24:58.011392Z,0.73,platform-team
INC316,CHG474,Batch reporting job schedule change,2026-01-06T09:12:58.011392Z,0.96,observability-team
INC317,CHG475,rate-limiter routing rules update,2026-01-07T19:57:58.011392Z,0.75,ops-team
INC317,CHG476,container-registry consumer prefetch configuration,2026-01-05T11:31:58.011392Z,0.65,identity-team
INC318,CHG477,database version upgrade,2026-01-04T01:44:58.011392Z,0.47,payments-team
INC318,CHG478,database service config update,2026-01-11T03:46:58.011392Z,0.69,identity-team
INC319,CHG479,database SDK upgrade to v5.1.8,2026-01-08T14:59:58.011392Z,0.45,identity-team
INC319,CHG480,user index lifecycle policy change,2026-01-07T01:29:58.011392Z,0.88,ops-team
INC320,CHG481,CI/CD pipeline image caching update,2026-01-05T03:18:58.011392Z,0.73,api-team
INC321,CHG482,auth node pool scaling automation,2026-01-14T12:36:58.011392Z,0.51,infra-team
INC322,CHG483,payment storage expansion,2026-01-08T03:41:58.011392Z,0.79,payments-team
INC323,CHG484,Node resource limits adjustment,2026-01-09T06:30:58.011392Z,0.72,devops-team
INC323,CHG485,CI/CD pipeline image caching update,2026-01-08T08:01:58.011392Z,0.75,identity-team
INC324,CHG486,fluentd connection pool resize,2026-01-10T05:05:58.011392Z,0.85,payments-team
INC325,CHG487,user compilation pipeline update,2026-01-12T09:13:58.011392Z,0.97,security-team
INC325,CHG488,fulfillment SDK upgrade to v2.9.0,2026-01-12T01:40:58.011392Z,0.94,identity-team
INC326,CHG489,elasticsearch threshold adjustment,2026-01-05T12:56:58.011392Z,0.73,devops-team
INC327,CHG490,api-gateway rate limiting adjustment,2026-01-10T16:05:58.011392Z,0.75,devops-team
INC327,CHG491,elasticsearch mapping template update,2026-01-11T09:09:58.011392Z,0.46,infra-team
INC328,CHG492,rate-limiter storage backend migration,2026-01-08T12:12:58.011392Z,0.67,dba-team
INC328,CHG493,fulfillment threshold adjustment,2026-01-13T08:57:58.011392Z,0.68,api-team
INC329,CHG494,ci-cd storage backend migration,2026-01-11T04:28:58.011392Z,0.83,platform-team
INC330,CHG495,payment client library update,2026-01-07T02:02:58.011392Z,0.57,observability-team
INC330,CHG496,logging cache TTL configuration change,2026-01-10T10:01:58.011392Z,0.71,ops-team
INC331,CHG497,user cache TTL configuration change,2026-01-09T03:19:58.011392Z,0.66,api-team
INC331,CHG498,CI/CD pipeline image caching update,2026-01-08T22:31:58.011392Z,0.96,ops-team
INC332,CHG499,api-gateway timeout configuration change,2026-01-14T04:58:58.011392Z,0.87,identity-team
INC333,CHG500,container-registry index lifecycle policy change,2026-01-06T17:15:58.011392Z,0.8,payments-team
INC334,CHG501,ci-cd storage expansion,2026-01-10T14:14:58.011392Z,0.56,devops-team
INC335,CHG502,load-balancer compilation pipeline update,2026-01-13T17:30:58.011392Z,0.88,payments-team
INC336,CHG503,payment bulk import job,2026-01-08T02:15:58.011392Z,0.61,ops-team
INC337,CHG504,load-balancer storage expansion,2026-01-04T15:00:58.011392Z,0.96,devops-team
INC338,CHG505,elasticsearch rate limiting adjustment,2026-01-05T16:54:58.011392Z,0.84,observability-team
INC338,CHG506,session template engine update,2026-01-13T06:41:58.011392Z,0.58,search-team
INC339,CHG507,load-balancer connection pool resize,2026-01-05T08:25:58.011392Z,0.52,security-team
INC339,CHG508,logging storage backend migration,2026-01-07T18:58:58.011392Z,0.77,identity-team
INC340,CHG509,ci-cd rate limiting adjustment,2026-01-06T23:20:58.011392Z,0.5,observability-team
INC341,CHG510,oauth-provider bulk import job,2026-01-05T10:55:58.011392Z,0.51,identity-team
INC341,CHG511,auth SDK upgrade to v3.5.9,2026-01-13T13:36:58.011392Z,0.82,platform-team
INC342,CHG512,rate-limiter compilation pipeline update,2026-01-12T15:27:58.011392Z,0.53,api-team
INC343,CHG513,Load balancer order configuration update,2026-01-04T04:28:58.011392Z,0.55,payments-team
INC344,CHG514,order mapping template update,2026-01-07T20:56:58.011392Z,0.92,security-team
INC344,CHG515,api-gateway node pool scaling automation,2026-01-09T03:46:58.011392Z,0.49,payments-team
INC345,CHG516,Load balancer kubernetes configuration update,2026-01-12T20:52:58.011392Z,0.86,dba-team
INC346,CHG517,CI/CD pipeline image caching update,2026-01-12T20:48:58.011392Z,0.79,security-team
INC346,CHG518,notification mapping template update,2026-01-07T01:58:58.011392Z,0.66,search-team
INC347,CHG519,cdn client library update,2026-01-11T03:42:58.011392Z,0.56,identity-team
INC347,CHG520,rate-limiter template engine update,2026-01-12T20:52:58.011392Z,0.64,payments-team
INC348,CHG521,oauth-provider node pool scaling automation,2026-01-13T08:20:58.011392Z,0.87,security-team
INC348,CHG522,ci-cd log parsing configuration update,2026-01-13T22:18:58.011392Z,0.89,identity-team
INC349,CHG523,session version upgrade,2026-01-08T12:25:58.011392Z,0.68,payments-team
INC349,CHG524,rabbitmq log parsing configuration update,2026-01-08T19:02:58.011392Z,0.46,platform-team
INC350,CHG525,product batch processing enhancement,2026-01-04T06:39:58.011392Z,0.76,infra-team
INC350,CHG526,Batch reporting job schedule change,2026-01-08T15:12:58.011392Z,0.66,observability-team
INC351,CHG527,notification log parsing configuration update,2026-01-03T19:45:58.011392Z,0.77,dba-team
INC352,CHG528,checkout routing rules update,2026-01-12T03:14:58.011392Z,0.7,api-team
INC353,CHG529,CI/CD pipeline image caching update,2026-01-13T11:32:58.011392Z,0.75,payments-team
INC354,CHG530,auth feature deployment,2026-01-05T07:20:58.011392Z,0.56,devops-team
INC355,CHG531,email consumer prefetch configuration,2026-01-13T01:34:58.011392Z,0.9,observability-team
INC356,CHG532,database connection pool resize,2026-01-06T16:44:58.011392Z,0.96,api-team
INC356,CHG533,CI/CD pipeline image caching update,2026-01-04T22:58:58.011392Z,0.85,payments-team
INC357,CHG534,Database schema update,2026-01-04T07:37:58.011392Z,0.9,observability-team
INC358,CHG535,notification client library update,2026-01-08T21:52:58.011392Z,0.71,ops-team
INC359,CHG536,oauth-provider compilation pipeline update,2026-01-09T18:57:58.011392Z,0.77,infra-team
INC360,CHG537,database SDK upgrade to v2.9.2,2026-01-07T02:11:58.011392Z,0.62,search-team
INC361,CHG538,Load balancer elasticsearch configuration update,2026-01-05T05:41:58.011392Z,0.63,dba-team
INC362,CHG539,logging storage backend migration,2026-01-08T06:10:58.011392Z,0.88,search-team
INC363,CHG540,cache log parsing configuration update,2026-01-05T03:16:58.011392Z,0.68,ops-team
INC364,CHG541,logging version upgrade,2026-01-12T16:05:58.011392Z,0.73,devops-team
INC364,CHG542,reporting version upgrade,2026-01-10T11:36:58.011392Z,0.87,platform-team
INC365,CHG543,notification mapping template update,2026-01-10T18:39:58.011392Z,0.72,devops-team
INC366,CHG544,kubernetes feature deployment,2026-01-06T01:23:58.011392Z,0.52,devops-team
INC366,CHG545,cache timeout configuration change,2026-01-11T12:12:58.011392Z,0.56,dba-team
INC367,CHG546,search template engine update,2026-01-08T23:25:58.011392Z,0.72,search-team
INC368,CHG547,reporting threshold adjustment,2026-01-12T18:43:58.011392Z,0.58,payments-team
INC368,CHG548,Node resource limits adjustment,2026-01-05T08:53:58.011392Z,0.61,search-team
INC369,CHG549,api-gateway node pool scaling automation,2026-01-13T04:08:58.011392Z,0.83,devops-team
INC369,CHG550,fluentd mapping template update,2026-01-07T00:03:58.011392Z,0.58,infra-team
INC370,CHG551,session node pool scaling automation,2026-01-08T17:49:58.011392Z,0.51,devops-team
INC371,CHG552,auth cluster version upgrade to 5.9,2026-01-11T05:25:58.011392Z,0.87,search-team
INC371,CHG553,payment compilation pipeline update,2026-01-14T08:27:58.011392Z,0.92,search-team
INC372,CHG554,product template engine update,2026-01-05T23:27:58.011392Z,0.61,devops-team
INC372,CHG555,load-balancer consumer prefetch configuration,2026-01-08T14:21:58.011392Z,0.6,security-team
INC373,CHG556,session template engine update,2026-01-06T07:33:58.011392Z,0.63,dba-team
INC373,CHG557,kubernetes client library update,2026-01-10T11:34:58.011392Z,0.83,identity-team
INC374,CHG558,checkout client library update,2026-01-04T13:58:58.011392Z,0.72,infra-team
INC375,CHG559,user template engine update,2026-01-06T14:33:58.011392Z,0.45,observability-team
INC376,CHG560,payment log parsing configuration update,2026-01-11T12:31:58.011392Z,0.56,devops-team
INC376,CHG561,CI/CD pipeline image caching update,2026-01-06T10:21:58.011392Z,0.85,devops-team
INC377,CHG562,kubernetes storage expansion,2026-01-08T20:27:58.011392Z,0.46,infra-team
INC378,CHG563,database template engine update,2026-01-09T09:02:58.011392Z,0.96,api-team
INC379,CHG564,rate-limiter cluster version upgrade to 5.4,2026-01-06T08:16:58.011392Z,0.47,dba-team
INC380,CHG565,checkout threshold adjustment,2026-01-04T14:55:58.011392Z,0.7,observability-team
INC381,CHG566,Database schema update,2026-01-07T10:15:58.011392Z,0.73,search-team
INC382,CHG567,rate-limiter SDK upgrade to v3.0.6,2026-01-12T04:35:58.011392Z,0.6,security-team
INC382,CHG568,Database schema update,2026-01-12T11:23:58.011392Z,0.97,platform-team
INC383,CHG569,rabbitmq threshold adjustment,2026-01-08T21:48:58.011392Z,0.49,security-team
INC383,CHG570,payment template engine update,2026-01-03T19:02:58.011392Z,0.75,observability-team
INC384,CHG571,session storage backend migration,2026-01-05T08:33:58.011392Z,0.64,dba-team
INC384,CHG572,user storage expansion,2026-01-12T17:57:58.011392Z,0.58,devops-team
INC385,CHG573,product storage backend migration,2026-01-06T05:04:58.011392Z,0.75,ops-team
INC386,CHG574,fluentd client library update,2026-01-06T13:25:58.011392Z,0.81,platform-team
INC386,CHG575,reporting cache TTL configuration change,2026-01-09T04:08:58.011392Z,0.9,api-team
INC387,CHG576,fulfillment consumer prefetch configuration,2026-01-05T12:45:58.011392Z,0.68,payments-team
INC387,CHG577,container-registry routing rules update,2026-01-10T21:04:58.011392Z,0.87,identity-team
INC388,CHG578,Load balancer product configuration update,2026-01-07T06:05:58.011392Z,0.53,security-team
INC389,CHG579,notification template engine update,2026-01-13T20:49:58.011392Z,0.62,platform-team
INC389,CHG580,CI/CD pipeline image caching update,2026-01-12T14:53:58.011392Z,0.67,dba-team
INC390,CHG581,container-registry consumer prefetch configuration,2026-01-10T19:50:58.011392Z,0.51,ops-team
INC391,CHG582,Node resource limits adjustment,2026-01-05T21:33:58.011392Z,0.89,observability-team
INC391,CHG583,read-replica storage backend migration,2026-01-13T03:04:58.011392Z,0.82,platform-team
INC392,CHG584,Batch reporting job schedule change,2026-01-06T18:11:58.011392Z,0.65,search-team
INC393,CHG585,database SDK upgrade to v2.3.6,2026-01-14T06:53:58.011392Z,0.61,api-team
INC393,CHG586,cache SDK upgrade to v2.1.3,2026-01-11T02:27:58.011392Z,0.97,identity-team
INC394,CHG587,api-gateway storage backend migration,2026-01-04T21:26:58.011392Z,0.92,security-team
INC395,CHG588,checkout rate limiting adjustment,2026-01-06T23:50:58.011392Z,0.63,identity-team
INC396,CHG589,load-balancer storage expansion,2026-01-13T15:08:58.011392Z,0.71,dba-team
INC396,CHG590,rabbitmq feature deployment,2026-01-08T20:54:58.011392Z,0.76,ops-team
INC397,CHG591,Node resource limits adjustment,2026-01-07T07:03:58.011392Z,0.74,api-team
INC397,CHG592,user index lifecycle policy change,2026-01-13T16:42:58.011392Z,0.73,infra-team
INC398,CHG593,Database schema update,2026-01-08T13:43:58.011392Z,0.48,dba-team
INC399,CHG594,Batch reporting job schedule change,2026-01-04T19:26:58.011392Z,0.67,infra-team
INC400,CHG595,fulfillment mapping template update,2026-01-12T16:39:58.011392Z,0.55,payments-team
INC400,CHG596,api-gateway batch processing enhancement,2026-01-06T07:17:58.011392Z,0.65,security-team
INC401,CHG597,load-balancer log parsing configuration update,2026-01-08T18:47:58.011392Z,0.74,ops-team
INC402,CHG598,frontend feature deployment,2026-01-04T19:50:58.011392Z,0.68,ops-team
INC403,CHG599,order storage expansion,2026-01-08T21:27:58.011392Z,0.87,api-team
INC404,CHG600,Batch reporting job schedule change,2026-01-05T19:00:58.011392Z,0.65,security-team
INC404,CHG601,elasticsearch batch processing enhancement,2026-01-08T06:10:58.011392Z,0.64,dba-team
INC405,CHG602,Batch reporting job schedule change,2026-01-06T20:59:58.011392Z,0.64,devops-team
INC406,CHG603,elasticsearch mapping template update,2026-01-07T03:24:58.011392Z,0.69,dba-team
INC406,CHG604,order client library update,2026-01-12T11:12:58.011392Z,0.51,dba-team
INC407,CHG605,rate-limiter feature deployment,2026-01-05T19:31:58.011392Z,0.76,security-team
INC407,CHG606,container-registry service config update,2026-01-14T10:33:58.011392Z,0.69,ops-team
INC408,CHG607,email timeout configuration change,2026-01-12T11:33:58.011392Z,0.49,payments-team
INC408,CHG608,CI/CD pipeline image caching update,2026-01-13T14:33:58.011392Z,0.54,platform-team
INC409,CHG609,frontend cache TTL configuration change,2026-01-11T18:54:58.011392Z,0.97,dba-team
INC409,CHG610,cache routing rules update,2026-01-10T08:53:58.011392Z,0.86,infra-team
INC410,CHG611,cache service config update,2026-01-11T07:46:58.011392Z,0.71,identity-team
INC411,CHG612,cache cluster version upgrade to 3.5,2026-01-08T09:02:58.011392Z,0.8,payments-team
INC412,CHG613,fulfillment version upgrade,2026-01-13T13:27:58.011392Z,0.95,api-team
INC412,CHG614,load-balancer version upgrade,2026-01-04T04:45:58.011392Z,0.93,payments-team
INC413,CHG615,Node resource limits adjustment,2026-01-13T07:36:58.011392Z,0.79,devops-team
INC413,CHG616,payment connection pool resize,2026-01-07T12:23:58.011392Z,0.88,security-team
INC414,CHG617,logging threshold adjustment,2026-01-11T06:50:58.011392Z,0.84,security-team
INC414,CHG618,product compilation pipeline update,2026-01-05T19:19:58.011392Z,0.58,ops-team
INC415,CHG619,rabbitmq compilation pipeline update,2026-01-10T06:16:58.011392Z,0.74,platform-team
INC415,CHG620,payment SDK upgrade to v3.5.0,2026-01-11T09:01:58.011392Z,0.57,payments-team
INC416,CHG621,user cluster version upgrade to 5.6,2026-01-03T22:02:58.011392Z,0.52,identity-team
INC417,CHG622,order cache TTL configuration change,2026-01-07T14:07:58.011392Z,0.57,infra-team
INC418,CHG623,auth bulk import job,2026-01-06T07:47:58.011392Z,0.62,api-team
INC419,CHG624,notification threshold adjustment,2026-01-07T05:07:58.011392Z,0.86,search-team
INC420,CHG625,oauth-provider threshold adjustment,2026-01-06T00:38:58.011392Z,0.79,ops-team
INC421,CHG626,container-registry feature deployment,2026-01-09T15:40:58.011392Z,0.47,security-team
INC422,CHG627,elasticsearch compilation pipeline update,2026-01-05T12:25:58.011392Z,0.85,infra-team
INC422,CHG628,rate-limiter storage backend migration,2026-01-04T20:47:58.011392Z,0.66,ops-team
INC423,CHG629,kubernetes cluster version upgrade to 4.2,2026-01-11T04:38:58.011392Z,0.81,security-team
INC424,CHG630,kubernetes rate limiting adjustment,2026-01-08T12:35:58.011392Z,0.51,security-team
INC424,CHG631,load-balancer timeout configuration change,2026-01-09T10:55:58.011392Z,0.84,security-team
INC425,CHG632,notification mapping template update,2026-01-06T22:36:58.011392Z,0.5,dba-team
INC425,CHG633,reporting log parsing configuration update,2026-01-03T21:58:58.011392Z,0.53,api-team
INC426,CHG634,fluentd threshold adjustment,2026-01-08T15:31:58.011392Z,0.92,ops-team
INC427,CHG635,checkout SDK upgrade to v1.8.8,2026-01-07T16:38:58.011392Z,0.6,observability-team
INC427,CHG636,container-registry routing rules update,2026-01-05T13:23:58.011392Z,0.61,dba-team
INC428,CHG637,product feature deployment,2026-01-13T16:50:58.011392Z,0.53,identity-team
INC428,CHG638,frontend batch processing enhancement,2026-01-10T22:13:58.011392Z,0.52,security-team
INC429,CHG639,Node resource limits adjustment,2026-01-09T16:56:58.011392Z,0.81,identity-team
INC430,CHG640,oauth-provider feature deployment,2026-01-13T17:37:58.011392Z,0.56,observability-team
INC431,CHG641,payment service config update,2026-01-06T01:54:58.011392Z,0.5,dba-team
INC432,CHG642,Node resource limits adjustment,2026-01-07T01:08:58.011392Z,0.83,observability-team
INC432,CHG643,CI/CD pipeline image caching update,2026-01-08T21:17:58.011392Z,0.76,observability-team
INC433,CHG644,elasticsearch feature deployment,2026-01-05T04:34:58.011392Z,0.95,search-team
INC433,CHG645,Batch reporting job schedule change,2026-01-06T09:14:58.011392Z,0.89,infra-team
INC434,CHG646,CI/CD pipeline image caching update,2026-01-04T08:17:58.011392Z,0.7,api-team
INC435,CHG647,user timeout configuration change,2026-01-06T20:28:58.011392Z,0.49,identity-team
INC435,CHG648,Batch reporting job schedule change,2026-01-04T19:09:58.011392Z,0.85,payments-team
INC436,CHG649,user service config update,2026-01-08T12:47:58.011392Z,0.88,identity-team
INC436,CHG650,reporting bulk import job,2026-01-04T01:01:58.011392Z,0.89,api-team
INC437,CHG651,database batch processing enhancement,2026-01-12T02:18:58.011392Z,0.75,infra-team
INC437,CHG652,elasticsearch template engine update,2026-01-09T00:37:58.011392Z,0.61,search-team
INC438,CHG653,logging compilation pipeline update,2026-01-09T08:56:58.011392Z,0.86,platform-team
INC439,CHG654,Node resource limits adjustment,2026-01-07T12:48:58.011392Z,0.95,devops-team
INC439,CHG655,reporting template engine update,2026-01-10T02:14:58.011392Z,0.49,platform-team
INC440,CHG656,ci-cd cluster version upgrade to 2.4,2026-01-08T13:11:58.011392Z,0.8,search-team
INC440,CHG657,kubernetes routing rules update,2026-01-04T17:58:58.011392Z,0.59,infra-team
INC441,CHG658,ci-cd rate limiting adjustment,2026-01-05T23:39:58.011392Z,0.78,security-team
INC441,CHG659,ci-cd node pool scaling automation,2026-01-08T09:16:58.011392Z,0.87,dba-team
INC442,CHG660,session rate limiting adjustment,2026-01-13T17:45:58.011392Z,0.61,infra-team
INC442,CHG661,api-gateway cluster version upgrade to 3.2,2026-01-14T05:55:58.011392Z,0.52,security-team
INC443,CHG662,payment node pool scaling automation,2026-01-05T01:38:58.011392Z,0.86,payments-team
INC444,CHG663,email node pool scaling automation,2026-01-10T04:08:58.011392Z,0.66,infra-team
INC445,CHG664,elasticsearch batch processing enhancement,2026-01-08T06:13:58.011392Z,0.93,search-team
INC446,CHG665,elasticsearch cluster version upgrade to 5.1,2026-01-11T00:19:58.011392Z,0.95,dba-team
INC447,CHG666,oauth-provider index lifecycle policy change,2026-01-13T15:55:58.011392Z,0.74,payments-team
INC447,CHG667,Load balancer kubernetes configuration update,2026-01-08T07:01:58.011392Z,0.66,security-team
INC448,CHG668,database storage backend migration,2026-01-05T13:31:58.011392Z,0.85,payments-team
INC449,CHG669,checkout rate limiting adjustment,2026-01-12T17:39:58.011392Z,0.91,infra-team
INC450,CHG670,Database schema update,2026-01-11T02:05:58.011392Z,0.71,dba-team
INC450,CHG671,container-registry rate limiting adjustment,2026-01-08T19:51:58.011392Z,0.71,identity-team
INC451,CHG672,ci-cd SDK upgrade to v1.4.6,2026-01-06T08:58:58.011392Z,0.62,observability-team
INC451,CHG673,container-registry log parsing configuration update,2026-01-11T17:14:58.011392Z,0.65,search-team
INC452,CHG674,oauth-provider consumer prefetch configuration,2026-01-11T22:23:58.011392Z,0.61,payments-team
INC453,CHG675,kubernetes bulk import job,2026-01-13T13:54:58.011392Z,0.63,platform-team
INC453,CHG676,user feature deployment,2026-01-10T17:39:58.011392Z,0.58,observability-team
INC454,CHG677,search cluster version upgrade to 3.5,2026-01-04T23:07:58.011392Z,0.52,devops-team
INC454,CHG678,fulfillment version upgrade,2026-01-11T21:39:58.011392Z,0.49,security-team
INC455,CHG679,fulfillment connection pool resize,2026-01-13T11:05:58.011392Z,0.82,security-team
INC456,CHG680,fluentd storage expansion,2026-01-04T00:11:58.011392Z,0.95,search-team
INC457,CHG681,rate-limiter version upgrade,2026-01-13T08:28:58.011392Z,0.88,security-team
INC457,CHG682,ci-cd threshold adjustment,2026-01-12T00:01:58.011392Z,0.54,api-team
INC458,CHG683,session cache TTL configuration change,2026-01-13T15:56:58.011392Z,0.7,api-team
INC458,CHG684,fluentd cluster version upgrade to 3.9,2026-01-06T06:08:58.011392Z,0.88,api-team
INC459,CHG685,auth storage expansion,2026-01-07T05:47:58.011392Z,0.93,security-team
INC459,CHG686,order service config update,2026-01-08T15:38:58.011392Z,0.67,api-team
INC460,CHG687,frontend mapping template update,2026-01-04T07:56:58.011392Z,0.78,observability-team
INC460,CHG688,session bulk import job,2026-01-13T20:43:58.011392Z,0.72,infra-team
INC461,CHG689,api-gateway SDK upgrade to v5.4.5,2026-01-10T23:27:58.011392Z,0.91,platform-team
INC462,CHG690,search connection pool resize,2026-01-10T18:13:58.011392Z,0.79,search-team
INC462,CHG691,logging log parsing configuration update,2026-01-08T18:35:58.011392Z,0.65,dba-team
INC463,CHG692,product index lifecycle policy change,2026-01-07T17:51:58.011392Z,0.48,platform-team
INC463,CHG693,payment template engine update,2026-01-13T12:38:58.011392Z,0.95,identity-team
INC464,CHG694,elasticsearch index lifecycle policy change,2026-01-10T11:03:58.011392Z,0.72,dba-team
INC465,CHG695,Database schema update,2026-01-10T15:09:58.011392Z,0.63,observability-team
INC466,CHG696,product client library update,2026-01-04T04:37:58.011392Z,0.79,security-team
INC467,CHG697,cache SDK upgrade to v1.6.3,2026-01-14T08:27:58.011392Z,0.69,devops-team
INC467,CHG698,database template engine update,2026-01-04T16:22:58.011392Z,0.88,security-team
INC468,CHG699,checkout service config update,2026-01-11T13:05:58.011392Z,0.97,platform-team
INC468,CHG700,Batch reporting job schedule change,2026-01-11T10:12:58.011392Z,0.74,api-team
INC469,CHG701,cache service config update,2026-01-05T06:15:58.011392Z,0.76,security-team
INC470,CHG702,cache routing rules update,2026-01-11T10:44:58.011392Z,0.78,payments-team
INC470,CHG703,Node resource limits adjustment,2026-01-05T03:57:58.011392Z,0.95,ops-team
INC471,CHG704,Database schema update,2026-01-14T11:21:58.011392Z,0.84,dba-team
INC471,CHG705,read-replica index lifecycle policy change,2026-01-08T20:46:58.011392Z,0.81,infra-team
INC472,CHG706,Batch reporting job schedule change,2026-01-12T23:34:58.011392Z,0.76,payments-team
INC472,CHG707,notification feature deployment,2026-01-13T20:51:58.011392Z,0.74,devops-team
INC473,CHG708,auth consumer prefetch configuration,2026-01-07T01:26:58.011392Z,0.86,identity-team
INC473,CHG709,rabbitmq storage backend migration,2026-01-05T03:32:58.011392Z,0.92,ops-team
INC474,CHG710,read-replica log parsing configuration update,2026-01-10T10:18:58.011392Z,0.89,security-team
INC475,CHG711,frontend SDK upgrade to v3.3.7,2026-01-08T08:13:58.011392Z,0.65,payments-team
INC475,CHG712,reporting cache TTL configuration change,2026-01-14T08:32:58.011392Z,0.65,payments-team
INC476,CHG713,api-gateway mapping template update,2026-01-12T06:03:58.011392Z,0.87,search-team
INC477,CHG714,Node resource limits adjustment,2026-01-05T09:33:58.011392Z,0.67,infra-team
INC478,CHG715,Node resource limits adjustment,2026-01-11T11:36:58.011392Z,0.61,dba-team
INC478,CHG716,email feature deployment,2026-01-08T20:26:58.011392Z,0.51,ops-team
INC479,CHG717,Database schema update,2026-01-06T16:25:58.011392Z,0.87,infra-team
INC480,CHG718,order storage backend migration,2026-01-07T20:29:58.011392Z,0.49,platform-team
INC481,CHG719,rate-limiter service config update,2026-01-11T03:10:58.011392Z,0.74,security-team
INC482,CHG720,database consumer prefetch configuration,2026-01-13T03:22:58.011392Z,0.52,devops-team
INC482,CHG721,read-replica log parsing configuration update,2026-01-06T02:46:58.011392Z,0.87,security-team
INC483,CHG722,kubernetes node pool scaling automation,2026-01-04T17:57:58.011392Z,0.47,observability-team
INC484,CHG723,read-replica cache TTL configuration change,2026-01-07T08:10:58.011392Z,0.6,identity-team
INC485,CHG724,checkout node pool scaling automation,2026-01-06T07:05:58.011392Z,0.91,security-team
INC485,CHG725,search feature deployment,2026-01-10T14:06:58.011392Z,0.52,payments-team
INC486,CHG726,logging compilation pipeline update,2026-01-05T23:16:58.011392Z,0.84,dba-team
INC487,CHG727,order storage backend migration,2026-01-12T08:10:58.011392Z,0.58,observability-team
INC488,CHG728,elasticsearch log parsing configuration update,2026-01-13T08:49:58.011392Z,0.9,payments-team
INC488,CHG729,reporting service config update,2026-01-07T11:12:58.011392Z,0.97,devops-team
INC489,CHG730,kubernetes storage backend migration,2026-01-06T11:45:58.011392Z,0.59,dba-team
INC489,CHG731,oauth-provider timeout configuration change,2026-01-06T15:50:58.011392Z,0.74,api-team
INC490,CHG732,Batch reporting job schedule change,2026-01-07T22:09:58.011392Z,0.91,search-team
INC490,CHG733,Node resource limits adjustment,2026-01-11T13:29:58.011392Z,0.59,identity-team
INC491,CHG734,api-gateway cluster version upgrade to 3.3,2026-01-14T13:36:58.011392Z,0.66,api-team
INC491,CHG735,auth feature deployment,2026-01-06T02:09:58.011392Z,0.72,ops-team
INC492,CHG736,auth consumer prefetch configuration,2026-01-11T11:26:58.011392Z,0.67,ops-team
INC493,CHG737,CI/CD pipeline image caching update,2026-01-11T23:06:58.011392Z,0.59,dba-team
INC493,CHG738,container-registry cluster version upgrade to 3.3,2026-01-12T22:35:58.011392Z,0.54,api-team
INC494,CHG739,payment SDK upgrade to v5.8.1,2026-01-10T13:27:58.011392Z,0.56,dba-team
INC495,CHG740,reporting threshold adjustment,2026-01-06T23:57:58.011392Z,0.52,devops-team
INC495,CHG741,Node resource limits adjustment,2026-01-07T22:43:58.011392Z,0.49,identity-team
INC496,CHG742,user routing rules update,2026-01-12T15:08:58.011392Z,0.49,ops-team
INC496,CHG743,reporting log parsing configuration update,2026-01-12T15:36:58.011392Z,0.97,devops-team
INC497,CHG744,ci-cd batch processing enhancement,2026-01-12T17:45:58.011392Z,0.67,platform-team
INC498,CHG745,fulfillment SDK upgrade to v5.9.7,2026-01-04T19:58:58.011392Z,0.82,security-team
INC498,CHG746,read-replica log parsing configuration update,2026-01-05T02:07:58.011392Z,0.57,search-team
INC499,CHG747,ci-cd storage backend migration,2026-01-09T15:48:58.011392Z,0.88,payments-team
INC499,CHG748,oauth-provider node pool scaling automation,2026-01-04T16:29:58.011392Z,0.9,dba-team
INC500,CHG749,cache index lifecycle policy change,2026-01-14T05:05:58.011392Z,0.81,devops-team
INC500,CHG750,notification cache TTL configuration change,2026-01-08T11:21:58.011392Z,0.87,infra-team
INC501,CHG751,notification client library update,2026-01-06T17:29:58.011392Z,0.84,security-team
INC502,CHG752,ci-cd mapping template update,2026-01-04T14:55:58.011392Z,0.7,observability-team
INC503,CHG753,CI/CD pipeline image caching update,2026-01-14T06:56:58.011392Z,0.85,identity-team
INC503,CHG754,product client library update,2026-01-10T21:12:58.011392Z,0.83,platform-team
INC504,CHG755,load-balancer cache TTL configuration change,2026-01-09T01:58:58.011392Z,0.56,dba-team
INC504,CHG756,rabbitmq log parsing configuration update,2026-01-12T18:25:58.011392Z,0.97,infra-team
INC505,CHG757,ci-cd index lifecycle policy change,2026-01-13T17:44:58.011392Z,0.8,ops-team
INC505,CHG758,cdn cache TTL configuration change,2026-01-11T18:22:58.011392Z,0.72,ops-team
INC506,CHG759,CI/CD pipeline image caching update,2026-01-13T19:55:58.011392Z,0.76,dba-team
INC507,CHG760,cache timeout configuration change,2026-01-13T05:36:58.011392Z,0.53,api-team
INC507,CHG761,payment consumer prefetch configuration,2026-01-05T09:11:58.011392Z,0.58,api-team
INC508,CHG762,user timeout configuration change,2026-01-04T21:54:58.011392Z,0.62,payments-team
INC508,CHG763,search cluster version upgrade to 4.7,2026-01-08T09:41:58.011392Z,0.64,ops-team
INC509,CHG764,oauth-provider bulk import job,2026-01-13T14:16:58.011392Z,0.71,identity-team
INC510,CHG765,fluentd index lifecycle policy change,2026-01-11T14:57:58.011392Z,0.72,dba-team
INC511,CHG766,Load balancer auth configuration update,2026-01-06T02:09:58.011392Z,0.8,observability-team
INC512,CHG767,Database schema update,2026-01-12T00:40:58.011392Z,0.61,platform-team
INC513,CHG768,order index lifecycle policy change,2026-01-07T14:06:58.011392Z,0.55,devops-team
INC513,CHG769,load-balancer log parsing configuration update,2026-01-07T05:43:58.011392Z,0.56,identity-team
INC514,CHG770,elasticsearch cache TTL configuration change,2026-01-13T06:16:58.011392Z,0.81,devops-team
INC515,CHG771,read-replica rate limiting adjustment,2026-01-12T10:10:58.011392Z,0.64,devops-team
INC515,CHG772,rabbitmq routing rules update,2026-01-06T15:03:58.011392Z,0.52,ops-team
INC516,CHG773,user client library update,2026-01-12T02:22:58.011392Z,0.87,payments-team
INC516,CHG774,rabbitmq consumer prefetch configuration,2026-01-12T22:06:58.011392Z,0.47,ops-team
INC517,CHG775,Database schema update,2026-01-08T08:19:58.011392Z,0.69,platform-team
INC518,CHG776,user batch processing enhancement,2026-01-10T12:30:58.011392Z,0.92,identity-team
INC518,CHG777,cache log parsing configuration update,2026-01-04T09:07:58.011392Z,0.65,api-team
INC519,CHG778,kubernetes routing rules update,2026-01-12T20:33:58.011392Z,0.73,devops-team
INC519,CHG779,user version upgrade,2026-01-13T23:54:58.011392Z,0.85,search-team
INC520,CHG780,search cluster version upgrade to 4.3,2026-01-05T11:13:58.011392Z,0.47,api-team
INC521,CHG781,search timeout configuration change,2026-01-06T18:34:58.011392Z,0.53,devops-team
INC521,CHG782,CI/CD pipeline image caching update,2026-01-10T23:57:58.011392Z,0.81,identity-team
INC522,CHG783,order template engine update,2026-01-13T22:41:58.011392Z,0.49,ops-team
INC522,CHG784,fluentd SDK upgrade to v3.3.4,2026-01-05T17:50:58.011392Z,0.65,dba-team
INC523,CHG785,checkout rate limiting adjustment,2026-01-09T12:54:58.011392Z,0.52,api-team
INC524,CHG786,order cache TTL configuration change,2026-01-09T18:48:58.011392Z,0.55,ops-team
INC524,CHG787,Node resource limits adjustment,2026-01-10T17:47:58.011392Z,0.78,devops-team
INC525,CHG788,Node resource limits adjustment,2026-01-04T13:50:58.011392Z,0.86,api-team
INC525,CHG789,Load balancer cache configuration update,2026-01-12T09:32:58.011392Z,0.67,api-team
INC526,CHG790,cdn log parsing configuration update,2026-01-12T21:14:58.011392Z,0.71,dba-team
INC526,CHG791,notification log parsing configuration update,2026-01-07T13:26:58.011392Z,0.93,infra-team
INC527,CHG792,rate-limiter version upgrade,2026-01-11T16:56:58.011392Z,0.73,dba-team
INC528,CHG793,read-replica threshold adjustment,2026-01-11T14:42:58.011392Z,0.49,payments-team
INC529,CHG794,elasticsearch consumer prefetch configuration,2026-01-06T04:29:58.011392Z,0.83,api-team
INC529,CHG795,fulfillment version upgrade,2026-01-13T22:36:58.011392Z,0.7,identity-team
INC530,CHG796,session feature deployment,2026-01-08T04:24:58.011392Z,0.7,ops-team
INC530,CHG797,oauth-provider template engine update,2026-01-06T03:44:58.011392Z,0.86,ops-team
INC531,CHG798,api-gateway threshold adjustment,2026-01-10T07:01:58.011392Z,0.65,security-team
INC531,CHG799,logging storage expansion,2026-01-04T16:15:58.011392Z,0.65,identity-team
INC532,CHG800,frontend compilation pipeline update,2026-01-07T08:50:58.011392Z,0.49,dba-team
INC533,CHG801,elasticsearch cluster version upgrade to 5.3,2026-01-12T09:59:58.011392Z,0.9,api-team
INC534,CHG802,auth storage expansion,2026-01-11T20:37:58.011392Z,0.94,api-team
INC534,CHG803,cdn template engine update,2026-01-05T05:53:58.011392Z,0.7,dba-team
INC535,CHG804,cdn template engine update,2026-01-05T13:38:58.011392Z,0.55,infra-team
INC536,CHG805,rate-limiter timeout configuration change,2026-01-07T10:09:58.011392Z,0.55,api-team
INC536,CHG806,checkout rate limiting adjustment,2026-01-04T23:48:58.011392Z,0.91,search-team
INC537,CHG807,user service config update,2026-01-04T12:30:58.011392Z,0.73,search-team
INC538,CHG808,session timeout configuration change,2026-01-14T07:53:58.011392Z,0.92,payments-team
INC539,CHG809,notification client library update,2026-01-11T00:04:58.011392Z,0.84,devops-team
INC539,CHG810,fulfillment service config update,2026-01-08T20:39:58.011392Z,0.7,security-team
INC540,CHG811,order client library update,2026-01-10T10:02:58.011392Z,0.77,search-team
INC540,CHG812,reporting SDK upgrade to v3.5.1,2026-01-12T22:26:58.011392Z,0.71,payments-team
INC541,CHG813,Batch reporting job schedule change,2026-01-10T05:41:58.011392Z,0.86,payments-team
INC541,CHG814,api-gateway cluster version upgrade to 5.4,2026-01-09T07:00:58.011392Z,0.6,dba-team
INC542,CHG815,rate-limiter feature deployment,2026-01-03T21:29:58.011392Z,0.88,ops-team
INC542,CHG816,kubernetes connection pool resize,2026-01-13T13:56:58.011392Z,0.54,platform-team
INC543,CHG817,rate-limiter compilation pipeline update,2026-01-06T05:05:58.011392Z,0.58,dba-team
INC543,CHG818,rate-limiter storage backend migration,2026-01-10T23:49:58.011392Z,0.59,infra-team
INC544,CHG819,logging consumer prefetch configuration,2026-01-13T18:41:58.011392Z,0.8,observability-team
INC544,CHG820,rabbitmq cache TTL configuration change,2026-01-09T03:16:58.011392Z,0.67,infra-team
INC545,CHG821,email timeout configuration change,2026-01-14T09:59:58.011392Z,0.55,ops-team
INC545,CHG822,Database schema update,2026-01-11T05:23:58.011392Z,0.49,api-team
INC546,CHG823,auth rate limiting adjustment,2026-01-10T10:05:58.011392Z,0.93,devops-team
INC547,CHG824,Batch reporting job schedule change,2026-01-12T19:55:58.011392Z,0.56,ops-team
INC548,CHG825,fulfillment template engine update,2026-01-08T11:26:58.011392Z,0.56,observability-team
INC549,CHG826,Node resource limits adjustment,2026-01-14T16:15:58.011392Z,0.64,platform-team
INC550,CHG827,Database schema update,2026-01-14T16:37:58.011392Z,0.76,observability-team
INC550,CHG828,Batch reporting job schedule change,2026-01-09T06:47:58.011392Z,0.46,security-team
INC551,CHG829,CI/CD pipeline image caching update,2026-01-12T03:01:58.011392Z,0.61,ops-team
INC551,CHG830,cache feature deployment,2026-01-12T02:19:58.011392Z,0.62,infra-team
INC552,CHG831,fluentd service config update,2026-01-07T06:23:58.011392Z,0.48,payments-team
INC552,CHG832,database consumer prefetch configuration,2026-01-07T08:05:58.011392Z,0.58,payments-team
INC553,CHG833,reporting connection pool resize,2026-01-10T19:08:58.011392Z,0.94,api-team
INC554,CHG834,Load balancer search configuration update,2026-01-13T00:31:58.011392Z,0.68,search-team
INC554,CHG835,kubernetes bulk import job,2026-01-14T02:46:58.011392Z,0.66,security-team
INC555,CHG836,cache log parsing configuration update,2026-01-04T23:52:58.011392Z,0.62,identity-team
INC556,CHG837,search connection pool resize,2026-01-11T13:04:58.011392Z,0.8,api-team
INC556,CHG838,read-replica rate limiting adjustment,2026-01-12T14:28:58.011392Z,0.77,payments-team
INC557,CHG839,order version upgrade,2026-01-12T08:44:58.011392Z,0.78,dba-team
INC557,CHG840,database storage backend migration,2026-01-11T14:54:58.011392Z,0.97,api-team
INC558,CHG841,Node resource limits adjustment,2026-01-09T08:44:58.011392Z,0.92,search-team
INC558,CHG842,oauth-provider consumer prefetch configuration,2026-01-12T15:16:58.011392Z,0.63,api-team
INC559,CHG843,elasticsearch rate limiting adjustment,2026-01-12T06:21:58.011392Z,0.67,payments-team
INC559,CHG844,elasticsearch log parsing configuration update,2026-01-09T03:31:58.011392Z,0.96,infra-team
INC560,CHG845,CI/CD pipeline image caching update,2026-01-09T07:49:58.011392Z,0.53,ops-team
INC561,CHG846,api-gateway service config update,2026-01-10T07:22:58.011392Z,0.84,api-team
INC561,CHG847,reporting storage expansion,2026-01-08T22:54:58.011392Z,0.96,security-team
INC562,CHG848,Database schema update,2026-01-04T11:46:58.011392Z,0.58,security-team
INC563,CHG849,order threshold adjustment,2026-01-04T07:09:58.011392Z,0.66,ops-team
INC564,CHG850,logging storage expansion,2026-01-11T04:47:58.011392Z,0.81,security-team
INC564,CHG851,notification rate limiting adjustment,2026-01-07T02:07:58.011392Z,0.5,devops-team
INC565,CHG852,payment feature deployment,2026-01-09T13:09:58.011392Z,0.54,platform-team
INC566,CHG853,CI/CD pipeline image caching update,2026-01-04T06:53:58.011392Z,0.68,observability-team
INC567,CHG854,database node pool scaling automation,2026-01-04T12:27:58.011392Z,0.46,dba-team
INC568,CHG855,Database schema update,2026-01-03T18:39:58.011392Z,0.92,payments-team
INC569,CHG856,frontend mapping template update,2026-01-04T11:11:58.011392Z,0.72,devops-team
INC569,CHG857,rate-limiter mapping template update,2026-01-12T20:51:58.011392Z,0.96,api-team
INC570,CHG858,fluentd compilation pipeline update,2026-01-03T23:21:58.011392Z,0.83,api-team
INC571,CHG859,checkout log parsing configuration update,2026-01-05T23:18:58.011392Z,0.91,devops-team
INC571,CHG860,product SDK upgrade to v2.5.3,2026-01-11T05:03:58.011392Z,0.96,search-team
INC572,CHG861,api-gateway compilation pipeline update,2026-01-09T21:50:58.011392Z,0.54,identity-team
INC573,CHG862,Batch reporting job schedule change,2026-01-07T00:59:58.011392Z,0.46,ops-team
INC574,CHG863,logging log parsing configuration update,2026-01-11T09:14:58.011392Z,0.93,observability-team
INC575,CHG864,Node resource limits adjustment,2026-01-09T19:00:58.011392Z,0.56,payments-team
INC575,CHG865,cdn rate limiting adjustment,2026-01-11T17:46:58.011392Z,0.45,api-team
INC576,CHG866,payment SDK upgrade to v2.3.1,2026-01-09T15:40:58.011392Z,0.59,infra-team
INC577,CHG867,checkout mapping template update,2026-01-05T14:27:58.011392Z,0.89,ops-team
INC577,CHG868,email feature deployment,2026-01-07T21:50:58.011392Z,0.6,observability-team
INC578,CHG869,cdn storage backend migration,2026-01-06T01:05:58.011392Z,0.82,devops-team
INC578,CHG870,kubernetes consumer prefetch configuration,2026-01-12T06:28:58.011392Z,0.53,payments-team
INC579,CHG871,fulfillment storage backend migration,2026-01-09T06:07:58.011392Z,0.8,search-team
INC579,CHG872,Database schema update,2026-01-04T22:30:58.011392Z,0.79,identity-team
INC580,CHG873,ci-cd node pool scaling automation,2026-01-06T04:38:58.011392Z,0.91,infra-team
INC581,CHG874,product storage expansion,2026-01-13T06:49:58.011392Z,0.59,ops-team
INC581,CHG875,CI/CD pipeline image caching update,2026-01-10T19:47:58.011392Z,0.86,payments-team
INC582,CHG876,product node pool scaling automation,2026-01-08T04:35:58.011392Z,0.85,devops-team
INC582,CHG877,auth version upgrade,2026-01-12T12:08:58.011392Z,0.7,infra-team
INC583,CHG878,email version upgrade,2026-01-05T20:35:58.011392Z,0.95,platform-team
INC583,CHG879,rate-limiter SDK upgrade to v1.0.4,2026-01-10T11:57:58.011392Z,0.77,identity-team
INC584,CHG880,api-gateway timeout configuration change,2026-01-08T11:53:58.011392Z,0.61,security-team
INC584,CHG881,product template engine update,2026-01-09T22:37:58.011392Z,0.54,api-team
INC585,CHG882,CI/CD pipeline image caching update,2026-01-14T05:17:58.011392Z,0.59,devops-team
INC586,CHG883,api-gateway cache TTL configuration change,2026-01-11T01:04:58.011392Z,0.83,dba-team
INC587,CHG884,kubernetes storage backend migration,2026-01-10T19:19:58.011392Z,0.65,dba-team
INC588,CHG885,fluentd timeout configuration change,2026-01-07T12:06:58.011392Z,0.92,search-team
INC588,CHG886,ci-cd consumer prefetch configuration,2026-01-09T14:34:58.011392Z,0.48,search-team
INC589,CHG887,auth compilation pipeline update,2026-01-07T16:26:58.011392Z,0.81,devops-team
INC589,CHG888,cdn cache TTL configuration change,2026-01-06T05:47:58.011392Z,0.56,security-team
INC590,CHG889,load-balancer cache TTL configuration change,2026-01-06T23:10:58.011392Z,0.88,infra-team
INC591,CHG890,payment routing rules update,2026-01-07T03:59:58.011392Z,0.56,observability-team
INC592,CHG891,CI/CD pipeline image caching update,2026-01-14T17:34:58.011392Z,0.92,api-team
INC593,CHG892,auth routing rules update,2026-01-08T07:56:58.011392Z,0.64,api-team
INC594,CHG893,Load balancer read-replica configuration update,2026-01-07T21:00:58.011392Z,0.61,security-team
INC595,CHG894,notification service config update,2026-01-03T22:10:58.011392Z,0.93,identity-team
INC596,CHG895,cache log parsing configuration update,2026-01-08T20:03:58.011392Z,0.73,platform-team
INC596,CHG896,rabbitmq threshold adjustment,2026-01-04T16:03:58.011392Z,0.89,dba-team
INC597,CHG897,elasticsearch service config update,2026-01-12T04:08:58.011392Z,0.72,ops-team
INC598,CHG898,read-replica cluster version upgrade to 3.2,2026-01-09T00:20:58.011392Z,0.69,infra-team
INC598,CHG899,read-replica mapping template update,2026-01-09T16:53:58.011392Z,0.89,platform-team
INC599,CHG900,Node resource limits adjustment,2026-01-06T12:37:58.011392Z,0.71,platform-team
INC599,CHG901,auth cluster version upgrade to 1.9,2026-01-06T05:34:58.011392Z,0.82,observability-team
INC600,CHG902,Node resource limits adjustment,2026-01-13T02:34:58.011392Z,0.9,observability-team
INC600,CHG903,kubernetes log parsing configuration update,2026-01-09T20:05:58.011392Z,0.95,search-team
INC601,CHG904,notification template engine update,2026-01-13T11:54:58.011392Z,0.49,dba-team
INC601,CHG905,Node resource limits adjustment,2026-01-06T17:27:58.011392Z,0.83,ops-team
INC602,CHG906,search consumer prefetch configuration,2026-01-13T01:33:58.011392Z,0.54,observability-team
INC603,CHG907,Node resource limits adjustment,2026-01-13T01:59:58.011392Z,0.65,payments-team
INC604,CHG908,payment mapping template update,2026-01-09T14:48:58.011392Z,0.56,payments-team
INC605,CHG909,container-registry batch processing enhancement,2026-01-14T07:39:58.011392Z,0.48,dba-team
INC605,CHG910,fluentd log parsing configuration update,2026-01-09T10:35:58.011392Z,0.69,observability-team
INC606,CHG911,session connection pool resize,2026-01-05T06:09:58.011392Z,0.78,identity-team
INC606,CHG912,rabbitmq rate limiting adjustment,2026-01-14T02:11:58.011392Z,0.71,observability-team
INC607,CHG913,order client library update,2026-01-13T11:20:58.011392Z,0.82,payments-team
INC607,CHG914,reporting bulk import job,2026-01-12T18:55:58.011392Z,0.61,identity-team
INC608,CHG915,api-gateway mapping template update,2026-01-08T21:28:58.011392Z,0.71,search-team
INC608,CHG916,Node resource limits adjustment,2026-01-13T15:00:58.011392Z,0.51,search-team
INC609,CHG917,logging index lifecycle policy change,2026-01-05T06:01:58.011392Z,0.72,payments-team
INC609,CHG918,Database schema update,2026-01-05T09:30:58.011392Z,0.83,platform-team
INC610,CHG919,payment threshold adjustment,2026-01-05T17:37:58.011392Z,0.91,api-team
INC610,CHG920,notification client library update,2026-01-06T15:21:58.011392Z,0.59,platform-team
INC611,CHG921,user mapping template update,2026-01-10T14:15:58.011392Z,0.96,security-team
INC612,CHG922,Batch reporting job schedule change,2026-01-04T04:43:58.011392Z,0.58,devops-team
INC612,CHG923,payment log parsing configuration update,2026-01-05T14:18:58.011392Z,0.91,api-team
INC613,CHG924,rabbitmq version upgrade,2026-01-06T10:11:58.011392Z,0.5,dba-team
INC613,CHG925,fluentd threshold adjustment,2026-01-09T08:49:58.011392Z,0.77,security-team
INC614,CHG926,checkout SDK upgrade to v2.0.3,2026-01-08T11:05:58.011392Z,0.74,identity-team
INC615,CHG927,frontend cluster version upgrade to 3.3,2026-01-10T23:15:58.011392Z,0.94,infra-team
INC616,CHG928,container-registry feature deployment,2026-01-04T20:59:58.011392Z,0.81,devops-team
INC617,CHG929,auth routing rules update,2026-01-11T12:20:58.011392Z,0.56,ops-team
INC617,CHG930,Database schema update,2026-01-14T04:45:58.011392Z,0.93,payments-team
INC618,CHG931,Batch reporting job schedule change,2026-01-06T22:01:58.011392Z,0.51,identity-team
INC618,CHG932,payment SDK upgrade to v3.4.7,2026-01-04T13:03:58.011392Z,0.71,api-team
INC619,CHG933,order threshold adjustment,2026-01-09T03:10:58.011392Z,0.45,observability-team
INC619,CHG934,frontend routing rules update,2026-01-14T12:19:58.011392Z,0.8,observability-team
INC620,CHG935,rabbitmq feature deployment,2026-01-12T16:33:58.011392Z,0.55,payments-team
INC621,CHG936,email cluster version upgrade to 5.4,2026-01-13T19:15:58.011392Z,0.69,search-team
INC621,CHG937,logging timeout configuration change,2026-01-08T18:22:58.011392Z,0.63,dba-team
INC622,CHG938,reporting cluster version upgrade to 3.0,2026-01-05T23:54:58.011392Z,0.82,platform-team
INC622,CHG939,ci-cd mapping template update,2026-01-11T19:53:58.011392Z,0.84,identity-team
INC623,CHG940,search timeout configuration change,2026-01-07T18:12:58.011392Z,0.88,infra-team
INC623,CHG941,cache node pool scaling automation,2026-01-04T06:54:58.011392Z,0.7,platform-team
INC624,CHG942,elasticsearch version upgrade,2026-01-04T07:39:58.011392Z,0.83,dba-team
INC625,CHG943,load-balancer batch processing enhancement,2026-01-14T15:59:58.011392Z,0.58,ops-team
INC625,CHG944,oauth-provider cluster version upgrade to 3.4,2026-01-07T08:41:58.011392Z,0.63,identity-team
INC626,CHG945,kubernetes storage expansion,2026-01-12T07:59:58.011392Z,0.77,infra-team
INC626,CHG946,load-balancer client library update,2026-01-09T01:47:58.011392Z,0.46,observability-team
INC627,CHG947,oauth-provider cache TTL configuration change,2026-01-04T00:40:58.011392Z,0.72,security-team
INC628,CHG948,order routing rules update,2026-01-09T11:22:58.011392Z,0.71,api-team
INC628,CHG949,fluentd consumer prefetch configuration,2026-01-06T00:16:58.011392Z,0.49,observability-team
INC629,CHG950,CI/CD pipeline image caching update,2026-01-03T20:12:58.011392Z,0.61,infra-team
INC630,CHG951,ci-cd batch processing enhancement,2026-01-07T02:09:58.011392Z,0.88,identity-team
INC631,CHG952,notification feature deployment,2026-01-07T06:19:58.011392Z,0.47,devops-team
INC631,CHG953,payment service config update,2026-01-07T11:38:58.011392Z,0.66,security-team
INC632,CHG954,cache storage expansion,2026-01-12T07:12:58.011392Z,0.77,dba-team
INC632,CHG955,Node resource limits adjustment,2026-01-12T21:04:58.011392Z,0.75,devops-team
INC633,CHG956,fluentd routing rules update,2026-01-08T05:12:58.011392Z,0.62,identity-team
INC633,CHG957,checkout storage backend migration,2026-01-11T00:57:58.011392Z,0.89,search-team
INC634,CHG958,payment routing rules update,2026-01-12T15:00:58.011392Z,0.72,platform-team
INC634,CHG959,order mapping template update,2026-01-07T02:18:58.011392Z,0.61,ops-team
INC635,CHG960,Batch reporting job schedule change,2026-01-04T21:47:58.011392Z,0.58,security-team
INC636,CHG961,read-replica mapping template update,2026-01-11T08:26:58.011392Z,0.84,security-team
INC637,CHG962,rabbitmq consumer prefetch configuration,2026-01-04T07:49:58.011392Z,0.78,security-team
INC637,CHG963,cdn compilation pipeline update,2026-01-10T10:09:58.011392Z,0.78,search-team
INC638,CHG964,Batch reporting job schedule change,2026-01-04T08:48:58.011392Z,0.87,ops-team
INC638,CHG965,order connection pool resize,2026-01-08T05:52:58.011392Z,0.54,identity-team
INC639,CHG966,Load balancer session configuration update,2026-01-08T21:47:58.011392Z,0.81,observability-team
INC640,CHG967,fluentd timeout configuration change,2026-01-08T09:51:58.011392Z,0.47,devops-team
INC641,CHG968,frontend cache TTL configuration change,2026-01-06T03:02:58.011392Z,0.93,ops-team
INC641,CHG969,notification consumer prefetch configuration,2026-01-05T03:50:58.011392Z,0.7,dba-team
INC642,CHG970,elasticsearch storage expansion,2026-01-06T06:09:58.011392Z,0.54,infra-team
INC642,CHG971,Batch reporting job schedule change,2026-01-05T04:07:58.011392Z,0.76,search-team
INC643,CHG972,logging batch processing enhancement,2026-01-04T11:25:58.011392Z,0.57,ops-team
INC643,CHG973,elasticsearch log parsing configuration update,2026-01-10T09:10:58.011392Z,0.59,platform-team
INC644,CHG974,load-balancer log parsing configuration update,2026-01-12T08:38:58.011392Z,0.52,infra-team
INC644,CHG975,api-gateway cache TTL configuration change,2026-01-10T13:42:58.011392Z,0.58,devops-team
INC645,CHG976,reporting consumer prefetch configuration,2026-01-11T15:31:58.011392Z,0.71,infra-team
INC646,CHG977,user consumer prefetch configuration,2026-01-13T12:09:58.011392Z,0.69,infra-team
INC646,CHG978,auth threshold adjustment,2026-01-12T21:03:58.011392Z,0.87,security-team
INC647,CHG979,fluentd storage backend migration,2026-01-13T22:20:58.011392Z,0.51,devops-team
INC647,CHG980,session compilation pipeline update,2026-01-07T22:35:58.011392Z,0.91,ops-team
INC648,CHG981,Database schema update,2026-01-08T05:31:58.011392Z,0.96,search-team
INC648,CHG982,checkout threshold adjustment,2026-01-13T15:15:58.011392Z,0.92,infra-team
INC649,CHG983,Database schema update,2026-01-11T21:29:58.011392Z,0.84,identity-team
INC649,CHG984,oauth-provider connection pool resize,2026-01-12T12:33:58.011392Z,0.47,payments-team
INC650,CHG985,kubernetes feature deployment,2026-01-09T20:19:58.011392Z,0.84,platform-team
INC650,CHG986,payment routing rules update,2026-01-14T15:02:58.011392Z,0.75,identity-team
INC651,CHG987,cdn template engine update,2026-01-04T10:30:58.011392Z,0.45,payments-team
INC651,CHG988,frontend bulk import job,2026-01-13T23:13:58.011392Z,0.75,observability-team
INC652,CHG989,Batch reporting job schedule change,2026-01-04T00:46:58.011392Z,0.59,observability-team
INC652,CHG990,load-balancer service config update,2026-01-14T10:36:58.011392Z,0.57,security-team
INC653,CHG991,kubernetes storage expansion,2026-01-12T09:51:58.011392Z,0.94,search-team
INC653,CHG992,api-gateway consumer prefetch configuration,2026-01-12T17:25:58.011392Z,0.6,search-team
INC654,CHG993,payment version upgrade,2026-01-09T19:48:58.011392Z,0.76,security-team
INC655,CHG994,database log parsing configuration update,2026-01-10T22:40:58.011392Z,0.62,observability-team
INC656,CHG995,fluentd node pool scaling automation,2026-01-05T02:20:58.011392Z,0.95,security-team
INC656,CHG996,rate-limiter client library update,2026-01-09T09:32:58.011392Z,0.92,platform-team
INC657,CHG997,load-balancer template engine update,2026-01-11T17:49:58.011392Z,0.93,observability-team
INC657,CHG998,database client library update,2026-01-10T02:52:58.011392Z,0.51,payments-team
INC658,CHG999,fulfillment storage expansion,2026-01-12T14:48:58.011392Z,0.66,platform-team
INC658,CHG1000,order service config update,2026-01-09T12:24:58.011392Z,0.85,dba-team
INC659,CHG1001,oauth-provider index lifecycle policy change,2026-01-07T17:34:58.011392Z,0.61,devops-team
INC659,CHG1002,logging cache TTL configuration change,2026-01-06T19:40:58.011392Z,0.78,security-team
INC660,CHG1003,fulfillment routing rules update,2026-01-06T07:12:58.011392Z,0.46,platform-team
INC661,CHG1004,container-registry SDK upgrade to v3.7.4,2026-01-06T17:38:58.011392Z,0.9,identity-team
INC661,CHG1005,notification rate limiting adjustment,2026-01-14T00:54:58.011392Z,0.49,observability-team
INC662,CHG1006,frontend rate limiting adjustment,2026-01-04T08:44:58.011392Z,0.95,platform-team
INC663,CHG1007,payment storage backend migration,2026-01-09T03:46:58.011392Z,0.65,infra-team
INC664,CHG1008,email mapping template update,2026-01-07T17:01:58.011392Z,0.8,dba-team
INC664,CHG1009,notification SDK upgrade to v5.2.2,2026-01-06T01:21:58.011392Z,0.48,ops-team
INC665,CHG1010,checkout log parsing configuration update,2026-01-11T14:13:58.011392Z,0.96,security-team
INC665,CHG1011,reporting storage expansion,2026-01-14T11:54:58.011392Z,0.74,security-team
INC666,CHG1012,elasticsearch compilation pipeline update,2026-01-07T00:47:58.011392Z,0.85,platform-team
INC667,CHG1013,CI/CD pipeline image caching update,2026-01-11T14:56:58.011392Z,0.82,dba-team
INC668,CHG1014,Batch reporting job schedule change,2026-01-03T20:37:58.011392Z,0.76,ops-team
INC668,CHG1015,load-balancer storage expansion,2026-01-05T18:30:58.011392Z,0.57,payments-team
INC669,CHG1016,Database schema update,2026-01-08T05:22:58.011392Z,0.7,devops-team
INC669,CHG1017,fluentd node pool scaling automation,2026-01-04T18:25:58.011392Z,0.7,devops-team
INC670,CHG1018,Batch reporting job schedule change,2026-01-13T21:25:58.011392Z,0.95,platform-team
INC670,CHG1019,Load balancer fulfillment configuration update,2026-01-07T08:03:58.011392Z,0.67,identity-team
INC671,CHG1020,Batch reporting job schedule change,2026-01-07T12:19:58.011392Z,0.53,platform-team
INC671,CHG1021,reporting bulk import job,2026-01-11T19:10:58.011392Z,0.46,search-team
INC672,CHG1022,Load balancer reporting configuration update,2026-01-11T18:15:58.011392Z,0.88,search-team
INC673,CHG1023,cdn storage backend migration,2026-01-08T10:09:58.011392Z,0.67,observability-team
INC674,CHG1024,frontend connection pool resize,2026-01-05T10:33:58.011392Z,0.79,identity-team
INC674,CHG1025,Database schema update,2026-01-10T17:05:58.011392Z,0.76,observability-team
INC675,CHG1026,rate-limiter index lifecycle policy change,2026-01-06T21:13:58.011392Z,0.77,observability-team
INC676,CHG1027,ci-cd storage backend migration,2026-01-14T14:35:58.011392Z,0.47,identity-team
INC676,CHG1028,user index lifecycle policy change,2026-01-04T18:56:58.011392Z,0.53,identity-team
INC677,CHG1029,CI/CD pipeline image caching update,2026-01-06T15:23:58.011392Z,0.91,platform-team
INC678,CHG1030,Node resource limits adjustment,2026-01-11T10:41:58.011392Z,0.87,ops-team
INC678,CHG1031,fulfillment version upgrade,2026-01-04T11:00:58.011392Z,0.56,search-team
INC679,CHG1032,payment node pool scaling automation,2026-01-07T22:43:58.011392Z,0.76,platform-team
INC679,CHG1033,Node resource limits adjustment,2026-01-05T09:58:58.011392Z,0.62,security-team
INC680,CHG1034,elasticsearch compilation pipeline update,2026-01-07T12:34:58.011392Z,0.71,platform-team
INC680,CHG1035,notification feature deployment,2026-01-05T05:54:58.011392Z,0.92,observability-team
INC681,CHG1036,Database schema update,2026-01-08T14:41:58.011392Z,0.83,platform-team
INC682,CHG1037,rabbitmq log parsing configuration update,2026-01-04T19:08:58.011392Z,0.84,ops-team
INC682,CHG1038,kubernetes timeout configuration change,2026-01-04T05:04:58.011392Z,0.81,platform-team
INC683,CHG1039,user SDK upgrade to v4.2.6,2026-01-12T03:44:58.011392Z,0.92,ops-team
INC684,CHG1040,rate-limiter index lifecycle policy change,2026-01-13T07:31:58.011392Z,0.81,observability-team
INC684,CHG1041,container-registry bulk import job,2026-01-13T07:34:58.011392Z,0.83,payments-team
INC685,CHG1042,Node resource limits adjustment,2026-01-06T12:57:58.011392Z,0.64,infra-team
INC686,CHG1043,api-gateway service config update,2026-01-04T11:12:58.011392Z,0.94,search-team
INC687,CHG1044,container-registry storage expansion,2026-01-10T05:32:58.011392Z,0.51,security-team
INC687,CHG1045,reporting bulk import job,2026-01-08T23:23:58.011392Z,0.86,platform-team
INC688,CHG1046,session service config update,2026-01-09T02:52:58.011392Z,0.74,dba-team
INC689,CHG1047,user threshold adjustment,2026-01-09T15:31:58.011392Z,0.7,infra-team
INC689,CHG1048,Database schema update,2026-01-07T23:17:58.011392Z,0.48,dba-team
INC690,CHG1049,notification compilation pipeline update,2026-01-12T12:18:58.011392Z,0.68,payments-team
INC690,CHG1050,cdn timeout configuration change,2026-01-12T02:44:58.011392Z,0.51,devops-team
INC691,CHG1051,notification consumer prefetch configuration,2026-01-06T16:25:58.011392Z,0.49,observability-team
INC692,CHG1052,elasticsearch compilation pipeline update,2026-01-06T02:18:58.011392Z,0.56,payments-team
INC693,CHG1053,search batch processing enhancement,2026-01-11T04:08:58.011392Z,0.49,payments-team
INC694,CHG1054,user compilation pipeline update,2026-01-06T10:51:58.011392Z,0.89,platform-team
INC694,CHG1055,order node pool scaling automation,2026-01-07T05:19:58.011392Z,0.6,observability-team
INC695,CHG1056,order storage expansion,2026-01-08T06:08:58.011392Z,0.61,search-team
INC695,CHG1057,CI/CD pipeline image caching update,2026-01-08T14:52:58.011392Z,0.78,observability-team
INC696,CHG1058,email batch processing enhancement,2026-01-06T20:08:58.011392Z,0.8,identity-team
INC697,CHG1059,logging rate limiting adjustment,2026-01-09T15:58:58.011392Z,0.96,search-team
INC697,CHG1060,Load balancer search configuration update,2026-01-12T22:49:58.011392Z,0.94,security-team
INC698,CHG1061,CI/CD pipeline image caching update,2026-01-13T13:43:58.011392Z,0.77,infra-team
INC699,CHG1062,email log parsing configuration update,2026-01-06T20:37:58.011392Z,0.87,ops-team
INC699,CHG1063,fulfillment threshold adjustment,2026-01-09T04:51:58.011392Z,0.85,platform-team
INC700,CHG1064,ci-cd routing rules update,2026-01-04T15:00:58.011392Z,0.46,payments-team
INC700,CHG1065,reporting batch processing enhancement,2026-01-06T09:04:58.011392Z,0.64,api-team
INC701,CHG1066,checkout routing rules update,2026-01-05T11:38:58.011392Z,0.81,security-team
INC702,CHG1067,frontend node pool scaling automation,2026-01-05T17:42:58.011392Z,0.47,infra-team
INC703,CHG1068,read-replica storage expansion,2026-01-04T09:18:58.011392Z,0.68,search-team
INC703,CHG1069,rate-limiter version upgrade,2026-01-04T12:12:58.011392Z,0.87,infra-team
INC704,CHG1070,order log parsing configuration update,2026-01-13T18:02:58.011392Z,0.67,ops-team
INC705,CHG1071,product SDK upgrade to v3.3.3,2026-01-13T09:21:58.011392Z,0.93,identity-team
INC706,CHG1072,database SDK upgrade to v3.2.8,2026-01-09T22:16:58.011392Z,0.55,devops-team
INC707,CHG1073,auth node pool scaling automation,2026-01-09T12:38:58.011392Z,0.71,payments-team
INC708,CHG1074,reporting routing rules update,2026-01-08T20:06:58.011392Z,0.47,infra-team
INC708,CHG1075,reporting timeout configuration change,2026-01-14T11:03:58.011392Z,0.71,ops-team
INC709,CHG1076,read-replica storage backend migration,2026-01-08T21:06:58.011392Z,0.74,devops-team
INC709,CHG1077,user consumer prefetch configuration,2026-01-05T22:06:58.011392Z,0.61,ops-team
INC710,CHG1078,reporting routing rules update,2026-01-10T17:40:58.011392Z,0.94,observability-team
INC711,CHG1079,Node resource limits adjustment,2026-01-11T09:07:58.011392Z,0.76,platform-team
INC711,CHG1080,database template engine update,2026-01-07T14:08:58.011392Z,0.9,security-team
INC712,CHG1081,Database schema update,2026-01-09T06:19:58.011392Z,0.49,payments-team
INC713,CHG1082,CI/CD pipeline image caching update,2026-01-14T08:26:58.011392Z,0.86,infra-team
INC713,CHG1083,product threshold adjustment,2026-01-08T01:42:58.011392Z,0.77,api-team
INC714,CHG1084,rabbitmq connection pool resize,2026-01-10T10:56:58.011392Z,0.6,api-team
INC715,CHG1085,Load balancer ci-cd configuration update,2026-01-08T15:25:58.011392Z,0.46,platform-team
INC716,CHG1086,Load balancer auth configuration update,2026-01-13T18:40:58.011392Z,0.77,dba-team
INC717,CHG1087,container-registry SDK upgrade to v3.0.7,2026-01-09T06:02:58.011392Z,0.69,infra-team
INC718,CHG1088,api-gateway template engine update,2026-01-12T04:13:58.011392Z,0.83,security-team
INC718,CHG1089,Node resource limits adjustment,2026-01-06T19:47:58.011392Z,0.56,api-team
INC719,CHG1090,container-registry log parsing configuration update,2026-01-04T10:35:58.011392Z,0.92,payments-team
INC719,CHG1091,payment rate limiting adjustment,2026-01-05T06:31:58.011392Z,0.57,payments-team
INC720,CHG1092,api-gateway feature deployment,2026-01-11T18:57:58.011392Z,0.57,payments-team
INC720,CHG1093,load-balancer threshold adjustment,2026-01-08T06:40:58.011392Z,0.63,devops-team
INC721,CHG1094,reporting timeout configuration change,2026-01-10T01:14:58.011392Z,0.92,security-team
INC721,CHG1095,logging storage backend migration,2026-01-04T01:21:58.011392Z,0.54,identity-team
INC722,CHG1096,payment log parsing configuration update,2026-01-08T13:42:58.011392Z,0.57,ops-team
INC723,CHG1097,fluentd compilation pipeline update,2026-01-10T05:47:58.011392Z,0.74,payments-team
INC724,CHG1098,product node pool scaling automation,2026-01-07T18:12:58.011392Z,0.58,observability-team
INC725,CHG1099,order client library update,2026-01-12T17:27:58.011392Z,0.88,dba-team
INC726,CHG1100,email node pool scaling automation,2026-01-11T01:57:58.011392Z,0.78,payments-team
INC727,CHG1101,user storage expansion,2026-01-14T02:57:58.011392Z,0.97,api-team
INC727,CHG1102,kubernetes rate limiting adjustment,2026-01-07T19:52:58.011392Z,0.53,payments-team
INC728,CHG1103,CI/CD pipeline image caching update,2026-01-08T07:32:58.011392Z,0.57,infra-team
INC729,CHG1104,oauth-provider node pool scaling automation,2026-01-04T00:21:58.011392Z,0.85,payments-team
INC729,CHG1105,product cluster version upgrade to 4.3,2026-01-14T11:33:58.011392Z,0.92,infra-team
INC730,CHG1106,container-registry routing rules update,2026-01-13T22:01:58.011392Z,0.48,observability-team
INC731,CHG1107,rabbitmq node pool scaling automation,2026-01-13T07:52:58.011392Z,0.64,search-team
INC731,CHG1108,container-registry rate limiting adjustment,2026-01-05T12:26:58.011392Z,0.72,api-team
INC732,CHG1109,oauth-provider log parsing configuration update,2026-01-08T05:52:58.011392Z,0.63,identity-team
INC733,CHG1110,auth connection pool resize,2026-01-07T10:19:58.011392Z,0.81,identity-team
INC734,CHG1111,session bulk import job,2026-01-10T21:37:58.011392Z,0.5,ops-team
INC735,CHG1112,Load balancer user configuration update,2026-01-13T04:59:58.011392Z,0.56,search-team
INC735,CHG1113,Database schema update,2026-01-08T00:15:58.011392Z,0.84,security-team
INC736,CHG1114,payment batch processing enhancement,2026-01-06T06:48:58.011392Z,0.81,platform-team
INC736,CHG1115,session compilation pipeline update,2026-01-13T00:51:58.011392Z,0.65,observability-team
INC737,CHG1116,payment cluster version upgrade to 1.6,2026-01-12T01:45:58.011392Z,0.47,payments-team
INC738,CHG1117,cache index lifecycle policy change,2026-01-14T12:39:58.011392Z,0.59,ops-team
INC738,CHG1118,Batch reporting job schedule change,2026-01-10T02:56:58.011392Z,0.87,infra-team
INC739,CHG1119,email connection pool resize,2026-01-05T22:13:58.011392Z,0.62,ops-team
INC740,CHG1120,rate-limiter storage backend migration,2026-01-10T20:59:58.011392Z,0.73,payments-team
INC741,CHG1121,elasticsearch bulk import job,2026-01-07T07:30:58.011392Z,0.75,dba-team
INC742,CHG1122,oauth-provider mapping template update,2026-01-05T17:13:58.011392Z,0.78,platform-team
INC742,CHG1123,logging feature deployment,2026-01-07T20:45:58.011392Z,0.59,search-team
INC743,CHG1124,CI/CD pipeline image caching update,2026-01-05T19:15:58.011392Z,0.6,observability-team
INC743,CHG1125,Load balancer email configuration update,2026-01-11T13:32:58.011392Z,0.81,search-team
INC744,CHG1126,cdn cache TTL configuration change,2026-01-13T08:08:58.011392Z,0.92,api-team
INC745,CHG1127,Load balancer user configuration update,2026-01-11T23:39:58.011392Z,0.82,infra-team
INC745,CHG1128,logging feature deployment,2026-01-11T10:57:58.011392Z,0.84,dba-team
INC746,CHG1129,frontend routing rules update,2026-01-04T21:58:58.011392Z,0.94,dba-team
INC746,CHG1130,logging rate limiting adjustment,2026-01-10T15:21:58.011392Z,0.75,platform-team
INC747,CHG1131,email cache TTL configuration change,2026-01-09T16:16:58.011392Z,0.87,api-team
INC747,CHG1132,Batch reporting job schedule change,2026-01-11T00:45:58.011392Z,0.61,dba-team
INC748,CHG1133,search client library update,2026-01-08T09:05:58.011392Z,0.8,identity-team
INC748,CHG1134,logging cache TTL configuration change,2026-01-07T14:51:58.011392Z,0.85,security-team
INC749,CHG1135,kubernetes mapping template update,2026-01-04T11:54:58.011392Z,0.75,api-team
INC750,CHG1136,cdn storage expansion,2026-01-14T08:12:58.011392Z,0.84,payments-team
INC751,CHG1137,frontend threshold adjustment,2026-01-10T02:21:58.011392Z,0.64,dba-team
INC751,CHG1138,email compilation pipeline update,2026-01-11T05:49:58.011392Z,0.46,api-team
INC752,CHG1139,reporting feature deployment,2026-01-12T02:15:58.011392Z,0.71,platform-team
INC753,CHG1140,api-gateway SDK upgrade to v4.5.2,2026-01-12T14:34:58.011392Z,0.45,dba-team
INC754,CHG1141,Batch reporting job schedule change,2026-01-04T09:56:58.011392Z,0.89,devops-team
INC754,CHG1142,ci-cd storage expansion,2026-01-05T10:37:58.011392Z,0.64,dba-team
INC755,CHG1143,frontend bulk import job,2026-01-12T14:26:58.011392Z,0.52,infra-team
INC756,CHG1144,checkout timeout configuration change,2026-01-10T07:31:58.011392Z,0.96,observability-team
INC757,CHG1145,api-gateway cluster version upgrade to 4.5,2026-01-10T06:52:58.011392Z,0.97,identity-team
INC757,CHG1146,cdn routing rules update,2026-01-08T01:00:58.011392Z,0.87,identity-team
INC758,CHG1147,logging batch processing enhancement,2026-01-14T17:59:58.011392Z,0.59,dba-team
INC759,CHG1148,logging template engine update,2026-01-11T07:15:58.011392Z,0.58,api-team
INC760,CHG1149,oauth-provider cache TTL configuration change,2026-01-07T05:02:58.011392Z,0.74,platform-team
INC760,CHG1150,user node pool scaling automation,2026-01-08T08:35:58.011392Z,0.48,payments-team
INC761,CHG1151,cache bulk import job,2026-01-13T07:55:58.011392Z,0.82,ops-team
INC762,CHG1152,order compilation pipeline update,2026-01-10T08:00:58.011392Z,0.47,infra-team
INC762,CHG1153,Load balancer fluentd configuration update,2026-01-05T09:02:58.011392Z,0.69,api-team
INC763,CHG1154,ci-cd mapping template update,2026-01-05T18:27:58.011392Z,0.79,platform-team
INC763,CHG1155,Load balancer fluentd configuration update,2026-01-07T10:36:58.011392Z,0.52,infra-team
INC764,CHG1156,checkout cluster version upgrade to 2.0,2026-01-07T21:36:58.011392Z,0.97,dba-team
INC764,CHG1157,container-registry cluster version upgrade to 4.2,2026-01-06T18:22:58.011392Z,0.92,infra-team
INC765,CHG1158,cache connection pool resize,2026-01-04T21:22:58.011392Z,0.55,observability-team
INC766,CHG1159,cache cluster version upgrade to 3.2,2026-01-08T21:54:58.011392Z,0.85,security-team
INC766,CHG1160,frontend cluster version upgrade to 5.8,2026-01-10T04:20:58.011392Z,0.76,infra-team
INC767,CHG1161,Database schema update,2026-01-13T15:22:58.011392Z,0.54,identity-team
INC767,CHG1162,read-replica timeout configuration change,2026-01-14T09:35:58.011392Z,0.48,dba-team
INC768,CHG1163,order storage backend migration,2026-01-09T21:45:58.011392Z,0.57,observability-team
INC769,CHG1164,read-replica client library update,2026-01-13T03:54:58.011392Z,0.47,payments-team
INC770,CHG1165,fulfillment bulk import job,2026-01-12T12:34:58.011392Z,0.57,payments-team
INC771,CHG1166,user version upgrade,2026-01-04T09:32:58.011392Z,0.79,security-team
INC771,CHG1167,Load balancer ci-cd configuration update,2026-01-12T13:29:58.011392Z,0.91,platform-team
INC772,CHG1168,reporting storage backend migration,2026-01-09T12:25:58.011392Z,0.46,payments-team
INC772,CHG1169,Batch reporting job schedule change,2026-01-04T23:07:58.011392Z,0.87,security-team
INC773,CHG1170,Batch reporting job schedule change,2026-01-04T04:38:58.011392Z,0.95,api-team
INC773,CHG1171,elasticsearch rate limiting adjustment,2026-01-12T17:19:58.011392Z,0.77,infra-team
INC774,CHG1172,CI/CD pipeline image caching update,2026-01-08T00:19:58.011392Z,0.75,observability-team
INC775,CHG1173,Load balancer rabbitmq configuration update,2026-01-07T10:26:58.011392Z,0.9,ops-team
INC776,CHG1174,cache version upgrade,2026-01-14T15:05:58.011392Z,0.91,dba-team
INC776,CHG1175,session feature deployment,2026-01-06T01:18:58.011392Z,0.52,search-team
INC777,CHG1176,fluentd service config update,2026-01-12T06:37:58.011392Z,0.81,platform-team
INC778,CHG1177,Load balancer cache configuration update,2026-01-05T13:40:58.011392Z,0.61,api-team
INC779,CHG1178,api-gateway version upgrade,2026-01-10T08:46:58.011392Z,0.9,ops-team
INC780,CHG1179,Load balancer checkout configuration update,2026-01-05T05:22:58.011392Z,0.67,security-team
INC780,CHG1180,notification cache TTL configuration change,2026-01-06T22:33:58.011392Z,0.83,platform-team
INC781,CHG1181,payment storage expansion,2026-01-05T08:43:58.011392Z,0.48,observability-team
INC781,CHG1182,container-registry cluster version upgrade to 2.0,2026-01-09T06:59:58.011392Z,0.96,security-team
INC782,CHG1183,oauth-provider routing rules update,2026-01-07T19:51:58.011392Z,0.74,infra-team
INC783,CHG1184,search index lifecycle policy change,2026-01-06T06:38:58.011392Z,0.82,infra-team
INC783,CHG1185,Database schema update,2026-01-13T22:17:58.011392Z,0.86,platform-team
INC784,CHG1186,reporting service config update,2026-01-13T10:38:58.011392Z,0.47,api-team
INC784,CHG1187,payment timeout configuration change,2026-01-10T18:42:58.011392Z,0.8,api-team
INC785,CHG1188,container-registry batch processing enhancement,2026-01-11T00:05:58.011392Z,0.61,devops-team
INC786,CHG1189,payment bulk import job,2026-01-08T04:33:58.011392Z,0.52,ops-team
INC787,CHG1190,order threshold adjustment,2026-01-12T17:47:58.011392Z,0.62,api-team
INC787,CHG1191,database mapping template update,2026-01-09T20:07:58.011392Z,0.94,platform-team
INC788,CHG1192,frontend client library update,2026-01-11T08:15:58.011392Z,0.91,identity-team
INC788,CHG1193,CI/CD pipeline image caching update,2026-01-10T17:32:58.011392Z,0.52,devops-team
INC789,CHG1194,fulfillment bulk import job,2026-01-04T21:28:58.011392Z,0.81,infra-team
INC790,CHG1195,api-gateway batch processing enhancement,2026-01-10T06:56:58.011392Z,0.82,dba-team
INC790,CHG1196,search consumer prefetch configuration,2026-01-07T02:30:58.011392Z,0.51,payments-team
INC791,CHG1197,Batch reporting job schedule change,2026-01-06T15:00:58.011392Z,0.81,platform-team
INC792,CHG1198,Database schema update,2026-01-08T00:20:58.011392Z,0.56,payments-team
INC793,CHG1199,checkout feature deployment,2026-01-10T05:10:58.011392Z,0.88,dba-team
INC793,CHG1200,Node resource limits adjustment,2026-01-08T20:17:58.011392Z,0.71,search-team
INC794,CHG1201,reporting node pool scaling automation,2026-01-12T15:15:58.011392Z,0.81,platform-team
INC794,CHG1202,cdn service config update,2026-01-07T13:16:58.011392Z,0.74,ops-team
INC795,CHG1203,Batch reporting job schedule change,2026-01-14T12:21:58.011392Z,0.91,dba-team
INC795,CHG1204,cache log parsing configuration update,2026-01-06T07:03:58.011392Z,0.84,observability-team
INC796,CHG1205,container-registry storage expansion,2026-01-04T06:09:58.011392Z,0.78,security-team
INC797,CHG1206,read-replica storage expansion,2026-01-05T19:16:58.011392Z,0.85,platform-team
INC798,CHG1207,notification compilation pipeline update,2026-01-05T04:40:58.011392Z,0.46,observability-team
INC798,CHG1208,email storage expansion,2026-01-11T08:29:58.011392Z,0.63,infra-team
INC799,CHG1209,payment storage expansion,2026-01-07T22:11:58.011392Z,0.85,dba-team
INC799,CHG1210,fluentd threshold adjustment,2026-01-06T22:49:58.011392Z,0.56,infra-team
INC800,CHG1211,fluentd timeout configuration change,2026-01-12T03:15:58.011392Z,0.79,search-team
INC801,CHG1212,Node resource limits adjustment,2026-01-05T07:37:58.011392Z,0.7,platform-team
INC802,CHG1213,order timeout configuration change,2026-01-09T04:07:58.011392Z,0.59,dba-team
INC803,CHG1214,Database schema update,2026-01-06T15:45:58.011392Z,0.84,platform-team
INC803,CHG1215,api-gateway storage backend migration,2026-01-11T21:22:58.011392Z,0.45,platform-team
INC804,CHG1216,Load balancer database configuration update,2026-01-06T19:05:58.011392Z,0.78,infra-team
INC805,CHG1217,fluentd SDK upgrade to v3.6.0,2026-01-11T01:21:58.011392Z,0.71,security-team
INC805,CHG1218,session service config update,2026-01-14T03:26:58.011392Z,0.6,platform-team
INC806,CHG1219,checkout SDK upgrade to v1.7.8,2026-01-09T08:11:58.011392Z,0.97,payments-team
INC807,CHG1220,logging feature deployment,2026-01-05T02:47:58.011392Z,0.64,search-team
INC808,CHG1221,checkout version upgrade,2026-01-06T21:24:58.011392Z,0.53,platform-team
INC809,CHG1222,kubernetes rate limiting adjustment,2026-01-11T05:50:58.011392Z,0.6,security-team
INC809,CHG1223,Batch reporting job schedule change,2026-01-12T15:38:58.011392Z,0.65,identity-team
INC810,CHG1224,payment log parsing configuration update,2026-01-12T17:32:58.011392Z,0.66,observability-team
INC811,CHG1225,api-gateway batch processing enhancement,2026-01-04T16:59:58.011392Z,0.7,api-team
INC811,CHG1226,user threshold adjustment,2026-01-05T10:56:58.011392Z,0.91,dba-team
INC812,CHG1227,container-registry index lifecycle policy change,2026-01-12T22:43:58.011392Z,0.87,payments-team
INC813,CHG1228,logging rate limiting adjustment,2026-01-10T02:36:58.011392Z,0.62,ops-team
INC813,CHG1229,Database schema update,2026-01-12T11:12:58.011392Z,0.54,identity-team
INC814,CHG1230,cache log parsing configuration update,2026-01-13T08:20:58.011392Z,0.78,security-team
INC815,CHG1231,ci-cd storage backend migration,2026-01-06T01:57:58.011392Z,0.53,payments-team
INC815,CHG1232,rabbitmq routing rules update,2026-01-13T20:41:58.011392Z,0.57,api-team
INC816,CHG1233,Database schema update,2026-01-09T20:59:58.011392Z,0.66,api-team
INC816,CHG1234,Batch reporting job schedule change,2026-01-14T03:51:58.011392Z,0.46,ops-team
INC817,CHG1235,load-balancer storage expansion,2026-01-08T19:25:58.011392Z,0.64,api-team
INC817,CHG1236,frontend storage backend migration,2026-01-06T06:31:58.011392Z,0.92,search-team
INC818,CHG1237,CI/CD pipeline image caching update,2026-01-12T21:38:58.011392Z,0.59,dba-team
INC818,CHG1238,Load balancer container-registry configuration update,2026-01-09T12:25:58.011392Z,0.47,platform-team
INC819,CHG1239,cdn routing rules update,2026-01-11T02:56:58.011392Z,0.68,platform-team
INC819,CHG1240,Node resource limits adjustment,2026-01-07T19:45:58.011392Z,0.53,dba-team
INC820,CHG1241,Node resource limits adjustment,2026-01-06T17:09:58.011392Z,0.67,ops-team
INC821,CHG1242,frontend timeout configuration change,2026-01-08T06:45:58.011392Z,0.58,platform-team
INC821,CHG1243,CI/CD pipeline image caching update,2026-01-04T08:36:58.011392Z,0.61,identity-team
INC822,CHG1244,fluentd mapping template update,2026-01-05T01:05:58.011392Z,0.82,platform-team
INC822,CHG1245,read-replica log parsing configuration update,2026-01-11T06:50:58.011392Z,0.86,devops-team
INC823,CHG1246,database compilation pipeline update,2026-01-06T02:36:58.011392Z,0.7,payments-team
INC824,CHG1247,fluentd index lifecycle policy change,2026-01-14T10:06:58.011392Z,0.66,api-team
INC824,CHG1248,order index lifecycle policy change,2026-01-09T21:36:58.011392Z,0.6,observability-team
INC825,CHG1249,fulfillment cache TTL configuration change,2026-01-14T10:30:58.011392Z,0.75,api-team
INC825,CHG1250,kubernetes storage backend migration,2026-01-05T00:20:58.011392Z,0.69,search-team
INC826,CHG1251,elasticsearch version upgrade,2026-01-12T07:56:58.011392Z,0.88,ops-team
INC826,CHG1252,payment batch processing enhancement,2026-01-12T02:59:58.011392Z,0.49,api-team
INC827,CHG1253,checkout routing rules update,2026-01-10T06:24:58.011392Z,0.65,dba-team
INC827,CHG1254,container-registry batch processing enhancement,2026-01-04T23:27:58.011392Z,0.62,ops-team
INC828,CHG1255,rate-limiter connection pool resize,2026-01-11T10:52:58.011392Z,0.91,devops-team
INC829,CHG1256,logging cache TTL configuration change,2026-01-10T12:50:58.011392Z,0.97,ops-team
INC829,CHG1257,Database schema update,2026-01-06T15:41:58.011392Z,0.55,ops-team
INC830,CHG1258,auth compilation pipeline update,2026-01-14T11:30:58.011392Z,0.56,platform-team
INC831,CHG1259,rabbitmq rate limiting adjustment,2026-01-07T04:44:58.011392Z,0.9,identity-team
INC831,CHG1260,container-registry connection pool resize,2026-01-04T03:49:58.011392Z,0.73,identity-team
INC832,CHG1261,Load balancer fluentd configuration update,2026-01-08T22:44:58.011392Z,0.87,dba-team
INC832,CHG1262,search service config update,2026-01-08T21:13:58.011392Z,0.86,devops-team
INC833,CHG1263,CI/CD pipeline image caching update,2026-01-10T14:50:58.011392Z,0.85,identity-team
INC834,CHG1264,reporting connection pool resize,2026-01-09T12:36:58.011392Z,0.78,identity-team
INC835,CHG1265,container-registry storage expansion,2026-01-12T14:58:58.011392Z,0.58,infra-team
INC836,CHG1266,load-balancer connection pool resize,2026-01-04T21:52:58.011392Z,0.73,search-team
INC837,CHG1267,ci-cd mapping template update,2026-01-13T16:10:58.011392Z,0.54,infra-team
INC837,CHG1268,api-gateway routing rules update,2026-01-13T07:24:58.011392Z,0.63,security-team
INC838,CHG1269,ci-cd routing rules update,2026-01-11T22:14:58.011392Z,0.94,infra-team
INC838,CHG1270,cache connection pool resize,2026-01-05T18:15:58.011392Z,0.49,observability-team
INC839,CHG1271,email rate limiting adjustment,2026-01-14T03:44:58.011392Z,0.76,observability-team
INC840,CHG1272,fluentd cache TTL configuration change,2026-01-07T04:07:58.011392Z,0.52,infra-team
INC840,CHG1273,reporting cache TTL configuration change,2026-01-10T18:21:58.011392Z,0.48,payments-team
INC841,CHG1274,cdn connection pool resize,2026-01-04T13:50:58.011392Z,0.61,platform-team
INC841,CHG1275,product service config update,2026-01-10T07:27:58.011392Z,0.85,identity-team
INC842,CHG1276,reporting compilation pipeline update,2026-01-05T04:13:58.011392Z,0.78,security-team
INC843,CHG1277,Database schema update,2026-01-11T04:24:58.011392Z,0.73,dba-team
INC844,CHG1278,oauth-provider timeout configuration change,2026-01-11T00:26:58.011392Z,0.51,devops-team
INC845,CHG1279,Batch reporting job schedule change,2026-01-13T03:51:58.011392Z,0.89,identity-team
INC845,CHG1280,rate-limiter index lifecycle policy change,2026-01-08T06:07:58.011392Z,0.65,dba-team
INC846,CHG1281,rate-limiter batch processing enhancement,2026-01-08T04:19:58.011392Z,0.57,identity-team
INC846,CHG1282,auth rate limiting adjustment,2026-01-05T03:49:58.011392Z,0.69,platform-team
INC847,CHG1283,elasticsearch connection pool resize,2026-01-05T05:06:58.011392Z,0.67,search-team
INC847,CHG1284,rabbitmq cache TTL configuration change,2026-01-11T20:48:58.011392Z,0.93,infra-team
INC848,CHG1285,container-registry batch processing enhancement,2026-01-06T10:21:58.011392Z,0.95,payments-team
INC849,CHG1286,Batch reporting job schedule change,2026-01-05T07:11:58.011392Z,0.78,devops-team
INC850,CHG1287,fulfillment log parsing configuration update,2026-01-11T06:59:58.011392Z,0.69,security-team
INC850,CHG1288,cdn storage backend migration,2026-01-08T09:32:58.011392Z,0.73,api-team
INC851,CHG1289,database consumer prefetch configuration,2026-01-04T12:53:58.011392Z,0.51,identity-team
INC852,CHG1290,container-registry log parsing configuration update,2026-01-11T04:52:58.011392Z,0.94,search-team
INC852,CHG1291,rate-limiter threshold adjustment,2026-01-09T19:35:58.011392Z,0.51,security-team
INC853,CHG1292,load-balancer mapping template update,2026-01-10T13:52:58.011392Z,0.93,ops-team
INC854,CHG1293,logging log parsing configuration update,2026-01-07T00:17:58.011392Z,0.87,identity-team
INC855,CHG1294,database batch processing enhancement,2026-01-10T10:37:58.011392Z,0.61,api-team
INC855,CHG1295,rabbitmq bulk import job,2026-01-03T19:53:58.011392Z,0.7,api-team
INC856,CHG1296,frontend template engine update,2026-01-10T12:31:58.011392Z,0.78,infra-team
INC856,CHG1297,CI/CD pipeline image caching update,2026-01-10T18:30:58.011392Z,0.53,api-team
INC857,CHG1298,logging consumer prefetch configuration,2026-01-07T21:22:58.011392Z,0.86,platform-team
INC858,CHG1299,auth mapping template update,2026-01-03T18:53:58.011392Z,0.78,observability-team
INC858,CHG1300,cdn consumer prefetch configuration,2026-01-09T00:29:58.011392Z,0.47,platform-team
INC859,CHG1301,database connection pool resize,2026-01-09T13:37:58.011392Z,0.53,platform-team
INC859,CHG1302,payment routing rules update,2026-01-09T18:09:58.011392Z,0.77,ops-team
INC860,CHG1303,oauth-provider feature deployment,2026-01-07T23:06:58.011392Z,0.48,payments-team
INC860,CHG1304,ci-cd client library update,2026-01-05T19:11:58.011392Z,0.65,api-team
INC861,CHG1305,checkout routing rules update,2026-01-08T17:53:58.011392Z,0.67,devops-team
INC861,CHG1306,container-registry compilation pipeline update,2026-01-11T13:50:58.011392Z,0.52,platform-team
INC862,CHG1307,database bulk import job,2026-01-04T02:50:58.011392Z,0.81,identity-team
INC863,CHG1308,rate-limiter mapping template update,2026-01-11T19:13:58.011392Z,0.84,api-team
INC864,CHG1309,ci-cd bulk import job,2026-01-13T22:19:58.011392Z,0.57,ops-team
INC865,CHG1310,checkout storage backend migration,2026-01-12T07:21:58.011392Z,0.48,dba-team
INC865,CHG1311,Database schema update,2026-01-05T21:41:58.011392Z,0.9,infra-team
INC866,CHG1312,Database schema update,2026-01-13T07:19:58.011392Z,0.57,ops-team
INC866,CHG1313,cache storage expansion,2026-01-08T11:01:58.011392Z,0.49,devops-team
INC867,CHG1314,auth mapping template update,2026-01-11T03:26:58.011392Z,0.97,platform-team
INC867,CHG1315,rabbitmq cache TTL configuration change,2026-01-08T04:17:58.011392Z,0.51,payments-team
INC868,CHG1316,product threshold adjustment,2026-01-05T13:51:58.011392Z,0.55,devops-team
INC868,CHG1317,Load balancer checkout configuration update,2026-01-13T05:26:58.011392Z,0.51,ops-team
INC869,CHG1318,cdn index lifecycle policy change,2026-01-05T21:51:58.011392Z,0.63,search-team
INC869,CHG1319,read-replica index lifecycle policy change,2026-01-06T07:08:58.011392Z,0.7,security-team
INC870,CHG1320,fluentd routing rules update,2026-01-13T02:20:58.011392Z,0.72,observability-team
INC871,CHG1321,user consumer prefetch configuration,2026-01-09T14:58:58.011392Z,0.5,identity-team
INC872,CHG1322,checkout threshold adjustment,2026-01-06T18:43:58.011392Z,0.52,observability-team
INC872,CHG1323,api-gateway service config update,2026-01-04T05:36:58.011392Z,0.7,identity-team
INC873,CHG1324,logging version upgrade,2026-01-09T07:57:58.011392Z,0.93,devops-team
INC874,CHG1325,order node pool scaling automation,2026-01-09T17:27:58.011392Z,0.81,platform-team
INC875,CHG1326,user SDK upgrade to v1.9.5,2026-01-13T14:06:58.011392Z,0.82,ops-team
INC875,CHG1327,checkout template engine update,2026-01-08T03:16:58.011392Z,0.9,api-team
INC876,CHG1328,elasticsearch storage backend migration,2026-01-09T13:06:58.011392Z,0.54,api-team
INC877,CHG1329,user timeout configuration change,2026-01-14T03:18:58.011392Z,0.73,identity-team
INC878,CHG1330,notification rate limiting adjustment,2026-01-09T17:03:58.011392Z,0.51,devops-team
INC879,CHG1331,rate-limiter template engine update,2026-01-06T02:48:58.011392Z,0.65,dba-team
INC880,CHG1332,product log parsing configuration update,2026-01-04T11:06:58.011392Z,0.47,ops-team
INC881,CHG1333,rate-limiter SDK upgrade to v4.8.0,2026-01-12T10:24:58.011392Z,0.51,observability-team
INC881,CHG1334,email cluster version upgrade to 5.4,2026-01-06T22:42:58.011392Z,0.53,observability-team
INC882,CHG1335,product storage backend migration,2026-01-10T06:02:58.011392Z,0.85,devops-team
INC883,CHG1336,database cluster version upgrade to 1.7,2026-01-11T15:13:58.011392Z,0.75,ops-team
INC884,CHG1337,cache storage backend migration,2026-01-11T21:23:58.011392Z,0.91,observability-team
INC885,CHG1338,CI/CD pipeline image caching update,2026-01-10T23:24:58.011392Z,0.49,dba-team
INC886,CHG1339,user compilation pipeline update,2026-01-10T09:31:58.011392Z,0.65,dba-team
INC887,CHG1340,load-balancer template engine update,2026-01-06T17:44:58.011392Z,0.49,identity-team
INC887,CHG1341,checkout index lifecycle policy change,2026-01-04T11:39:58.011392Z,0.46,ops-team
INC888,CHG1342,checkout threshold adjustment,2026-01-08T16:40:58.011392Z,0.78,identity-team
INC889,CHG1343,rate-limiter rate limiting adjustment,2026-01-06T21:09:58.011392Z,0.49,identity-team
INC890,CHG1344,Load balancer user configuration update,2026-01-07T12:55:58.011392Z,0.52,identity-team
INC891,CHG1345,checkout threshold adjustment,2026-01-05T01:24:58.011392Z,0.94,search-team
INC891,CHG1346,CI/CD pipeline image caching update,2026-01-04T03:35:58.011392Z,0.89,identity-team
INC892,CHG1347,cdn consumer prefetch configuration,2026-01-03T19:13:58.011392Z,0.94,platform-team
INC892,CHG1348,ci-cd threshold adjustment,2026-01-08T00:11:58.011392Z,0.69,platform-team
INC893,CHG1349,CI/CD pipeline image caching update,2026-01-04T14:22:58.011392Z,0.69,infra-team
INC893,CHG1350,product index lifecycle policy change,2026-01-13T13:30:58.011392Z,0.55,infra-team
INC894,CHG1351,session routing rules update,2026-01-11T15:07:58.011392Z,0.59,infra-team
INC894,CHG1352,ci-cd rate limiting adjustment,2026-01-09T02:43:58.011392Z,0.94,ops-team
INC895,CHG1353,cache batch processing enhancement,2026-01-09T17:01:58.011392Z,0.79,payments-team
INC896,CHG1354,search index lifecycle policy change,2026-01-12T13:35:58.011392Z,0.78,platform-team
INC896,CHG1355,oauth-provider SDK upgrade to v1.0.8,2026-01-14T08:43:58.011392Z,0.73,security-team
INC897,CHG1356,search version upgrade,2026-01-08T16:18:58.011392Z,0.66,search-team
INC898,CHG1357,elasticsearch rate limiting adjustment,2026-01-08T10:21:58.011392Z,0.71,security-team
INC899,CHG1358,email cluster version upgrade to 5.8,2026-01-11T08:00:58.011392Z,0.57,identity-team
INC899,CHG1359,payment batch processing enhancement,2026-01-05T16:33:58.011392Z,0.46,observability-team
INC900,CHG1360,frontend index lifecycle policy change,2026-01-12T13:21:58.011392Z,0.86,platform-team
INC901,CHG1361,session log parsing configuration update,2026-01-05T08:01:58.011392Z,0.81,ops-team
INC901,CHG1362,kubernetes index lifecycle policy change,2026-01-08T13:33:58.011392Z,0.82,devops-team
INC902,CHG1363,user compilation pipeline update,2026-01-05T14:10:58.011392Z,0.65,identity-team
INC903,CHG1364,Load balancer elasticsearch configuration update,2026-01-05T13:26:58.011392Z,0.51,api-team
INC904,CHG1365,read-replica index lifecycle policy change,2026-01-06T03:20:58.011392Z,0.66,infra-team
INC904,CHG1366,order cache TTL configuration change,2026-01-10T17:24:58.011392Z,0.95,observability-team
INC905,CHG1367,database threshold adjustment,2026-01-12T09:48:58.011392Z,0.55,platform-team
INC905,CHG1368,container-registry rate limiting adjustment,2026-01-06T17:43:58.011392Z,0.95,platform-team
INC906,CHG1369,fulfillment consumer prefetch configuration,2026-01-07T01:30:58.011392Z,0.92,infra-team
INC906,CHG1370,elasticsearch bulk import job,2026-01-06T22:41:58.011392Z,0.55,observability-team
INC907,CHG1371,email storage expansion,2026-01-10T13:57:58.011392Z,0.74,dba-team
INC907,CHG1372,notification index lifecycle policy change,2026-01-05T19:45:58.011392Z,0.57,ops-team
INC908,CHG1373,order routing rules update,2026-01-14T02:35:58.011392Z,0.69,ops-team
INC908,CHG1374,elasticsearch SDK upgrade to v4.9.6,2026-01-09T07:44:58.011392Z,0.93,search-team
INC909,CHG1375,CI/CD pipeline image caching update,2026-01-07T14:20:58.011392Z,0.97,api-team
INC909,CHG1376,cache client library update,2026-01-11T08:25:58.011392Z,0.76,api-team
INC910,CHG1377,CI/CD pipeline image caching update,2026-01-09T16:43:58.011392Z,0.93,dba-team
INC910,CHG1378,Node resource limits adjustment,2026-01-04T07:51:58.011392Z,0.72,payments-team
INC911,CHG1379,search timeout configuration change,2026-01-07T07:03:58.011392Z,0.57,dba-team
INC911,CHG1380,container-registry routing rules update,2026-01-05T15:08:58.011392Z,0.88,ops-team
INC912,CHG1381,order template engine update,2026-01-07T17:27:58.011392Z,0.93,security-team
INC912,CHG1382,fluentd service config update,2026-01-14T14:47:58.011392Z,0.68,ops-team
INC913,CHG1383,notification consumer prefetch configuration,2026-01-10T17:29:58.011392Z,0.49,api-team
INC914,CHG1384,rabbitmq version upgrade,2026-01-14T02:29:58.011392Z,0.81,infra-team
INC914,CHG1385,search storage expansion,2026-01-05T11:18:58.011392Z,0.61,api-team
INC915,CHG1386,database feature deployment,2026-01-04T02:17:58.011392Z,0.51,observability-team
INC915,CHG1387,read-replica index lifecycle policy change,2026-01-07T20:50:58.011392Z,0.57,dba-team
INC916,CHG1388,search client library update,2026-01-07T07:52:58.011392Z,0.88,devops-team
INC917,CHG1389,checkout threshold adjustment,2026-01-05T10:06:58.011392Z,0.75,api-team
INC918,CHG1390,order SDK upgrade to v5.2.8,2026-01-12T20:41:58.011392Z,0.46,payments-team
INC919,CHG1391,auth version upgrade,2026-01-12T18:48:58.011392Z,0.92,observability-team
INC919,CHG1392,api-gateway client library update,2026-01-10T15:29:58.011392Z,0.82,infra-team
INC920,CHG1393,email timeout configuration change,2026-01-08T09:02:58.011392Z,0.84,search-team
INC920,CHG1394,oauth-provider storage backend migration,2026-01-09T17:43:58.011392Z,0.55,infra-team
INC921,CHG1395,kubernetes index lifecycle policy change,2026-01-06T13:46:58.011392Z,0.58,dba-team
INC921,CHG1396,notification threshold adjustment,2026-01-06T18:28:58.011392Z,0.57,platform-team
INC922,CHG1397,oauth-provider node pool scaling automation,2026-01-06T01:44:58.011392Z,0.97,search-team
INC923,CHG1398,email connection pool resize,2026-01-14T11:17:58.011392Z,0.78,observability-team
INC924,CHG1399,session storage expansion,2026-01-04T23:03:58.011392Z,0.63,payments-team
INC925,CHG1400,ci-cd compilation pipeline update,2026-01-11T18:08:58.011392Z,0.6,api-team
INC926,CHG1401,product mapping template update,2026-01-10T19:57:58.011392Z,0.47,payments-team
INC926,CHG1402,logging node pool scaling automation,2026-01-11T16:49:58.011392Z,0.49,security-team
INC927,CHG1403,email connection pool resize,2026-01-10T17:36:58.011392Z,0.52,search-team
INC928,CHG1404,logging cache TTL configuration change,2026-01-04T13:57:58.011392Z,0.61,search-team
INC928,CHG1405,rabbitmq log parsing configuration update,2026-01-13T22:50:58.011392Z,0.51,payments-team
INC929,CHG1406,reporting connection pool resize,2026-01-07T22:00:58.011392Z,0.86,payments-team
INC930,CHG1407,Batch reporting job schedule change,2026-01-07T19:29:58.011392Z,0.61,infra-team
INC930,CHG1408,fulfillment client library update,2026-01-04T11:42:58.011392Z,0.65,platform-team
INC931,CHG1409,ci-cd node pool scaling automation,2026-01-10T18:10:58.011392Z,0.92,devops-team
INC931,CHG1410,oauth-provider threshold adjustment,2026-01-09T20:36:58.011392Z,0.58,payments-team
INC932,CHG1411,api-gateway service config update,2026-01-12T19:22:58.011392Z,0.6,identity-team
INC933,CHG1412,auth connection pool resize,2026-01-13T17:17:58.011392Z,0.59,api-team
INC934,CHG1413,payment SDK upgrade to v1.7.2,2026-01-05T20:03:58.011392Z,0.61,identity-team
INC935,CHG1414,checkout template engine update,2026-01-07T21:09:58.011392Z,0.76,platform-team
INC935,CHG1415,product feature deployment,2026-01-11T00:44:58.011392Z,0.51,platform-team
INC936,CHG1416,payment cache TTL configuration change,2026-01-07T04:57:58.011392Z,0.5,security-team
INC937,CHG1417,elasticsearch mapping template update,2026-01-11T03:02:58.011392Z,0.71,ops-team
INC938,CHG1418,elasticsearch batch processing enhancement,2026-01-12T05:21:58.011392Z,0.58,security-team
INC938,CHG1419,search cluster version upgrade to 5.9,2026-01-05T04:43:58.011392Z,0.5,devops-team
INC939,CHG1420,Load balancer frontend configuration update,2026-01-12T09:34:58.011392Z,0.91,api-team
INC939,CHG1421,Load balancer auth configuration update,2026-01-12T07:12:58.011392Z,0.47,platform-team
INC940,CHG1422,order feature deployment,2026-01-09T18:17:58.011392Z,0.91,payments-team
INC940,CHG1423,rabbitmq service config update,2026-01-07T09:47:58.011392Z,0.81,infra-team
INC941,CHG1424,search SDK upgrade to v3.0.8,2026-01-11T19:21:58.011392Z,0.67,infra-team
INC942,CHG1425,session client library update,2026-01-04T14:46:58.011392Z,0.92,infra-team
INC942,CHG1426,container-registry consumer prefetch configuration,2026-01-09T01:56:58.011392Z,0.47,payments-team
INC943,CHG1427,frontend compilation pipeline update,2026-01-12T06:21:58.011392Z,0.66,identity-team
INC943,CHG1428,Load balancer search configuration update,2026-01-12T01:43:58.011392Z,0.61,api-team
INC944,CHG1429,oauth-provider template engine update,2026-01-14T10:09:58.011392Z,0.48,devops-team
INC945,CHG1430,rabbitmq template engine update,2026-01-14T00:53:58.011392Z,0.75,dba-team
INC945,CHG1431,reporting mapping template update,2026-01-05T21:33:58.011392Z,0.46,identity-team
INC946,CHG1432,Node resource limits adjustment,2026-01-13T10:28:58.011392Z,0.78,identity-team
INC946,CHG1433,logging threshold adjustment,2026-01-10T05:38:58.011392Z,0.92,observability-team
INC947,CHG1434,Database schema update,2026-01-13T07:52:58.011392Z,0.9,identity-team
INC948,CHG1435,Node resource limits adjustment,2026-01-12T21:52:58.011392Z,0.65,search-team
INC949,CHG1436,elasticsearch connection pool resize,2026-01-07T18:02:58.011392Z,0.47,api-team
INC950,CHG1437,container-registry cluster version upgrade to 3.3,2026-01-06T01:38:58.011392Z,0.49,devops-team
INC950,CHG1438,rate-limiter feature deployment,2026-01-13T21:11:58.011392Z,0.47,dba-team
INC951,CHG1439,ci-cd SDK upgrade to v1.3.8,2026-01-11T09:38:58.011392Z,0.93,dba-team
INC952,CHG1440,oauth-provider service config update,2026-01-11T22:20:58.011392Z,0.75,platform-team
INC953,CHG1441,logging rate limiting adjustment,2026-01-10T07:58:58.011392Z,0.79,api-team
INC953,CHG1442,Node resource limits adjustment,2026-01-07T00:31:58.011392Z,0.68,ops-team
INC954,CHG1443,Batch reporting job schedule change,2026-01-12T00:40:58.011392Z,0.92,dba-team
INC955,CHG1444,checkout consumer prefetch configuration,2026-01-13T17:28:58.011392Z,0.51,ops-team
INC956,CHG1445,product service config update,2026-01-07T02:50:58.011392Z,0.95,api-team
INC956,CHG1446,fulfillment client library update,2026-01-14T01:58:58.011392Z,0.91,payments-team
INC957,CHG1447,search storage expansion,2026-01-09T17:59:58.011392Z,0.46,ops-team
INC958,CHG1448,email log parsing configuration update,2026-01-13T07:35:58.011392Z,0.9,observability-team
INC958,CHG1449,notification service config update,2026-01-05T18:33:58.011392Z,0.92,identity-team
INC959,CHG1450,ci-cd mapping template update,2026-01-05T09:40:58.011392Z,0.71,search-team
INC960,CHG1451,product storage backend migration,2026-01-08T22:06:58.011392Z,0.73,api-team
INC960,CHG1452,fluentd threshold adjustment,2026-01-07T23:50:58.011392Z,0.86,api-team
INC961,CHG1453,Node resource limits adjustment,2026-01-08T01:52:58.011392Z,0.71,infra-team
INC962,CHG1454,cache threshold adjustment,2026-01-11T19:29:58.011392Z,0.78,api-team
INC963,CHG1455,kubernetes feature deployment,2026-01-05T01:25:58.011392Z,0.62,infra-team
INC964,CHG1456,kubernetes node pool scaling automation,2026-01-10T02:34:58.011392Z,0.64,api-team
INC964,CHG1457,search compilation pipeline update,2026-01-11T13:25:58.011392Z,0.49,identity-team
INC965,CHG1458,email log parsing configuration update,2026-01-10T05:50:58.011392Z,0.57,dba-team
INC965,CHG1459,database batch processing enhancement,2026-01-08T12:01:58.011392Z,0.77,infra-team
INC966,CHG1460,Database schema update,2026-01-03T18:36:58.011392Z,0.58,dba-team
INC967,CHG1461,api-gateway index lifecycle policy change,2026-01-09T18:50:58.011392Z,0.95,ops-team
INC968,CHG1462,ci-cd connection pool resize,2026-01-12T09:44:58.011392Z,0.61,search-team
INC969,CHG1463,elasticsearch timeout configuration change,2026-01-07T23:31:58.011392Z,0.7,platform-team
INC970,CHG1464,database index lifecycle policy change,2026-01-13T02:29:58.011392Z,0.79,identity-team
INC971,CHG1465,database routing rules update,2026-01-07T07:56:58.011392Z,0.51,ops-team
INC971,CHG1466,container-registry version upgrade,2026-01-13T16:20:58.011392Z,0.71,devops-team
INC972,CHG1467,payment feature deployment,2026-01-06T09:22:58.011392Z,0.76,security-team
INC973,CHG1468,Node resource limits adjustment,2026-01-09T15:24:58.011392Z,0.86,dba-team
INC974,CHG1469,oauth-provider storage expansion,2026-01-04T14:25:58.011392Z,0.72,dba-team
INC975,CHG1470,Load balancer kubernetes configuration update,2026-01-06T13:00:58.011392Z,0.64,payments-team
INC976,CHG1471,user compilation pipeline update,2026-01-14T15:40:58.011392Z,0.59,search-team
INC977,CHG1472,cdn threshold adjustment,2026-01-08T09:42:58.011392Z,0.75,devops-team
INC977,CHG1473,search routing rules update,2026-01-04T20:26:58.011392Z,0.49,payments-team
INC978,CHG1474,load-balancer timeout configuration change,2026-01-05T06:22:58.011392Z,0.84,identity-team
INC978,CHG1475,reporting connection pool resize,2026-01-07T08:17:58.011392Z,0.96,platform-team
INC979,CHG1476,user mapping template update,2026-01-06T22:41:58.011392Z,0.94,ops-team
INC979,CHG1477,api-gateway SDK upgrade to v2.9.5,2026-01-05T23:46:58.011392Z,0.82,dba-team
INC980,CHG1478,oauth-provider connection pool resize,2026-01-11T07:00:58.011392Z,0.79,infra-team
INC980,CHG1479,load-balancer service config update,2026-01-08T09:29:58.011392Z,0.89,security-team
INC981,CHG1480,read-replica service config update,2026-01-07T23:40:58.011392Z,0.68,payments-team
INC982,CHG1481,fluentd node pool scaling automation,2026-01-13T21:54:58.011392Z,0.85,devops-team
INC982,CHG1482,Load balancer logging configuration update,2026-01-10T05:10:58.011392Z,0.96,platform-team
INC983,CHG1483,product mapping template update,2026-01-09T18:02:58.011392Z,0.49,payments-team
INC983,CHG1484,rate-limiter mapping template update,2026-01-10T23:16:58.011392Z,0.74,platform-team
INC984,CHG1485,api-gateway timeout configuration change,2026-01-05T10:21:58.011392Z,0.5,infra-team
INC984,CHG1486,load-balancer compilation pipeline update,2026-01-13T17:17:58.011392Z,0.6,api-team
INC985,CHG1487,rabbitmq SDK upgrade to v4.5.1,2026-01-10T04:16:58.011392Z,0.6,identity-team
INC986,CHG1488,ci-cd rate limiting adjustment,2026-01-03T18:59:58.011392Z,0.62,dba-team
INC987,CHG1489,elasticsearch client library update,2026-01-05T19:15:58.011392Z,0.96,infra-team
INC988,CHG1490,fulfillment log parsing configuration update,2026-01-12T20:21:58.011392Z,0.78,observability-team
INC988,CHG1491,rabbitmq cache TTL configuration change,2026-01-09T18:02:58.011392Z,0.81,payments-team
INC989,CHG1492,order SDK upgrade to v5.7.0,2026-01-14T10:55:58.011392Z,0.72,ops-team
INC990,CHG1493,oauth-provider cluster version upgrade to 3.9,2026-01-10T09:30:58.011392Z,0.67,security-team
INC991,CHG1494,database bulk import job,2026-01-10T07:57:58.011392Z,0.87,observability-team
INC991,CHG1495,reporting rate limiting adjustment,2026-01-11T23:27:58.011392Z,0.55,security-team
INC992,CHG1496,container-registry timeout configuration change,2026-01-13T04:17:58.011392Z,0.48,platform-team
INC992,CHG1497,kubernetes routing rules update,2026-01-14T05:27:58.011392Z,0.66,platform-team
INC993,CHG1498,order version upgrade,2026-01-05T07:09:58.011392Z,0.86,payments-team
INC993,CHG1499,database routing rules update,2026-01-08T10:29:58.011392Z,0.74,observability-team
INC994,CHG1500,fluentd SDK upgrade to v3.9.6,2026-01-10T08:49:58.011392Z,0.69,observability-team
INC994,CHG1501,fluentd SDK upgrade to v4.9.5,2026-01-07T18:34:58.011392Z,0.55,api-team
INC995,CHG1502,elasticsearch log parsing configuration update,2026-01-12T01:05:58.011392Z,0.79,devops-team
INC996,CHG1503,fulfillment storage expansion,2026-01-07T15:06:58.011392Z,0.77,infra-team
INC996,CHG1504,oauth-provider connection pool resize,2026-01-10T11:44:58.011392Z,0.63,ops-team
INC997,CHG1505,elasticsearch template engine update,2026-01-07T11:14:58.011392Z,0.68,api-team
INC998,CHG1506,notification service config update,2026-01-11T07:18:58.011392Z,0.48,infra-team
INC999,CHG1507,cdn storage expansion,2026-01-12T23:35:58.011392Z,0.63,infra-team
INC1000,CHG1508,oauth-provider batch processing enhancement,2026-01-04T18:02:58.011392Z,0.74,devops-team
INC1000,CHG1509,notification connection pool resize,2026-01-10T23:17:58.011392Z,0.95,ops-team
INC1001,CHG1510,oauth-provider mapping template update,2026-01-13T18:49:58.011392Z,0.94,security-team
INC1001,CHG1511,notification compilation pipeline update,2026-01-09T15:41:58.011392Z,0.7,observability-team
INC1002,CHG1512,rate-limiter connection pool resize,2026-01-06T19:11:58.011392Z,0.66,payments-team
INC1002,CHG1513,payment threshold adjustment,2026-01-05T09:25:58.011392Z,0.91,devops-team
INC1003,CHG1514,fluentd storage expansion,2026-01-13T03:34:58.011392Z,0.68,ops-team
INC1003,CHG1515,Batch reporting job schedule change,2026-01-05T13:25:58.011392Z,0.49,observability-team
INC1004,CHG1516,fluentd cache TTL configuration change,2026-01-04T03:14:58.011392Z,0.92,payments-team
INC1005,CHG1517,Database schema update,2026-01-06T17:12:58.011392Z,0.73,observability-team
INC1006,CHG1518,rabbitmq batch processing enhancement,2026-01-04T12:22:58.011392Z,0.68,identity-team
INC1007,CHG1519,api-gateway routing rules update,2026-01-13T23:43:58.011392Z,0.6,search-team
INC1008,CHG1520,payment service config update,2026-01-05T21:27:58.011392Z,0.92,identity-team
INC1009,CHG1521,container-registry compilation pipeline update,2026-01-13T00:12:58.011392Z,0.63,infra-team
INC1009,CHG1522,ci-cd log parsing configuration update,2026-01-04T12:58:58.011392Z,0.56,observability-team
INC1010,CHG1523,user rate limiting adjustment,2026-01-04T08:32:58.011392Z,0.61,search-team
INC1011,CHG1524,search service config update,2026-01-11T23:25:58.011392Z,0.71,payments-team
INC1012,CHG1525,fulfillment consumer prefetch configuration,2026-01-09T11:32:58.011392Z,0.76,payments-team
INC1012,CHG1526,cache compilation pipeline update,2026-01-10T14:54:58.011392Z,0.58,dba-team
INC1013,CHG1527,notification template engine update,2026-01-08T00:18:58.011392Z,0.62,security-team
INC1014,CHG1528,cache bulk import job,2026-01-07T22:50:58.011392Z,0.64,platform-team
INC1014,CHG1529,reporting threshold adjustment,2026-01-10T08:16:58.011392Z,0.49,api-team
INC1015,CHG1530,product node pool scaling automation,2026-01-10T15:28:58.011392Z,0.87,search-team
INC1016,CHG1531,container-registry index lifecycle policy change,2026-01-04T22:10:58.011392Z,0.66,ops-team
INC1017,CHG1532,checkout mapping template update,2026-01-10T14:07:58.011392Z,0.92,search-team
INC1017,CHG1533,frontend template engine update,2026-01-12T02:56:58.011392Z,0.54,ops-team
INC1018,CHG1534,user template engine update,2026-01-07T21:17:58.011392Z,0.47,security-team
INC1019,CHG1535,cache node pool scaling automation,2026-01-09T18:23:58.011392Z,0.97,payments-team
INC1020,CHG1536,product consumer prefetch configuration,2026-01-07T23:02:58.011392Z,0.87,payments-team
INC1021,CHG1537,database storage backend migration,2026-01-06T10:09:58.011392Z,0.56,infra-team
INC1022,CHG1538,frontend service config update,2026-01-09T22:27:58.011392Z,0.56,search-team
INC1022,CHG1539,Node resource limits adjustment,2026-01-08T17:48:58.011392Z,0.7,platform-team
INC1023,CHG1540,frontend consumer prefetch configuration,2026-01-06T14:30:58.011392Z,0.58,dba-team
INC1024,CHG1541,cache SDK upgrade to v1.7.8,2026-01-05T01:53:58.011392Z,0.8,infra-team
INC1025,CHG1542,Batch reporting job schedule change,2026-01-06T12:26:58.011392Z,0.71,observability-team
INC1025,CHG1543,read-replica batch processing enhancement,2026-01-06T08:33:58.011392Z,0.89,payments-team
INC1026,CHG1544,CI/CD pipeline image caching update,2026-01-07T22:45:58.011392Z,0.7,identity-team
INC1027,CHG1545,session consumer prefetch configuration,2026-01-06T05:10:58.011392Z,0.68,api-team
INC1027,CHG1546,logging threshold adjustment,2026-01-03T18:43:58.011392Z,0.89,infra-team
INC1028,CHG1547,checkout threshold adjustment,2026-01-07T14:43:58.011392Z,0.86,platform-team
INC1028,CHG1548,fluentd storage backend migration,2026-01-10T06:39:58.011392Z,0.76,identity-team
INC1029,CHG1549,read-replica threshold adjustment,2026-01-04T06:39:58.011392Z,0.58,ops-team
INC1030,CHG1550,container-registry connection pool resize,2026-01-13T03:04:58.011392Z,0.69,devops-team
INC1030,CHG1551,oauth-provider mapping template update,2026-01-10T15:53:58.011392Z,0.71,dba-team
INC1031,CHG1552,rate-limiter cache TTL configuration change,2026-01-07T04:10:58.011392Z,0.72,identity-team
INC1031,CHG1553,rabbitmq mapping template update,2026-01-06T04:15:58.011392Z,0.52,platform-team
INC1032,CHG1554,fluentd bulk import job,2026-01-06T15:44:58.011392Z,0.83,observability-team
INC1033,CHG1555,container-registry storage backend migration,2026-01-09T21:26:58.011392Z,0.46,api-team
INC1033,CHG1556,read-replica storage expansion,2026-01-03T19:47:58.011392Z,0.89,security-team
INC1034,CHG1557,fulfillment log parsing configuration update,2026-01-08T21:14:58.011392Z,0.6,dba-team
INC1035,CHG1558,fulfillment cluster version upgrade to 1.8,2026-01-11T07:48:58.011392Z,0.56,infra-team
INC1036,CHG1559,logging storage expansion,2026-01-11T11:39:58.011392Z,0.85,dba-team
INC1036,CHG1560,auth version upgrade,2026-01-08T20:23:58.011392Z,0.76,dba-team
INC1037,CHG1561,notification consumer prefetch configuration,2026-01-05T01:24:58.011392Z,0.67,platform-team
INC1038,CHG1562,payment service config update,2026-01-06T17:18:58.011392Z,0.47,security-team
INC1038,CHG1563,reporting consumer prefetch configuration,2026-01-04T01:16:58.011392Z,0.5,platform-team
INC1039,CHG1564,search connection pool resize,2026-01-13T17:49:58.011392Z,0.75,ops-team
INC1040,CHG1565,api-gateway node pool scaling automation,2026-01-10T06:47:58.011392Z,0.62,infra-team
INC1041,CHG1566,rate-limiter mapping template update,2026-01-04T22:07:58.011392Z,0.69,api-team
INC1042,CHG1567,payment batch processing enhancement,2026-01-06T16:48:58.011392Z,0.55,api-team
INC1043,CHG1568,api-gateway mapping template update,2026-01-05T10:03:58.011392Z,0.53,identity-team
INC1044,CHG1569,frontend feature deployment,2026-01-11T22:21:58.011392Z,0.48,search-team
INC1045,CHG1570,reporting bulk import job,2026-01-04T21:57:58.011392Z,0.57,identity-team
INC1045,CHG1571,Database schema update,2026-01-05T21:49:58.011392Z,0.56,identity-team
INC1046,CHG1572,user connection pool resize,2026-01-14T13:04:58.011392Z,0.66,payments-team
INC1046,CHG1573,email cache TTL configuration change,2026-01-05T21:38:58.011392Z,0.87,platform-team
INC1047,CHG1574,CI/CD pipeline image caching update,2026-01-06T03:38:58.011392Z,0.58,ops-team
INC1048,CHG1575,fluentd mapping template update,2026-01-05T01:25:58.011392Z,0.81,security-team
INC1048,CHG1576,checkout mapping template update,2026-01-13T03:21:58.011392Z,0.58,search-team
INC1049,CHG1577,Database schema update,2026-01-05T03:52:58.011392Z,0.83,platform-team
INC1049,CHG1578,payment storage backend migration,2026-01-08T14:01:58.011392Z,0.6,devops-team
INC1050,CHG1579,email connection pool resize,2026-01-03T18:56:58.011392Z,0.6,observability-team
INC1050,CHG1580,notification SDK upgrade to v2.5.3,2026-01-07T16:41:58.011392Z,0.95,search-team
INC1051,CHG1581,kubernetes version upgrade,2026-01-11T19:09:58.011392Z,0.45,api-team
INC1051,CHG1582,product consumer prefetch configuration,2026-01-06T04:46:58.011392Z,0.59,dba-team
INC1052,CHG1583,frontend client library update,2026-01-06T01:23:58.011392Z,0.97,payments-team
INC1053,CHG1584,read-replica log parsing configuration update,2026-01-08T18:56:58.011392Z,0.87,payments-team
INC1053,CHG1585,fluentd service config update,2026-01-06T12:42:58.011392Z,0.95,platform-team
INC1054,CHG1586,rate-limiter mapping template update,2026-01-10T08:38:58.011392Z,0.5,payments-team
INC1054,CHG1587,logging batch processing enhancement,2026-01-12T06:41:58.011392Z,0.56,search-team
INC1055,CHG1588,session cluster version upgrade to 4.0,2026-01-13T20:37:58.011392Z,0.49,observability-team
INC1055,CHG1589,kubernetes batch processing enhancement,2026-01-13T02:02:58.011392Z,0.58,ops-team
INC1056,CHG1590,read-replica template engine update,2026-01-05T06:22:58.011392Z,0.67,platform-team
INC1056,CHG1591,CI/CD pipeline image caching update,2026-01-13T06:26:58.011392Z,0.6,dba-team
INC1057,CHG1592,ci-cd rate limiting adjustment,2026-01-11T09:24:58.011392Z,0.46,security-team
INC1058,CHG1593,api-gateway rate limiting adjustment,2026-01-11T11:25:58.011392Z,0.53,search-team
INC1058,CHG1594,rabbitmq routing rules update,2026-01-06T02:22:58.011392Z,0.62,api-team
INC1059,CHG1595,reporting mapping template update,2026-01-13T02:03:58.011392Z,0.87,platform-team
INC1060,CHG1596,Database schema update,2026-01-10T16:35:58.011392Z,0.9,observability-team
INC1060,CHG1597,reporting batch processing enhancement,2026-01-05T13:34:58.011392Z,0.75,identity-team
INC1061,CHG1598,elasticsearch storage backend migration,2026-01-09T03:17:58.011392Z,0.64,api-team
INC1061,CHG1599,ci-cd storage backend migration,2026-01-14T15:19:58.011392Z,0.93,security-team
INC1062,CHG1600,load-balancer client library update,2026-01-06T10:04:58.011392Z,0.88,dba-team
INC1062,CHG1601,Node resource limits adjustment,2026-01-11T22:18:58.011392Z,0.78,platform-team
INC1063,CHG1602,Node resource limits adjustment,2026-01-09T03:59:58.011392Z,0.88,identity-team
INC1063,CHG1603,oauth-provider timeout configuration change,2026-01-09T13:31:58.011392Z,0.94,ops-team
INC1064,CHG1604,Batch reporting job schedule change,2026-01-13T02:33:58.011392Z,0.88,identity-team
INC1065,CHG1605,session mapping template update,2026-01-06T12:32:58.011392Z,0.51,devops-team
INC1066,CHG1606,session routing rules update,2026-01-11T16:26:58.011392Z,0.74,infra-team
INC1066,CHG1607,api-gateway batch processing enhancement,2026-01-11T14:35:58.011392Z,0.63,observability-team
INC1067,CHG1608,ci-cd consumer prefetch configuration,2026-01-06T08:33:58.011392Z,0.78,infra-team
INC1068,CHG1609,product node pool scaling automation,2026-01-06T12:21:58.011392Z,0.93,devops-team
INC1069,CHG1610,checkout SDK upgrade to v1.7.4,2026-01-14T04:17:58.011392Z,0.68,dba-team
INC1069,CHG1611,frontend connection pool resize,2026-01-05T10:39:58.011392Z,0.86,infra-team
INC1070,CHG1612,Database schema update,2026-01-08T08:28:58.011392Z,0.82,identity-team
INC1070,CHG1613,kubernetes batch processing enhancement,2026-01-08T18:50:58.011392Z,0.86,platform-team
INC1071,CHG1614,elasticsearch SDK upgrade to v2.0.3,2026-01-09T10:33:58.011392Z,0.86,observability-team
INC1072,CHG1615,Batch reporting job schedule change,2026-01-14T04:31:58.011392Z,0.77,security-team
INC1072,CHG1616,ci-cd routing rules update,2026-01-08T22:42:58.011392Z,0.47,identity-team
INC1073,CHG1617,rabbitmq client library update,2026-01-09T13:30:58.011392Z,0.86,devops-team
INC1073,CHG1618,ci-cd storage expansion,2026-01-09T05:36:58.011392Z,0.89,dba-team
INC1074,CHG1619,Batch reporting job schedule change,2026-01-11T10:16:58.011392Z,0.47,infra-team
INC1075,CHG1620,rabbitmq feature deployment,2026-01-12T05:24:58.011392Z,0.61,infra-team
INC1075,CHG1621,Node resource limits adjustment,2026-01-06T00:19:58.011392Z,0.47,identity-team
INC1076,CHG1622,CI/CD pipeline image caching update,2026-01-12T18:23:58.011392Z,0.69,identity-team
INC1076,CHG1623,load-balancer template engine update,2026-01-13T11:08:58.011392Z,0.81,payments-team
INC1077,CHG1624,email cache TTL configuration change,2026-01-10T19:20:58.011392Z,0.78,identity-team
INC1077,CHG1625,CI/CD pipeline image caching update,2026-01-06T22:39:58.011392Z,0.48,dba-team
INC1078,CHG1626,api-gateway cache TTL configuration change,2026-01-11T07:38:58.011392Z,0.52,ops-team
INC1079,CHG1627,load-balancer feature deployment,2026-01-05T21:22:58.011392Z,0.63,identity-team
INC1079,CHG1628,container-registry bulk import job,2026-01-10T00:57:58.011392Z,0.6,devops-team
INC1080,CHG1629,email service config update,2026-01-10T02:20:58.011392Z,0.72,identity-team
INC1080,CHG1630,fluentd consumer prefetch configuration,2026-01-14T10:55:58.011392Z,0.88,api-team
INC1081,CHG1631,read-replica cluster version upgrade to 3.0,2026-01-06T21:00:58.011392Z,0.78,platform-team
INC1081,CHG1632,search bulk import job,2026-01-06T10:58:58.011392Z,0.78,dba-team
INC1082,CHG1633,CI/CD pipeline image caching update,2026-01-05T08:36:58.011392Z,0.69,api-team
INC1082,CHG1634,user bulk import job,2026-01-04T19:14:58.011392Z,0.64,identity-team
INC1083,CHG1635,read-replica index lifecycle policy change,2026-01-08T20:56:58.011392Z,0.49,platform-team
INC1084,CHG1636,elasticsearch consumer prefetch configuration,2026-01-08T19:20:58.011392Z,0.95,devops-team
INC1084,CHG1637,Database schema update,2026-01-13T09:29:58.011392Z,0.67,ops-team
INC1085,CHG1638,rate-limiter service config update,2026-01-14T04:40:58.011392Z,0.87,platform-team
INC1085,CHG1639,order bulk import job,2026-01-14T04:37:58.011392Z,0.88,security-team
INC1086,CHG1640,auth feature deployment,2026-01-14T17:37:58.011392Z,0.48,identity-team
INC1086,CHG1641,reporting connection pool resize,2026-01-04T11:07:58.011392Z,0.92,payments-team
INC1087,CHG1642,order batch processing enhancement,2026-01-09T15:09:58.011392Z,0.89,search-team
INC1087,CHG1643,product SDK upgrade to v2.2.3,2026-01-08T05:16:58.011392Z,0.85,payments-team
INC1088,CHG1644,Database schema update,2026-01-14T10:16:58.011392Z,0.49,ops-team
INC1088,CHG1645,CI/CD pipeline image caching update,2026-01-07T10:20:58.011392Z,0.95,platform-team
INC1089,CHG1646,rate-limiter mapping template update,2026-01-04T07:14:58.011392Z,0.46,identity-team
INC1089,CHG1647,search service config update,2026-01-04T05:32:58.011392Z,0.5,dba-team
INC1090,CHG1648,reporting template engine update,2026-01-14T04:12:58.011392Z,0.6,devops-team
INC1091,CHG1649,Batch reporting job schedule change,2026-01-04T02:38:58.011392Z,0.92,dba-team
INC1091,CHG1650,logging storage expansion,2026-01-05T08:38:58.011392Z,0.83,payments-team
INC1092,CHG1651,order bulk import job,2026-01-06T04:07:58.011392Z,0.82,security-team
INC1092,CHG1652,email version upgrade,2026-01-11T21:34:58.011392Z,0.67,devops-team
INC1093,CHG1653,load-balancer routing rules update,2026-01-07T05:06:58.011392Z,0.54,infra-team
INC1094,CHG1654,notification rate limiting adjustment,2026-01-12T04:52:58.011392Z,0.46,dba-team
INC1095,CHG1655,Batch reporting job schedule change,2026-01-08T05:14:58.011392Z,0.66,api-team
INC1095,CHG1656,kubernetes feature deployment,2026-01-13T01:22:58.011392Z,0.49,ops-team
INC1096,CHG1657,rabbitmq compilation pipeline update,2026-01-12T21:37:58.011392Z,0.95,payments-team
INC1096,CHG1658,Load balancer fulfillment configuration update,2026-01-08T13:39:58.011392Z,0.45,payments-team
INC1097,CHG1659,oauth-provider cluster version upgrade to 5.4,2026-01-13T15:12:58.011392Z,0.48,observability-team
INC1097,CHG1660,checkout index lifecycle policy change,2026-01-10T22:22:58.011392Z,0.97,security-team
INC1098,CHG1661,cdn feature deployment,2026-01-12T07:26:58.011392Z,0.89,devops-team
INC1098,CHG1662,read-replica version upgrade,2026-01-12T20:28:58.011392Z,0.72,devops-team
INC1099,CHG1663,container-registry storage backend migration,2026-01-03T21:33:58.011392Z,0.47,security-team
INC1100,CHG1664,Database schema update,2026-01-12T15:07:58.011392Z,0.59,ops-team
INC1100,CHG1665,rate-limiter storage backend migration,2026-01-07T15:34:58.011392Z,0.63,search-team
INC1101,CHG1666,api-gateway timeout configuration change,2026-01-04T20:26:58.011392Z,0.75,ops-team
INC1101,CHG1667,elasticsearch connection pool resize,2026-01-12T15:25:58.011392Z,0.52,payments-team
INC1102,CHG1668,product cluster version upgrade to 1.4,2026-01-06T16:22:58.011392Z,0.9,infra-team
INC1102,CHG1669,auth routing rules update,2026-01-12T17:59:58.011392Z,0.79,search-team
INC1103,CHG1670,frontend feature deployment,2026-01-07T09:23:58.011392Z,0.68,dba-team
INC1103,CHG1671,checkout template engine update,2026-01-10T13:12:58.011392Z,0.81,identity-team
INC1104,CHG1672,logging threshold adjustment,2026-01-09T04:00:58.011392Z,0.74,api-team
INC1105,CHG1673,CI/CD pipeline image caching update,2026-01-11T00:35:58.011392Z,0.69,observability-team
INC1106,CHG1674,ci-cd storage expansion,2026-01-11T09:54:58.011392Z,0.58,api-team
INC1107,CHG1675,Database schema update,2026-01-06T05:10:58.011392Z,0.87,infra-team
INC1108,CHG1676,search consumer prefetch configuration,2026-01-09T11:46:58.011392Z,0.51,identity-team
INC1108,CHG1677,ci-cd connection pool resize,2026-01-07T20:08:58.011392Z,0.46,identity-team
INC1109,CHG1678,frontend threshold adjustment,2026-01-13T09:15:58.011392Z,0.77,api-team
INC1109,CHG1679,read-replica threshold adjustment,2026-01-12T10:35:58.011392Z,0.5,observability-team
INC1110,CHG1680,cdn cache TTL configuration change,2026-01-09T05:00:58.011392Z,0.79,security-team
INC1111,CHG1681,user log parsing configuration update,2026-01-07T16:54:58.011392Z,0.92,platform-team
INC1111,CHG1682,rabbitmq bulk import job,2026-01-06T06:22:58.011392Z,0.59,payments-team
INC1112,CHG1683,auth mapping template update,2026-01-12T14:56:58.011392Z,0.56,security-team
INC1112,CHG1684,rate-limiter log parsing configuration update,2026-01-11T18:49:58.011392Z,0.69,search-team
INC1113,CHG1685,cdn SDK upgrade to v4.2.9,2026-01-10T16:23:58.011392Z,0.65,identity-team
INC1114,CHG1686,email compilation pipeline update,2026-01-12T20:07:58.011392Z,0.87,ops-team
INC1115,CHG1687,reporting mapping template update,2026-01-09T19:06:58.011392Z,0.79,devops-team
INC1116,CHG1688,read-replica client library update,2026-01-13T14:16:58.011392Z,0.9,platform-team
INC1116,CHG1689,api-gateway timeout configuration change,2026-01-07T17:28:58.011392Z,0.93,identity-team
INC1117,CHG1690,order timeout configuration change,2026-01-07T04:10:58.011392Z,0.73,payments-team
INC1117,CHG1691,frontend connection pool resize,2026-01-08T03:52:58.011392Z,0.54,api-team
INC1118,CHG1692,logging routing rules update,2026-01-10T00:31:58.011392Z,0.67,security-team
INC1119,CHG1693,logging log parsing configuration update,2026-01-03T19:29:58.011392Z,0.56,dba-team
INC1119,CHG1694,rabbitmq cache TTL configuration change,2026-01-07T22:33:58.011392Z,0.52,identity-team
INC1120,CHG1695,rate-limiter bulk import job,2026-01-14T10:27:58.011392Z,0.81,payments-team
INC1121,CHG1696,rabbitmq bulk import job,2026-01-14T12:32:58.011392Z,0.78,devops-team
INC1121,CHG1697,read-replica service config update,2026-01-10T22:43:58.011392Z,0.53,payments-team
INC1122,CHG1698,search compilation pipeline update,2026-01-11T08:35:58.011392Z,0.53,identity-team
INC1123,CHG1699,cdn log parsing configuration update,2026-01-13T05:22:58.011392Z,0.9,identity-team
INC1123,CHG1700,rate-limiter storage backend migration,2026-01-09T16:28:58.011392Z,0.47,devops-team
INC1124,CHG1701,reporting index lifecycle policy change,2026-01-05T16:44:58.011392Z,0.81,observability-team
INC1124,CHG1702,api-gateway connection pool resize,2026-01-05T21:35:58.011392Z,0.68,ops-team
INC1125,CHG1703,cdn timeout configuration change,2026-01-12T07:56:58.011392Z,0.48,ops-team
INC1125,CHG1704,frontend storage expansion,2026-01-05T18:30:58.011392Z,0.85,dba-team
INC1126,CHG1705,container-registry rate limiting adjustment,2026-01-05T01:40:58.011392Z,0.52,search-team
INC1126,CHG1706,reporting cluster version upgrade to 1.9,2026-01-07T03:01:58.011392Z,0.91,ops-team
INC1127,CHG1707,Database schema update,2026-01-04T04:09:58.011392Z,0.95,dba-team
INC1128,CHG1708,payment mapping template update,2026-01-05T15:47:58.011392Z,0.58,observability-team
INC1129,CHG1709,Database schema update,2026-01-09T12:16:58.011392Z,0.95,ops-team
INC1130,CHG1710,cdn storage backend migration,2026-01-08T07:50:58.011392Z,0.5,payments-team
INC1130,CHG1711,api-gateway threshold adjustment,2026-01-13T06:13:58.011392Z,0.71,observability-team
INC1131,CHG1712,cdn index lifecycle policy change,2026-01-07T16:35:58.011392Z,0.75,payments-team
INC1132,CHG1713,notification cluster version upgrade to 4.6,2026-01-08T05:27:58.011392Z,0.8,search-team
INC1132,CHG1714,api-gateway rate limiting adjustment,2026-01-08T19:40:58.011392Z,0.87,platform-team
INC1133,CHG1715,fluentd log parsing configuration update,2026-01-06T04:30:58.011392Z,0.6,platform-team
INC1133,CHG1716,ci-cd log parsing configuration update,2026-01-13T15:31:58.011392Z,0.52,payments-team
INC1134,CHG1717,load-balancer cluster version upgrade to 2.1,2026-01-05T15:16:58.011392Z,0.78,platform-team
INC1135,CHG1718,rate-limiter index lifecycle policy change,2026-01-06T18:28:58.011392Z,0.81,payments-team
INC1136,CHG1719,email index lifecycle policy change,2026-01-11T14:16:58.011392Z,0.95,identity-team
INC1137,CHG1720,email cache TTL configuration change,2026-01-10T18:13:58.011392Z,0.81,identity-team
INC1137,CHG1721,session feature deployment,2026-01-13T03:49:58.011392Z,0.52,dba-team
INC1138,CHG1722,logging timeout configuration change,2026-01-04T00:57:58.011392Z,0.65,api-team
INC1138,CHG1723,session storage expansion,2026-01-04T12:58:58.011392Z,0.9,identity-team
INC1139,CHG1724,CI/CD pipeline image caching update,2026-01-09T05:35:58.011392Z,0.82,ops-team
INC1139,CHG1725,load-balancer timeout configuration change,2026-01-13T16:42:58.011392Z,0.87,api-team
INC1140,CHG1726,search client library update,2026-01-07T07:13:58.011392Z,0.56,security-team
INC1141,CHG1727,read-replica cluster version upgrade to 4.1,2026-01-07T17:38:58.011392Z,0.93,devops-team
INC1141,CHG1728,auth batch processing enhancement,2026-01-14T01:32:58.011392Z,0.49,platform-team
INC1142,CHG1729,payment compilation pipeline update,2026-01-12T19:58:58.011392Z,0.54,platform-team
INC1143,CHG1730,elasticsearch batch processing enhancement,2026-01-04T21:30:58.011392Z,0.5,observability-team
INC1144,CHG1731,reporting storage expansion,2026-01-11T13:02:58.011392Z,0.56,infra-team
INC1145,CHG1732,user batch processing enhancement,2026-01-12T15:04:58.011392Z,0.49,payments-team
INC1146,CHG1733,auth threshold adjustment,2026-01-06T12:02:58.011392Z,0.66,devops-team
INC1146,CHG1734,elasticsearch consumer prefetch configuration,2026-01-05T02:41:58.011392Z,0.56,infra-team
INC1147,CHG1735,rate-limiter feature deployment,2026-01-12T02:22:58.011392Z,0.94,ops-team
INC1147,CHG1736,fluentd client library update,2026-01-12T11:15:58.011392Z,0.68,infra-team
INC1148,CHG1737,user client library update,2026-01-11T12:29:58.011392Z,0.54,infra-team
INC1148,CHG1738,Node resource limits adjustment,2026-01-10T02:43:58.011392Z,0.53,infra-team
INC1149,CHG1739,product feature deployment,2026-01-08T10:43:58.011392Z,0.46,observability-team
INC1150,CHG1740,logging consumer prefetch configuration,2026-01-12T20:17:58.011392Z,0.7,infra-team
INC1151,CHG1741,payment node pool scaling automation,2026-01-13T11:28:58.011392Z,0.5,devops-team
INC1151,CHG1742,cdn cache TTL configuration change,2026-01-07T06:38:58.011392Z,0.79,payments-team
INC1152,CHG1743,fulfillment cluster version upgrade to 4.5,2026-01-10T08:09:58.011392Z,0.72,infra-team
INC1153,CHG1744,user node pool scaling automation,2026-01-08T04:43:58.011392Z,0.62,platform-team
INC1154,CHG1745,rabbitmq cache TTL configuration change,2026-01-07T00:42:58.011392Z,0.63,ops-team
INC1154,CHG1746,user cache TTL configuration change,2026-01-11T06:19:58.011392Z,0.91,infra-team
INC1155,CHG1747,rate-limiter bulk import job,2026-01-14T07:50:58.011392Z,0.64,observability-team
INC1155,CHG1748,cache consumer prefetch configuration,2026-01-13T16:48:58.011392Z,0.69,infra-team
INC1156,CHG1749,user compilation pipeline update,2026-01-07T18:37:58.011392Z,0.54,identity-team
INC1157,CHG1750,container-registry threshold adjustment,2026-01-04T07:24:58.011392Z,0.63,payments-team
INC1158,CHG1751,product routing rules update,2026-01-08T19:04:58.011392Z,0.8,dba-team
INC1158,CHG1752,Node resource limits adjustment,2026-01-07T07:27:58.011392Z,0.87,dba-team
INC1159,CHG1753,read-replica rate limiting adjustment,2026-01-05T11:32:58.011392Z,0.71,search-team
INC1159,CHG1754,oauth-provider cluster version upgrade to 3.7,2026-01-11T22:53:58.011392Z,0.79,dba-team
INC1160,CHG1755,Batch reporting job schedule change,2026-01-13T19:06:58.011392Z,0.47,api-team
INC1160,CHG1756,rabbitmq client library update,2026-01-07T07:48:58.011392Z,0.95,identity-team
INC1161,CHG1757,oauth-provider cache TTL configuration change,2026-01-08T00:38:58.011392Z,0.6,infra-team
INC1162,CHG1758,fluentd storage expansion,2026-01-09T05:16:58.011392Z,0.47,devops-team
INC1163,CHG1759,notification batch processing enhancement,2026-01-11T17:34:58.011392Z,0.96,search-team
INC1164,CHG1760,session storage backend migration,2026-01-05T10:58:58.011392Z,0.64,identity-team
INC1164,CHG1761,CI/CD pipeline image caching update,2026-01-07T19:14:58.011392Z,0.53,ops-team
INC1165,CHG1762,ci-cd threshold adjustment,2026-01-12T05:21:58.011392Z,0.53,infra-team
INC1166,CHG1763,notification template engine update,2026-01-12T17:06:58.011392Z,0.93,observability-team
INC1167,CHG1764,read-replica compilation pipeline update,2026-01-05T19:49:58.011392Z,0.89,api-team
INC1167,CHG1765,auth timeout configuration change,2026-01-10T07:21:58.011392Z,0.72,search-team
INC1168,CHG1766,cdn template engine update,2026-01-05T11:00:58.011392Z,0.5,api-team
INC1168,CHG1767,oauth-provider storage expansion,2026-01-11T21:18:58.011392Z,0.71,identity-team
INC1169,CHG1768,api-gateway cache TTL configuration change,2026-01-05T12:43:58.011392Z,0.72,infra-team
INC1170,CHG1769,frontend cache TTL configuration change,2026-01-13T02:53:58.011392Z,0.57,observability-team
INC1171,CHG1770,CI/CD pipeline image caching update,2026-01-05T12:17:58.011392Z,0.81,observability-team
INC1171,CHG1771,cdn client library update,2026-01-08T09:40:58.011392Z,0.89,observability-team
INC1172,CHG1772,oauth-provider cluster version upgrade to 1.4,2026-01-06T08:42:58.011392Z,0.94,identity-team
INC1172,CHG1773,CI/CD pipeline image caching update,2026-01-11T14:25:58.011392Z,0.56,search-team
INC1173,CHG1774,api-gateway cache TTL configuration change,2026-01-10T08:58:58.011392Z,0.5,dba-team
INC1174,CHG1775,CI/CD pipeline image caching update,2026-01-05T04:48:58.011392Z,0.59,infra-team
INC1175,CHG1776,email threshold adjustment,2026-01-14T12:54:58.011392Z,0.69,identity-team
INC1176,CHG1777,ci-cd node pool scaling automation,2026-01-12T12:23:58.011392Z,0.67,devops-team
INC1177,CHG1778,cache mapping template update,2026-01-09T13:14:58.011392Z,0.91,search-team
INC1178,CHG1779,email mapping template update,2026-01-11T05:14:58.011392Z,0.63,security-team
INC1179,CHG1780,CI/CD pipeline image caching update,2026-01-12T03:28:58.011392Z,0.89,devops-team
INC1179,CHG1781,Node resource limits adjustment,2026-01-05T21:17:58.011392Z,0.45,security-team
INC1180,CHG1782,fluentd storage expansion,2026-01-11T08:11:58.011392Z,0.45,infra-team
INC1180,CHG1783,rabbitmq consumer prefetch configuration,2026-01-14T09:02:58.011392Z,0.56,security-team
INC1181,CHG1784,reporting compilation pipeline update,2026-01-11T12:59:58.011392Z,0.76,security-team
INC1182,CHG1785,CI/CD pipeline image caching update,2026-01-14T12:04:58.011392Z,0.78,payments-team
INC1182,CHG1786,auth threshold adjustment,2026-01-07T16:41:58.011392Z,0.72,observability-team
INC1183,CHG1787,logging SDK upgrade to v2.6.2,2026-01-07T18:58:58.011392Z,0.84,infra-team
INC1184,CHG1788,Batch reporting job schedule change,2026-01-09T15:35:58.011392Z,0.82,security-team
INC1185,CHG1789,logging node pool scaling automation,2026-01-08T04:52:58.011392Z,0.81,infra-team
INC1185,CHG1790,elasticsearch batch processing enhancement,2026-01-04T05:45:58.011392Z,0.79,security-team
INC1186,CHG1791,CI/CD pipeline image caching update,2026-01-12T11:19:58.011392Z,0.79,devops-team
INC1186,CHG1792,kubernetes client library update,2026-01-13T04:42:58.011392Z,0.7,devops-team
INC1187,CHG1793,Database schema update,2026-01-03T23:00:58.011392Z,0.97,identity-team
INC1188,CHG1794,Load balancer session configuration update,2026-01-08T00:20:58.011392Z,0.82,api-team
INC1189,CHG1795,read-replica consumer prefetch configuration,2026-01-07T17:55:58.011392Z,0.9,identity-team
INC1190,CHG1796,cache consumer prefetch configuration,2026-01-12T04:18:58.011392Z,0.47,identity-team
INC1191,CHG1797,Batch reporting job schedule change,2026-01-10T04:57:58.011392Z,0.57,observability-team
INC1191,CHG1798,search consumer prefetch configuration,2026-01-05T00:25:58.011392Z,0.53,api-team
INC1192,CHG1799,api-gateway timeout configuration change,2026-01-13T19:47:58.011392Z,0.65,payments-team
INC1192,CHG1800,checkout template engine update,2026-01-13T19:40:58.011392Z,0.54,observability-team
INC1193,CHG1801,Load balancer rate-limiter configuration update,2026-01-03T19:50:58.011392Z,0.73,search-team
INC1194,CHG1802,Batch reporting job schedule change,2026-01-14T07:43:58.011392Z,0.96,platform-team
INC1195,CHG1803,load-balancer storage expansion,2026-01-09T05:28:58.011392Z,0.68,payments-team
INC1196,CHG1804,logging template engine update,2026-01-06T15:34:58.011392Z,0.87,identity-team
INC1197,CHG1805,ci-cd node pool scaling automation,2026-01-04T14:50:58.011392Z,0.89,infra-team
INC1197,CHG1806,Database schema update,2026-01-12T05:46:58.011392Z,0.79,payments-team
INC1198,CHG1807,cache service config update,2026-01-10T02:26:58.011392Z,0.87,payments-team
INC1198,CHG1808,cache mapping template update,2026-01-05T10:34:58.011392Z,0.54,platform-team
INC1199,CHG1809,email SDK upgrade to v2.9.5,2026-01-03T20:27:58.011392Z,0.52,platform-team
INC1199,CHG1810,notification template engine update,2026-01-13T13:06:58.011392Z,0.8,infra-team
INC1200,CHG1811,read-replica threshold adjustment,2026-01-11T01:46:58.011392Z,0.47,identity-team
INC1200,CHG1812,order timeout configuration change,2026-01-09T20:29:58.011392Z,0.81,security-team
INC1201,CHG1813,Batch reporting job schedule change,2026-01-13T04:40:58.011392Z,0.8,infra-team
INC1202,CHG1814,Database schema update,2026-01-09T13:56:58.011392Z,0.71,infra-team
INC1203,CHG1815,rate-limiter consumer prefetch configuration,2026-01-08T15:21:58.011392Z,0.58,infra-team
INC1203,CHG1816,load-balancer cluster version upgrade to 1.9,2026-01-05T14:20:58.011392Z,0.75,api-team
INC1204,CHG1817,frontend compilation pipeline update,2026-01-13T15:13:58.011392Z,0.89,api-team
INC1205,CHG1818,product SDK upgrade to v3.3.1,2026-01-10T16:54:58.011392Z,0.97,identity-team
INC1206,CHG1819,session consumer prefetch configuration,2026-01-14T11:59:58.011392Z,0.52,platform-team
INC1207,CHG1820,cache bulk import job,2026-01-14T14:27:58.011392Z,0.78,payments-team
INC1208,CHG1821,checkout feature deployment,2026-01-08T23:07:58.011392Z,0.81,search-team
INC1209,CHG1822,Batch reporting job schedule change,2026-01-10T22:49:58.011392Z,0.96,payments-team
INC1210,CHG1823,elasticsearch service config update,2026-01-10T17:12:58.011392Z,0.69,identity-team
INC1211,CHG1824,frontend log parsing configuration update,2026-01-11T13:45:58.011392Z,0.87,identity-team
INC1212,CHG1825,email SDK upgrade to v1.5.9,2026-01-10T22:46:58.011392Z,0.86,observability-team
INC1213,CHG1826,elasticsearch feature deployment,2026-01-10T19:55:58.011392Z,0.8,dba-team
INC1214,CHG1827,reporting mapping template update,2026-01-11T12:19:58.011392Z,0.68,identity-team
INC1215,CHG1828,checkout storage expansion,2026-01-12T16:48:58.011392Z,0.6,security-team
INC1216,CHG1829,Database schema update,2026-01-06T07:14:58.011392Z,0.5,dba-team
INC1216,CHG1830,cdn routing rules update,2026-01-13T19:32:58.011392Z,0.62,platform-team
INC1217,CHG1831,CI/CD pipeline image caching update,2026-01-13T22:36:58.011392Z,0.63,ops-team
INC1217,CHG1832,cache rate limiting adjustment,2026-01-04T07:26:58.011392Z,0.6,search-team
INC1218,CHG1833,oauth-provider storage backend migration,2026-01-10T19:47:58.011392Z,0.8,devops-team
INC1219,CHG1834,Node resource limits adjustment,2026-01-13T09:09:58.011392Z,0.5,observability-team
INC1219,CHG1835,payment compilation pipeline update,2026-01-10T12:58:58.011392Z,0.5,infra-team
INC1220,CHG1836,Load balancer cache configuration update,2026-01-12T04:18:58.011392Z,0.56,platform-team
INC1221,CHG1837,fulfillment bulk import job,2026-01-14T00:39:58.011392Z,0.51,observability-team
INC1222,CHG1838,user log parsing configuration update,2026-01-04T14:49:58.011392Z,0.66,api-team
INC1223,CHG1839,Batch reporting job schedule change,2026-01-11T18:38:58.011392Z,0.58,devops-team
INC1223,CHG1840,search service config update,2026-01-09T18:05:58.011392Z,0.87,payments-team
INC1224,CHG1841,load-balancer storage expansion,2026-01-13T05:28:58.011392Z,0.58,search-team
INC1225,CHG1842,fluentd log parsing configuration update,2026-01-13T19:03:58.011392Z,0.64,platform-team
INC1225,CHG1843,product cluster version upgrade to 3.9,2026-01-06T10:39:58.011392Z,0.49,identity-team
INC1226,CHG1844,oauth-provider index lifecycle policy change,2026-01-08T03:24:58.011392Z,0.52,observability-team
INC1227,CHG1845,fulfillment timeout configuration change,2026-01-11T03:35:58.011392Z,0.68,payments-team
INC1228,CHG1846,CI/CD pipeline image caching update,2026-01-06T19:20:58.011392Z,0.59,infra-team
INC1228,CHG1847,search routing rules update,2026-01-08T09:00:58.011392Z,0.79,api-team
INC1229,CHG1848,session storage backend migration,2026-01-12T12:19:58.011392Z,0.54,devops-team
INC1229,CHG1849,api-gateway consumer prefetch configuration,2026-01-06T05:32:58.011392Z,0.54,api-team
INC1230,CHG1850,read-replica routing rules update,2026-01-06T01:32:58.011392Z,0.95,infra-team
INC1231,CHG1851,product mapping template update,2026-01-14T08:21:58.011392Z,0.57,observability-team
INC1231,CHG1852,ci-cd service config update,2026-01-09T13:20:58.011392Z,0.9,devops-team
INC1232,CHG1853,cdn connection pool resize,2026-01-14T14:49:58.011392Z,0.89,search-team
INC1233,CHG1854,cdn storage backend migration,2026-01-08T07:12:58.011392Z,0.92,infra-team
INC1233,CHG1855,search batch processing enhancement,2026-01-07T18:09:58.011392Z,0.88,devops-team
INC1234,CHG1856,payment index lifecycle policy change,2026-01-08T16:32:58.011392Z,0.79,observability-team
INC1234,CHG1857,rate-limiter SDK upgrade to v4.5.6,2026-01-14T07:14:58.011392Z,0.61,observability-team
INC1235,CHG1858,session mapping template update,2026-01-07T06:48:58.011392Z,0.63,payments-team
INC1235,CHG1859,order mapping template update,2026-01-04T08:02:58.011392Z,0.88,identity-team
INC1236,CHG1860,cdn storage expansion,2026-01-06T03:23:58.011392Z,0.75,devops-team
INC1236,CHG1861,payment bulk import job,2026-01-07T08:04:58.011392Z,0.93,security-team
INC1237,CHG1862,product version upgrade,2026-01-07T10:04:58.011392Z,0.85,payments-team
INC1237,CHG1863,oauth-provider cache TTL configuration change,2026-01-07T02:10:58.011392Z,0.58,infra-team
INC1238,CHG1864,user SDK upgrade to v4.8.6,2026-01-11T07:15:58.011392Z,0.81,devops-team
INC1239,CHG1865,session batch processing enhancement,2026-01-09T12:19:58.011392Z,0.81,security-team
INC1239,CHG1866,frontend SDK upgrade to v3.4.9,2026-01-12T15:24:58.011392Z,0.78,search-team
INC1240,CHG1867,read-replica SDK upgrade to v3.6.4,2026-01-12T09:50:58.011392Z,0.45,devops-team
INC1240,CHG1868,ci-cd client library update,2026-01-08T08:17:58.011392Z,0.89,platform-team
INC1241,CHG1869,cdn routing rules update,2026-01-06T12:15:58.011392Z,0.67,devops-team
INC1242,CHG1870,database timeout configuration change,2026-01-05T08:40:58.011392Z,0.66,payments-team
INC1243,CHG1871,frontend bulk import job,2026-01-04T07:24:58.011392Z,0.8,api-team
INC1243,CHG1872,user threshold adjustment,2026-01-14T10:14:58.011392Z,0.53,infra-team
INC1244,CHG1873,product bulk import job,2026-01-08T09:10:58.011392Z,0.67,api-team
INC1245,CHG1874,rate-limiter storage backend migration,2026-01-07T19:23:58.011392Z,0.53,dba-team
INC1245,CHG1875,order mapping template update,2026-01-13T16:42:58.011392Z,0.87,ops-team
INC1246,CHG1876,CI/CD pipeline image caching update,2026-01-10T23:43:58.011392Z,0.81,platform-team
INC1246,CHG1877,Batch reporting job schedule change,2026-01-05T08:53:58.011392Z,0.59,infra-team
INC1247,CHG1878,order bulk import job,2026-01-04T13:04:58.011392Z,0.92,api-team
INC1248,CHG1879,database feature deployment,2026-01-07T00:59:58.011392Z,0.78,devops-team
INC1248,CHG1880,Database schema update,2026-01-10T18:40:58.011392Z,0.78,ops-team
INC1249,CHG1881,cdn connection pool resize,2026-01-09T01:18:58.011392Z,0.58,observability-team
INC1250,CHG1882,logging rate limiting adjustment,2026-01-12T01:00:58.011392Z,0.8,observability-team
INC1251,CHG1883,rabbitmq mapping template update,2026-01-13T12:04:58.011392Z,0.64,api-team
INC1252,CHG1884,user version upgrade,2026-01-13T09:21:58.011392Z,0.64,devops-team
INC1253,CHG1885,reporting batch processing enhancement,2026-01-08T02:32:58.011392Z,0.93,api-team
INC1253,CHG1886,cdn version upgrade,2026-01-04T06:38:58.011392Z,0.62,payments-team
INC1254,CHG1887,rabbitmq batch processing enhancement,2026-01-08T11:16:58.011392Z,0.46,search-team
INC1254,CHG1888,auth rate limiting adjustment,2026-01-14T12:59:58.011392Z,0.82,ops-team
INC1255,CHG1889,read-replica connection pool resize,2026-01-08T12:41:58.011392Z,0.71,infra-team
INC1255,CHG1890,load-balancer version upgrade,2026-01-12T22:55:58.011392Z,0.75,search-team
INC1256,CHG1891,ci-cd cluster version upgrade to 3.4,2026-01-09T12:23:58.011392Z,0.84,identity-team
INC1257,CHG1892,kubernetes cluster version upgrade to 4.3,2026-01-05T13:13:58.011392Z,0.76,observability-team
INC1258,CHG1893,api-gateway mapping template update,2026-01-14T10:36:58.011392Z,0.88,identity-team
INC1259,CHG1894,CI/CD pipeline image caching update,2026-01-14T06:53:58.011392Z,0.57,ops-team
INC1259,CHG1895,user batch processing enhancement,2026-01-11T20:52:58.011392Z,0.55,ops-team
INC1260,CHG1896,Batch reporting job schedule change,2026-01-13T07:40:58.011392Z,0.91,observability-team
INC1260,CHG1897,email cache TTL configuration change,2026-01-09T07:01:58.011392Z,0.78,ops-team
INC1261,CHG1898,logging storage expansion,2026-01-13T20:16:58.011392Z,0.51,search-team
INC1261,CHG1899,user consumer prefetch configuration,2026-01-05T07:35:58.011392Z,0.77,observability-team
INC1262,CHG1900,CI/CD pipeline image caching update,2026-01-09T06:37:58.011392Z,0.51,payments-team
INC1263,CHG1901,load-balancer node pool scaling automation,2026-01-10T21:15:58.011392Z,0.86,dba-team
INC1264,CHG1902,database cluster version upgrade to 3.9,2026-01-05T02:06:58.011392Z,0.73,payments-team
INC1265,CHG1903,read-replica mapping template update,2026-01-10T23:16:58.011392Z,0.8,ops-team
INC1266,CHG1904,payment service config update,2026-01-08T16:46:58.011392Z,0.91,dba-team
INC1266,CHG1905,Load balancer order configuration update,2026-01-14T13:10:58.011392Z,0.48,observability-team
INC1267,CHG1906,Database schema update,2026-01-14T12:50:58.011392Z,0.47,devops-team
INC1268,CHG1907,session cache TTL configuration change,2026-01-13T01:43:58.011392Z,0.64,identity-team
INC1268,CHG1908,database feature deployment,2026-01-09T15:07:58.011392Z,0.89,infra-team
INC1269,CHG1909,Load balancer cdn configuration update,2026-01-04T17:09:58.011392Z,0.49,api-team
INC1270,CHG1910,checkout consumer prefetch configuration,2026-01-06T18:40:58.011392Z,0.91,observability-team
INC1271,CHG1911,frontend template engine update,2026-01-06T20:00:58.011392Z,0.49,security-team
INC1271,CHG1912,Batch reporting job schedule change,2026-01-04T00:47:58.011392Z,0.46,devops-team
INC1272,CHG1913,user timeout configuration change,2026-01-13T05:12:58.011392Z,0.72,api-team
INC1272,CHG1914,Database schema update,2026-01-07T22:44:58.011392Z,0.91,security-team
INC1273,CHG1915,order threshold adjustment,2026-01-12T17:40:58.011392Z,0.75,devops-team
INC1273,CHG1916,load-balancer version upgrade,2026-01-14T06:57:58.011392Z,0.74,security-team
INC1274,CHG1917,Load balancer notification configuration update,2026-01-11T08:25:58.011392Z,0.83,devops-team
INC1274,CHG1918,payment client library update,2026-01-04T17:57:58.011392Z,0.56,search-team
INC1275,CHG1919,Load balancer read-replica configuration update,2026-01-10T02:40:58.011392Z,0.71,infra-team
INC1276,CHG1920,Database schema update,2026-01-12T11:20:58.011392Z,0.54,payments-team
INC1276,CHG1921,oauth-provider consumer prefetch configuration,2026-01-09T05:42:58.011392Z,0.54,observability-team
INC1277,CHG1922,container-registry connection pool resize,2026-01-14T02:37:58.011392Z,0.5,security-team
INC1278,CHG1923,Load balancer kubernetes configuration update,2026-01-08T16:16:58.011392Z,0.69,infra-team
INC1278,CHG1924,rabbitmq index lifecycle policy change,2026-01-12T01:26:58.011392Z,0.91,platform-team
INC1279,CHG1925,user threshold adjustment,2026-01-09T16:40:58.011392Z,0.97,ops-team
INC1279,CHG1926,Load balancer ci-cd configuration update,2026-01-10T09:14:58.011392Z,0.85,platform-team
INC1280,CHG1927,auth index lifecycle policy change,2026-01-10T20:03:58.011392Z,0.72,dba-team
INC1280,CHG1928,Batch reporting job schedule change,2026-01-10T04:44:58.011392Z,0.83,api-team
INC1281,CHG1929,notification feature deployment,2026-01-09T01:25:58.011392Z,0.92,security-team
INC1281,CHG1930,Load balancer cache configuration update,2026-01-11T10:28:58.011392Z,0.58,devops-team
INC1282,CHG1931,ci-cd feature deployment,2026-01-14T16:17:58.011392Z,0.82,devops-team
INC1282,CHG1932,product node pool scaling automation,2026-01-09T10:37:58.011392Z,0.94,api-team
INC1283,CHG1933,Node resource limits adjustment,2026-01-11T19:01:58.011392Z,0.68,identity-team
INC1284,CHG1934,checkout storage expansion,2026-01-06T22:15:58.011392Z,0.82,identity-team
INC1284,CHG1935,read-replica connection pool resize,2026-01-10T14:12:58.011392Z,0.58,dba-team
INC1285,CHG1936,reporting version upgrade,2026-01-09T17:57:58.011392Z,0.48,dba-team
INC1285,CHG1937,ci-cd SDK upgrade to v4.8.7,2026-01-08T16:11:58.011392Z,0.51,payments-team
INC1286,CHG1938,frontend mapping template update,2026-01-06T02:53:58.011392Z,0.56,payments-team
INC1286,CHG1939,checkout service config update,2026-01-10T05:20:58.011392Z,0.57,infra-team
INC1287,CHG1940,cdn rate limiting adjustment,2026-01-07T08:19:58.011392Z,0.86,dba-team
INC1287,CHG1941,Load balancer payment configuration update,2026-01-08T05:01:58.011392Z,0.67,api-team
INC1288,CHG1942,database node pool scaling automation,2026-01-08T03:10:58.011392Z,0.82,observability-team
INC1288,CHG1943,ci-cd rate limiting adjustment,2026-01-13T07:58:58.011392Z,0.56,api-team
INC1289,CHG1944,elasticsearch compilation pipeline update,2026-01-13T14:29:58.011392Z,0.72,observability-team
INC1290,CHG1945,order compilation pipeline update,2026-01-09T18:36:58.011392Z,0.55,ops-team
INC1291,CHG1946,oauth-provider node pool scaling automation,2026-01-05T22:43:58.011392Z,0.55,api-team
INC1292,CHG1947,reporting cluster version upgrade to 1.1,2026-01-06T06:02:58.011392Z,0.65,api-team
INC1292,CHG1948,CI/CD pipeline image caching update,2026-01-13T18:20:58.011392Z,0.96,identity-team
INC1293,CHG1949,product client library update,2026-01-14T08:54:58.011392Z,0.69,api-team
INC1294,CHG1950,notification mapping template update,2026-01-07T10:29:58.011392Z,0.76,ops-team
INC1295,CHG1951,container-registry timeout configuration change,2026-01-04T20:59:58.011392Z,0.84,identity-team
INC1295,CHG1952,rabbitmq version upgrade,2026-01-14T16:43:58.011392Z,0.85,search-team
INC1296,CHG1953,load-balancer service config update,2026-01-14T11:22:58.011392Z,0.92,ops-team
INC1296,CHG1954,ci-cd cluster version upgrade to 5.8,2026-01-11T04:06:58.011392Z,0.78,ops-team
INC1297,CHG1955,session feature deployment,2026-01-12T03:36:58.011392Z,0.89,identity-team
INC1297,CHG1956,Node resource limits adjustment,2026-01-13T06:06:58.011392Z,0.58,infra-team
INC1298,CHG1957,database client library update,2026-01-10T08:46:58.011392Z,0.57,devops-team
INC1299,CHG1958,reporting bulk import job,2026-01-09T14:39:58.011392Z,0.84,observability-team
INC1299,CHG1959,payment threshold adjustment,2026-01-07T09:39:58.011392Z,0.55,devops-team
INC1300,CHG1960,ci-cd mapping template update,2026-01-05T14:06:58.011392Z,0.61,payments-team
INC1301,CHG1961,rabbitmq rate limiting adjustment,2026-01-12T03:34:58.011392Z,0.86,observability-team
INC1301,CHG1962,Load balancer product configuration update,2026-01-12T22:31:58.011392Z,0.61,infra-team
INC1302,CHG1963,cache threshold adjustment,2026-01-13T07:31:58.011392Z,0.87,observability-team
INC1302,CHG1964,Database schema update,2026-01-08T23:09:58.011392Z,0.91,devops-team
INC1303,CHG1965,Database schema update,2026-01-03T22:02:58.011392Z,0.47,security-team
INC1303,CHG1966,session template engine update,2026-01-05T15:08:58.011392Z,0.86,infra-team
INC1304,CHG1967,cdn connection pool resize,2026-01-07T08:52:58.011392Z,0.87,devops-team
INC1305,CHG1968,CI/CD pipeline image caching update,2026-01-04T07:52:58.011392Z,0.93,dba-team
INC1306,CHG1969,frontend connection pool resize,2026-01-07T08:29:58.011392Z,0.68,observability-team
INC1306,CHG1970,load-balancer version upgrade,2026-01-09T10:15:58.011392Z,0.95,platform-team
INC1307,CHG1971,read-replica client library update,2026-01-12T03:10:58.011392Z,0.56,payments-team
INC1308,CHG1972,database SDK upgrade to v1.8.5,2026-01-14T07:05:58.011392Z,0.51,identity-team
INC1309,CHG1973,elasticsearch storage backend migration,2026-01-12T11:57:58.011392Z,0.87,payments-team
INC1310,CHG1974,reporting connection pool resize,2026-01-14T07:34:58.011392Z,0.57,payments-team
INC1311,CHG1975,read-replica cache TTL configuration change,2026-01-14T08:30:58.011392Z,0.75,security-team
INC1312,CHG1976,product version upgrade,2026-01-03T20:19:58.011392Z,0.46,payments-team
INC1312,CHG1977,fluentd compilation pipeline update,2026-01-04T08:07:58.011392Z,0.62,dba-team
INC1313,CHG1978,search client library update,2026-01-07T09:24:58.011392Z,0.45,ops-team
INC1313,CHG1979,frontend rate limiting adjustment,2026-01-07T12:31:58.011392Z,0.48,payments-team
INC1314,CHG1980,session feature deployment,2026-01-12T00:54:58.011392Z,0.96,infra-team
INC1314,CHG1981,payment bulk import job,2026-01-10T18:31:58.011392Z,0.96,platform-team
INC1315,CHG1982,auth consumer prefetch configuration,2026-01-12T22:51:58.011392Z,0.65,api-team
INC1315,CHG1983,email template engine update,2026-01-05T01:44:58.011392Z,0.52,platform-team
INC1316,CHG1984,fluentd node pool scaling automation,2026-01-06T18:35:58.011392Z,0.82,infra-team
INC1317,CHG1985,read-replica timeout configuration change,2026-01-04T00:33:58.011392Z,0.76,security-team
INC1317,CHG1986,read-replica storage backend migration,2026-01-09T12:30:58.011392Z,0.55,api-team
INC1318,CHG1987,checkout client library update,2026-01-08T08:59:58.011392Z,0.93,infra-team
INC1318,CHG1988,fluentd routing rules update,2026-01-09T16:05:58.011392Z,0.91,identity-team
INC1319,CHG1989,order rate limiting adjustment,2026-01-05T09:35:58.011392Z,0.55,dba-team
INC1319,CHG1990,reporting timeout configuration change,2026-01-13T00:11:58.011392Z,0.81,ops-team
INC1320,CHG1991,session cluster version upgrade to 1.3,2026-01-10T19:49:58.011392Z,0.93,search-team
INC1320,CHG1992,Node resource limits adjustment,2026-01-07T19:17:58.011392Z,0.93,platform-team
INC1321,CHG1993,search compilation pipeline update,2026-01-07T22:24:58.011392Z,0.55,infra-team
INC1321,CHG1994,fulfillment threshold adjustment,2026-01-06T18:07:58.011392Z,0.61,payments-team
INC1322,CHG1995,ci-cd node pool scaling automation,2026-01-05T10:18:58.011392Z,0.74,search-team
INC1323,CHG1996,logging compilation pipeline update,2026-01-03T18:43:58.011392Z,0.88,devops-team
INC1323,CHG1997,logging cluster version upgrade to 3.5,2026-01-13T03:34:58.011392Z,0.71,identity-team
INC1324,CHG1998,Load balancer oauth-provider configuration update,2026-01-06T07:20:58.011392Z,0.92,observability-team
INC1324,CHG1999,kubernetes storage expansion,2026-01-06T02:45:58.011392Z,0.59,search-team
INC1325,CHG2000,CI/CD pipeline image caching update,2026-01-05T00:24:58.011392Z,0.53,observability-team
INC1325,CHG2001,search storage expansion,2026-01-10T13:36:58.011392Z,0.93,observability-team
INC1326,CHG2002,rabbitmq service config update,2026-01-12T05:41:58.011392Z,0.9,api-team
INC1327,CHG2003,fulfillment timeout configuration change,2026-01-13T05:41:58.011392Z,0.71,dba-team
INC1328,CHG2004,Database schema update,2026-01-10T15:42:58.011392Z,0.47,security-team
INC1328,CHG2005,kubernetes batch processing enhancement,2026-01-13T07:19:58.011392Z,0.71,devops-team
INC1329,CHG2006,load-balancer bulk import job,2026-01-12T22:42:58.011392Z,0.66,platform-team
INC1330,CHG2007,elasticsearch cluster version upgrade to 5.9,2026-01-05T12:24:58.011392Z,0.46,ops-team
INC1331,CHG2008,database log parsing configuration update,2026-01-08T20:17:58.011392Z,0.83,identity-team
INC1331,CHG2009,search storage backend migration,2026-01-08T13:26:58.011392Z,0.66,search-team
INC1332,CHG2010,Load balancer search configuration update,2026-01-04T06:30:58.011392Z,0.46,observability-team
INC1333,CHG2011,user service config update,2026-01-05T14:06:58.011392Z,0.64,dba-team
INC1333,CHG2012,payment cache TTL configuration change,2026-01-11T17:42:58.011392Z,0.45,ops-team
INC1334,CHG2013,rabbitmq compilation pipeline update,2026-01-05T16:12:58.011392Z,0.51,search-team
INC1334,CHG2014,CI/CD pipeline image caching update,2026-01-08T05:13:58.011392Z,0.48,dba-team
INC1335,CHG2015,elasticsearch batch processing enhancement,2026-01-06T11:00:58.011392Z,0.57,identity-team
INC1335,CHG2016,rate-limiter routing rules update,2026-01-13T08:42:58.011392Z,0.89,payments-team
INC1336,CHG2017,rate-limiter rate limiting adjustment,2026-01-09T10:25:58.011392Z,0.5,search-team
INC1336,CHG2018,reporting consumer prefetch configuration,2026-01-14T15:38:58.011392Z,0.48,devops-team
INC1337,CHG2019,fluentd cluster version upgrade to 3.7,2026-01-10T14:32:58.011392Z,0.65,ops-team
INC1337,CHG2020,reporting routing rules update,2026-01-03T20:12:58.011392Z,0.89,ops-team
INC1338,CHG2021,checkout template engine update,2026-01-09T23:27:58.011392Z,0.67,dba-team
INC1339,CHG2022,checkout compilation pipeline update,2026-01-09T21:03:58.011392Z,0.78,search-team
INC1339,CHG2023,api-gateway storage backend migration,2026-01-14T17:25:58.011392Z,0.54,infra-team
INC1340,CHG2024,elasticsearch batch processing enhancement,2026-01-10T04:14:58.011392Z,0.76,devops-team
INC1340,CHG2025,elasticsearch feature deployment,2026-01-06T20:48:58.011392Z,0.51,search-team
INC1341,CHG2026,elasticsearch template engine update,2026-01-05T17:16:58.011392Z,0.68,observability-team
INC1342,CHG2027,container-registry storage expansion,2026-01-12T00:53:58.011392Z,0.57,ops-team
INC1343,CHG2028,order client library update,2026-01-09T16:40:58.011392Z,0.53,observability-team
INC1343,CHG2029,payment cluster version upgrade to 4.0,2026-01-05T14:31:58.011392Z,0.73,devops-team
INC1344,CHG2030,email template engine update,2026-01-12T11:18:58.011392Z,0.94,identity-team
INC1345,CHG2031,api-gateway threshold adjustment,2026-01-06T03:06:58.011392Z,0.55,platform-team
INC1346,CHG2032,payment connection pool resize,2026-01-04T09:17:58.011392Z,0.78,infra-team
INC1346,CHG2033,checkout cluster version upgrade to 1.5,2026-01-04T13:24:58.011392Z,0.75,payments-team
INC1347,CHG2034,Batch reporting job schedule change,2026-01-14T17:55:58.011392Z,0.51,api-team
INC1348,CHG2035,rate-limiter client library update,2026-01-05T04:27:58.011392Z,0.8,platform-team
INC1349,CHG2036,checkout SDK upgrade to v2.5.0,2026-01-04T21:36:58.011392Z,0.92,ops-team
INC1349,CHG2037,logging cache TTL configuration change,2026-01-06T06:55:58.011392Z,0.87,api-team
INC1350,CHG2038,user storage expansion,2026-01-11T18:54:58.011392Z,0.77,payments-team
INC1351,CHG2039,Node resource limits adjustment,2026-01-13T01:57:58.011392Z,0.92,ops-team
INC1352,CHG2040,Batch reporting job schedule change,2026-01-04T19:43:58.011392Z,0.64,api-team
INC1353,CHG2041,cache SDK upgrade to v4.8.8,2026-01-05T09:46:58.011392Z,0.84,identity-team
INC1353,CHG2042,user version upgrade,2026-01-07T04:00:58.011392Z,0.83,ops-team
INC1354,CHG2043,Batch reporting job schedule change,2026-01-04T23:55:58.011392Z,0.62,infra-team
INC1354,CHG2044,Load balancer frontend configuration update,2026-01-13T14:13:58.011392Z,0.48,devops-team
INC1355,CHG2045,email log parsing configuration update,2026-01-08T19:17:58.011392Z,0.85,devops-team
INC1356,CHG2046,reporting compilation pipeline update,2026-01-07T14:50:58.011392Z,0.93,ops-team
INC1357,CHG2047,user threshold adjustment,2026-01-12T11:30:58.011392Z,0.5,search-team
INC1357,CHG2048,product connection pool resize,2026-01-10T18:54:58.011392Z,0.89,api-team
INC1358,CHG2049,frontend compilation pipeline update,2026-01-04T20:20:58.011392Z,0.87,platform-team
INC1358,CHG2050,order mapping template update,2026-01-04T01:27:58.011392Z,0.7,devops-team
INC1359,CHG2051,Load balancer reporting configuration update,2026-01-11T20:46:58.011392Z,0.77,api-team
INC1359,CHG2052,reporting cache TTL configuration change,2026-01-14T11:50:58.011392Z,0.91,dba-team
INC1360,CHG2053,Batch reporting job schedule change,2026-01-03T20:18:58.011392Z,0.72,infra-team
INC1360,CHG2054,Load balancer cache configuration update,2026-01-04T17:54:58.011392Z,0.6,search-team
INC1361,CHG2055,session node pool scaling automation,2026-01-08T02:52:58.011392Z,0.84,devops-team
INC1362,CHG2056,cdn mapping template update,2026-01-13T05:32:58.011392Z,0.75,dba-team
INC1363,CHG2057,load-balancer storage backend migration,2026-01-07T03:24:58.011392Z,0.81,identity-team
INC1364,CHG2058,search version upgrade,2026-01-12T23:55:58.011392Z,0.69,devops-team
INC1364,CHG2059,oauth-provider consumer prefetch configuration,2026-01-12T14:04:58.011392Z,0.95,observability-team
INC1365,CHG2060,rate-limiter SDK upgrade to v4.0.0,2026-01-05T00:32:58.011392Z,0.51,identity-team
INC1365,CHG2061,rate-limiter threshold adjustment,2026-01-05T11:56:58.011392Z,0.79,payments-team
INC1366,CHG2062,fluentd consumer prefetch configuration,2026-01-13T01:29:58.011392Z,0.75,payments-team
INC1366,CHG2063,oauth-provider log parsing configuration update,2026-01-12T03:29:58.011392Z,0.87,api-team
INC1367,CHG2064,Batch reporting job schedule change,2026-01-13T19:20:58.011392Z,0.67,infra-team
INC1368,CHG2065,search feature deployment,2026-01-10T16:50:58.011392Z,0.8,dba-team
INC1369,CHG2066,kubernetes cluster version upgrade to 1.6,2026-01-12T19:25:58.011392Z,0.87,search-team
INC1370,CHG2067,product threshold adjustment,2026-01-12T13:55:58.011392Z,0.55,payments-team
INC1371,CHG2068,Database schema update,2026-01-11T15:26:58.011392Z,0.59,api-team
INC1371,CHG2069,rabbitmq SDK upgrade to v1.2.4,2026-01-05T08:09:58.011392Z,0.85,observability-team
INC1372,CHG2070,oauth-provider compilation pipeline update,2026-01-13T14:54:58.011392Z,0.85,infra-team
INC1373,CHG2071,kubernetes storage expansion,2026-01-06T19:33:58.011392Z,0.8,platform-team
INC1374,CHG2072,order cluster version upgrade to 5.6,2026-01-10T18:42:58.011392Z,0.72,platform-team
INC1375,CHG2073,checkout service config update,2026-01-11T17:44:58.011392Z,0.82,ops-team
INC1375,CHG2074,database threshold adjustment,2026-01-08T19:39:58.011392Z,0.88,payments-team
INC1376,CHG2075,elasticsearch cluster version upgrade to 1.0,2026-01-08T11:58:58.011392Z,0.57,security-team
INC1377,CHG2076,reporting bulk import job,2026-01-05T19:35:58.011392Z,0.82,ops-team
INC1378,CHG2077,rate-limiter cluster version upgrade to 2.6,2026-01-04T10:08:58.011392Z,0.93,dba-team
INC1379,CHG2078,database consumer prefetch configuration,2026-01-09T15:55:58.011392Z,0.5,api-team
INC1379,CHG2079,read-replica log parsing configuration update,2026-01-06T05:27:58.011392Z,0.87,identity-team
INC1380,CHG2080,fulfillment routing rules update,2026-01-09T10:54:58.011392Z,0.87,search-team
INC1380,CHG2081,fluentd feature deployment,2026-01-06T15:39:58.011392Z,0.51,dba-team
INC1381,CHG2082,order SDK upgrade to v1.8.1,2026-01-11T10:38:58.011392Z,0.49,observability-team
INC1381,CHG2083,Load balancer search configuration update,2026-01-04T13:10:58.011392Z,0.55,dba-team
INC1382,CHG2084,elasticsearch bulk import job,2026-01-09T10:58:58.011392Z,0.49,payments-team
INC1382,CHG2085,read-replica index lifecycle policy change,2026-01-04T07:30:58.011392Z,0.79,infra-team
INC1383,CHG2086,payment version upgrade,2026-01-11T06:00:58.011392Z,0.59,dba-team
INC1383,CHG2087,fulfillment batch processing enhancement,2026-01-06T07:43:58.011392Z,0.94,ops-team
INC1384,CHG2088,ci-cd node pool scaling automation,2026-01-07T19:37:58.011392Z,0.91,observability-team
INC1385,CHG2089,kubernetes storage backend migration,2026-01-04T19:58:58.011392Z,0.69,platform-team
INC1385,CHG2090,database SDK upgrade to v3.6.6,2026-01-14T01:46:58.011392Z,0.7,platform-team
INC1386,CHG2091,notification threshold adjustment,2026-01-10T10:38:58.011392Z,0.53,dba-team
INC1387,CHG2092,elasticsearch cache TTL configuration change,2026-01-09T03:40:58.011392Z,0.68,ops-team
INC1388,CHG2093,payment SDK upgrade to v4.9.9,2026-01-06T11:04:58.011392Z,0.69,infra-team
INC1389,CHG2094,cache timeout configuration change,2026-01-05T14:15:58.011392Z,0.8,security-team
INC1390,CHG2095,reporting threshold adjustment,2026-01-03T21:40:58.011392Z,0.5,identity-team
INC1390,CHG2096,fulfillment storage backend migration,2026-01-08T05:38:58.011392Z,0.49,platform-team
INC1391,CHG2097,logging cluster version upgrade to 4.1,2026-01-06T06:47:58.011392Z,0.52,payments-team
INC1392,CHG2098,fluentd SDK upgrade to v1.6.8,2026-01-08T07:53:58.011392Z,0.89,dba-team
INC1392,CHG2099,product bulk import job,2026-01-07T19:44:58.011392Z,0.55,ops-team
INC1393,CHG2100,user feature deployment,2026-01-13T08:38:58.011392Z,0.67,dba-team
INC1394,CHG2101,database bulk import job,2026-01-06T04:04:58.011392Z,0.74,api-team
INC1394,CHG2102,oauth-provider routing rules update,2026-01-09T05:56:58.011392Z,0.88,identity-team
INC1395,CHG2103,ci-cd SDK upgrade to v2.1.9,2026-01-05T02:03:58.011392Z,0.96,dba-team
INC1396,CHG2104,rabbitmq index lifecycle policy change,2026-01-06T12:54:58.011392Z,0.68,observability-team
INC1397,CHG2105,logging template engine update,2026-01-13T20:39:58.011392Z,0.94,platform-team
INC1398,CHG2106,container-registry threshold adjustment,2026-01-10T11:14:58.011392Z,0.9,dba-team
INC1399,CHG2107,fulfillment threshold adjustment,2026-01-11T11:39:58.011392Z,0.67,identity-team
INC1399,CHG2108,cache compilation pipeline update,2026-01-06T03:47:58.011392Z,0.68,observability-team
INC1400,CHG2109,product routing rules update,2026-01-12T02:56:58.011392Z,0.53,payments-team
INC1400,CHG2110,ci-cd cache TTL configuration change,2026-01-05T17:37:58.011392Z,0.92,identity-team
INC1401,CHG2111,database compilation pipeline update,2026-01-10T13:03:58.011392Z,0.96,platform-team
INC1402,CHG2112,session node pool scaling automation,2026-01-13T06:39:58.011392Z,0.94,security-team
INC1402,CHG2113,cache template engine update,2026-01-08T00:03:58.011392Z,0.8,identity-team
INC1403,CHG2114,elasticsearch cluster version upgrade to 3.7,2026-01-05T19:28:58.011392Z,0.68,dba-team
INC1403,CHG2115,cdn version upgrade,2026-01-04T07:16:58.011392Z,0.74,identity-team
INC1404,CHG2116,email timeout configuration change,2026-01-14T08:51:58.011392Z,0.81,payments-team
INC1404,CHG2117,notification cluster version upgrade to 2.9,2026-01-13T11:40:58.011392Z,0.75,infra-team
INC1405,CHG2118,search storage backend migration,2026-01-09T10:59:58.011392Z,0.61,observability-team
INC1405,CHG2119,rabbitmq SDK upgrade to v3.8.2,2026-01-08T08:18:58.011392Z,0.6,payments-team
INC1406,CHG2120,kubernetes version upgrade,2026-01-07T17:43:58.011392Z,0.66,infra-team
INC1407,CHG2121,auth storage backend migration,2026-01-13T01:00:58.011392Z,0.86,ops-team
INC1408,CHG2122,Load balancer read-replica configuration update,2026-01-07T10:20:58.011392Z,0.45,security-team
INC1408,CHG2123,oauth-provider consumer prefetch configuration,2026-01-08T20:01:58.011392Z,0.52,identity-team
INC1409,CHG2124,cdn version upgrade,2026-01-09T03:50:58.011392Z,0.6,security-team
INC1409,CHG2125,search client library update,2026-01-11T05:36:58.011392Z,0.88,dba-team
INC1410,CHG2126,auth storage backend migration,2026-01-08T18:44:58.011392Z,0.76,platform-team
INC1411,CHG2127,oauth-provider cluster version upgrade to 5.1,2026-01-04T22:56:58.011392Z,0.94,platform-team
INC1412,CHG2128,load-balancer version upgrade,2026-01-12T10:04:58.011392Z,0.93,dba-team
INC1413,CHG2129,rabbitmq threshold adjustment,2026-01-06T01:58:58.011392Z,0.8,identity-team
INC1414,CHG2130,reporting feature deployment,2026-01-04T09:42:58.011392Z,0.57,platform-team
INC1415,CHG2131,checkout mapping template update,2026-01-06T02:08:58.011392Z,0.7,api-team
INC1416,CHG2132,CI/CD pipeline image caching update,2026-01-14T00:46:58.011392Z,0.65,devops-team
INC1417,CHG2133,cache storage expansion,2026-01-11T00:20:58.011392Z,0.52,dba-team
INC1418,CHG2134,Node resource limits adjustment,2026-01-10T22:58:58.011392Z,0.9,ops-team
INC1418,CHG2135,email feature deployment,2026-01-06T14:50:58.011392Z,0.47,security-team
INC1419,CHG2136,payment template engine update,2026-01-09T21:57:58.011392Z,0.79,api-team
INC1420,CHG2137,notification client library update,2026-01-11T01:27:58.011392Z,0.77,devops-team
INC1420,CHG2138,read-replica index lifecycle policy change,2026-01-13T17:25:58.011392Z,0.52,dba-team
INC1421,CHG2139,order node pool scaling automation,2026-01-07T06:17:58.011392Z,0.76,api-team
INC1422,CHG2140,payment template engine update,2026-01-05T19:14:58.011392Z,0.77,infra-team
INC1422,CHG2141,database storage expansion,2026-01-03T19:18:58.011392Z,0.86,platform-team
INC1423,CHG2142,Batch reporting job schedule change,2026-01-07T07:54:58.011392Z,0.68,ops-team
INC1424,CHG2143,api-gateway threshold adjustment,2026-01-08T18:04:58.011392Z,0.61,platform-team
INC1424,CHG2144,elasticsearch node pool scaling automation,2026-01-14T09:24:58.011392Z,0.57,security-team
INC1425,CHG2145,reporting bulk import job,2026-01-07T03:00:58.011392Z,0.56,api-team
INC1426,CHG2146,product consumer prefetch configuration,2026-01-11T11:47:58.011392Z,0.5,devops-team
INC1426,CHG2147,Batch reporting job schedule change,2026-01-06T20:32:58.011392Z,0.9,identity-team
INC1427,CHG2148,notification cluster version upgrade to 1.2,2026-01-08T05:50:58.011392Z,0.81,payments-team
INC1427,CHG2149,Batch reporting job schedule change,2026-01-10T09:24:58.011392Z,0.63,devops-team
INC1428,CHG2150,product service config update,2026-01-05T06:05:58.011392Z,0.79,api-team
INC1428,CHG2151,reporting feature deployment,2026-01-07T05:51:58.011392Z,0.54,ops-team
INC1429,CHG2152,auth cluster version upgrade to 1.3,2026-01-12T03:33:58.011392Z,0.85,payments-team
INC1429,CHG2153,fluentd service config update,2026-01-05T01:54:58.011392Z,0.55,devops-team
INC1430,CHG2154,Database schema update,2026-01-14T15:07:58.011392Z,0.52,platform-team
INC1431,CHG2155,oauth-provider version upgrade,2026-01-06T14:53:58.011392Z,0.85,api-team
INC1432,CHG2156,cdn index lifecycle policy change,2026-01-14T07:52:58.011392Z,0.57,observability-team
INC1433,CHG2157,Database schema update,2026-01-13T13:52:58.011392Z,0.87,search-team
INC1433,CHG2158,reporting rate limiting adjustment,2026-01-13T11:20:58.011392Z,0.69,search-team
INC1434,CHG2159,order rate limiting adjustment,2026-01-13T05:02:58.011392Z,0.86,search-team
INC1434,CHG2160,api-gateway version upgrade,2026-01-12T04:03:58.011392Z,0.79,search-team
INC1435,CHG2161,auth cluster version upgrade to 5.3,2026-01-11T05:38:58.011392Z,0.52,platform-team
INC1436,CHG2162,Batch reporting job schedule change,2026-01-08T11:13:58.011392Z,0.66,search-team
INC1436,CHG2163,ci-cd routing rules update,2026-01-07T18:14:58.011392Z,0.46,observability-team
INC1437,CHG2164,search threshold adjustment,2026-01-07T14:10:58.011392Z,0.94,search-team
INC1437,CHG2165,fulfillment threshold adjustment,2026-01-10T06:45:58.011392Z,0.91,devops-team
INC1438,CHG2166,search version upgrade,2026-01-14T03:25:58.011392Z,0.66,infra-team
INC1439,CHG2167,Batch reporting job schedule change,2026-01-06T01:05:58.011392Z,0.67,platform-team
INC1439,CHG2168,fulfillment connection pool resize,2026-01-10T12:27:58.011392Z,0.48,search-team
INC1440,CHG2169,Database schema update,2026-01-08T08:26:58.011392Z,0.55,api-team
INC1441,CHG2170,user bulk import job,2026-01-12T04:20:58.011392Z,0.94,identity-team
INC1442,CHG2171,api-gateway storage expansion,2026-01-11T01:33:58.011392Z,0.91,observability-team
INC1443,CHG2172,notification connection pool resize,2026-01-14T16:04:58.011392Z,0.57,identity-team
INC1444,CHG2173,Batch reporting job schedule change,2026-01-04T04:21:58.011392Z,0.91,api-team
INC1445,CHG2174,read-replica template engine update,2026-01-05T07:28:58.011392Z,0.85,search-team
INC1445,CHG2175,Database schema update,2026-01-14T14:24:58.011392Z,0.71,devops-team
INC1446,CHG2176,reporting storage backend migration,2026-01-13T21:28:58.011392Z,0.5,security-team
INC1447,CHG2177,order log parsing configuration update,2026-01-13T10:17:58.011392Z,0.72,ops-team
INC1447,CHG2178,database storage expansion,2026-01-04T12:54:58.011392Z,0.8,ops-team
INC1448,CHG2179,ci-cd threshold adjustment,2026-01-04T19:29:58.011392Z,0.76,infra-team
INC1448,CHG2180,Node resource limits adjustment,2026-01-09T00:30:58.011392Z,0.76,dba-team
INC1449,CHG2181,payment timeout configuration change,2026-01-06T23:56:58.011392Z,0.49,devops-team
INC1449,CHG2182,database routing rules update,2026-01-11T07:17:58.011392Z,0.53,devops-team
INC1450,CHG2183,payment threshold adjustment,2026-01-13T15:43:58.011392Z,0.92,platform-team
INC1451,CHG2184,email client library update,2026-01-13T00:52:58.011392Z,0.45,infra-team
INC1451,CHG2185,cdn version upgrade,2026-01-11T18:16:58.011392Z,0.88,observability-team
INC1452,CHG2186,Load balancer elasticsearch configuration update,2026-01-10T23:35:58.011392Z,0.89,dba-team
INC1452,CHG2187,search consumer prefetch configuration,2026-01-08T10:41:58.011392Z,0.66,dba-team
INC1453,CHG2188,load-balancer cache TTL configuration change,2026-01-12T14:01:58.011392Z,0.73,security-team
INC1454,CHG2189,rabbitmq timeout configuration change,2026-01-11T22:37:58.011392Z,0.96,identity-team
INC1455,CHG2190,Load balancer ci-cd configuration update,2026-01-06T00:43:58.011392Z,0.96,identity-team
INC1456,CHG2191,payment consumer prefetch configuration,2026-01-06T07:45:58.011392Z,0.49,payments-team
INC1457,CHG2192,container-registry node pool scaling automation,2026-01-04T05:50:58.011392Z,0.88,search-team
INC1458,CHG2193,oauth-provider log parsing configuration update,2026-01-09T22:06:58.011392Z,0.78,identity-team
INC1458,CHG2194,order connection pool resize,2026-01-07T23:33:58.011392Z,0.46,payments-team
INC1459,CHG2195,Load balancer fulfillment configuration update,2026-01-07T17:02:58.011392Z,0.46,ops-team
INC1459,CHG2196,order storage backend migration,2026-01-08T06:53:58.011392Z,0.94,dba-team
INC1460,CHG2197,payment log parsing configuration update,2026-01-08T18:01:58.011392Z,0.63,dba-team
INC1461,CHG2198,load-balancer cache TTL configuration change,2026-01-06T02:57:58.011392Z,0.95,infra-team
INC1462,CHG2199,reporting feature deployment,2026-01-10T07:45:58.011392Z,0.86,infra-team
INC1462,CHG2200,checkout storage expansion,2026-01-14T14:28:58.011392Z,0.55,identity-team
INC1463,CHG2201,load-balancer compilation pipeline update,2026-01-13T03:11:58.011392Z,0.73,observability-team
INC1464,CHG2202,session storage backend migration,2026-01-07T03:44:58.011392Z,0.87,payments-team
INC1464,CHG2203,reporting consumer prefetch configuration,2026-01-05T00:57:58.011392Z,0.79,search-team
INC1465,CHG2204,kubernetes connection pool resize,2026-01-07T09:34:58.011392Z,0.8,search-team
INC1466,CHG2205,user log parsing configuration update,2026-01-07T04:36:58.011392Z,0.48,ops-team
INC1467,CHG2206,user feature deployment,2026-01-10T09:55:58.011392Z,0.75,search-team
INC1467,CHG2207,user batch processing enhancement,2026-01-06T19:43:58.011392Z,0.55,security-team
INC1468,CHG2208,database index lifecycle policy change,2026-01-04T14:31:58.011392Z,0.52,devops-team
INC1469,CHG2209,product threshold adjustment,2026-01-12T11:45:58.011392Z,0.48,dba-team
INC1470,CHG2210,search connection pool resize,2026-01-10T22:01:58.011392Z,0.51,security-team
INC1470,CHG2211,notification mapping template update,2026-01-09T03:43:58.011392Z,0.84,payments-team
INC1471,CHG2212,cdn bulk import job,2026-01-09T23:06:58.011392Z,0.77,payments-team
INC1472,CHG2213,kubernetes consumer prefetch configuration,2026-01-10T05:31:58.011392Z,0.52,identity-team
INC1473,CHG2214,kubernetes cluster version upgrade to 3.7,2026-01-10T19:43:58.011392Z,0.54,devops-team
INC1473,CHG2215,api-gateway feature deployment,2026-01-06T02:01:58.011392Z,0.68,identity-team
INC1474,CHG2216,user index lifecycle policy change,2026-01-12T04:43:58.011392Z,0.92,infra-team
INC1474,CHG2217,frontend service config update,2026-01-14T09:51:58.011392Z,0.57,payments-team
INC1475,CHG2218,kubernetes client library update,2026-01-09T04:07:58.011392Z,0.94,platform-team
INC1476,CHG2219,user bulk import job,2026-01-07T09:52:58.011392Z,0.48,ops-team
INC1477,CHG2220,database feature deployment,2026-01-11T02:23:58.011392Z,0.66,api-team
INC1478,CHG2221,Load balancer api-gateway configuration update,2026-01-09T18:54:58.011392Z,0.82,ops-team
INC1479,CHG2222,cdn node pool scaling automation,2026-01-09T05:03:58.011392Z,0.84,payments-team
INC1480,CHG2223,rabbitmq storage expansion,2026-01-08T03:05:58.011392Z,0.82,payments-team
INC1481,CHG2224,container-registry feature deployment,2026-01-12T19:37:58.011392Z,0.86,infra-team
INC1482,CHG2225,Batch reporting job schedule change,2026-01-11T22:52:58.011392Z,0.79,api-team
INC1482,CHG2226,search timeout configuration change,2026-01-07T22:05:58.011392Z,0.92,devops-team
INC1483,CHG2227,kubernetes feature deployment,2026-01-04T07:50:58.011392Z,0.46,ops-team
INC1483,CHG2228,email bulk import job,2026-01-13T21:11:58.011392Z,0.84,infra-team
INC1484,CHG2229,rabbitmq bulk import job,2026-01-07T01:50:58.011392Z,0.55,api-team
INC1485,CHG2230,rate-limiter index lifecycle policy change,2026-01-08T15:40:58.011392Z,0.55,payments-team
INC1485,CHG2231,CI/CD pipeline image caching update,2026-01-10T02:43:58.011392Z,0.59,search-team
INC1486,CHG2232,read-replica index lifecycle policy change,2026-01-13T02:52:58.011392Z,0.92,observability-team
INC1486,CHG2233,search index lifecycle policy change,2026-01-11T21:46:58.011392Z,0.96,search-team
INC1487,CHG2234,frontend connection pool resize,2026-01-14T10:10:58.011392Z,0.88,api-team
INC1488,CHG2235,order storage expansion,2026-01-09T19:08:58.011392Z,0.83,security-team
INC1488,CHG2236,order rate limiting adjustment,2026-01-04T06:27:58.011392Z,0.53,api-team
INC1489,CHG2237,cache timeout configuration change,2026-01-05T03:56:58.011392Z,0.48,observability-team
INC1490,CHG2238,product compilation pipeline update,2026-01-03T19:15:58.011392Z,0.8,search-team
INC1490,CHG2239,Database schema update,2026-01-05T22:09:58.011392Z,0.75,ops-team
INC1491,CHG2240,Batch reporting job schedule change,2026-01-11T16:52:58.011392Z,0.61,platform-team
INC1491,CHG2241,oauth-provider feature deployment,2026-01-10T15:27:58.011392Z,0.49,dba-team
INC1492,CHG2242,api-gateway mapping template update,2026-01-09T22:47:58.011392Z,0.66,search-team
INC1492,CHG2243,product storage expansion,2026-01-05T08:16:58.011392Z,0.87,payments-team
INC1493,CHG2244,elasticsearch client library update,2026-01-05T02:37:58.011392Z,0.93,dba-team
INC1494,CHG2245,session compilation pipeline update,2026-01-12T06:22:58.011392Z,0.51,devops-team
INC1494,CHG2246,read-replica bulk import job,2026-01-11T19:07:58.011392Z,0.59,search-team
INC1495,CHG2247,Load balancer search configuration update,2026-01-14T14:34:58.011392Z,0.93,dba-team
INC1495,CHG2248,load-balancer cache TTL configuration change,2026-01-10T21:43:58.011392Z,0.51,ops-team
INC1496,CHG2249,checkout SDK upgrade to v5.0.5,2026-01-12T11:25:58.011392Z,0.83,infra-team
INC1497,CHG2250,rabbitmq version upgrade,2026-01-10T15:20:58.011392Z,0.85,devops-team
INC1497,CHG2251,api-gateway batch processing enhancement,2026-01-08T07:27:58.011392Z,0.69,api-team
INC1498,CHG2252,CI/CD pipeline image caching update,2026-01-12T00:05:58.011392Z,0.63,observability-team
INC1499,CHG2253,rabbitmq SDK upgrade to v2.8.5,2026-01-05T22:36:58.011392Z,0.93,ops-team
INC1500,CHG2254,api-gateway SDK upgrade to v3.2.3,2026-01-04T20:49:58.011392Z,0.9,payments-team
