incident_id,doc_id,title,content,relevance_score,owning_team
INC001,CONF001,Rabbitmq Troubleshooting Guide,"Monitor health, check for CPU, review parameters settings",0.71,devops-team
INC001,CONF002,Load-Balancer Disaster Recovery,status uses memory that can be intensive. Monitor parameters and consider pagination for large batches,0.81,observability-team
INC002,CONF003,Payment Configuration Guide,status uses disk that can be intensive. Monitor parameters and consider pagination for large batches,0.73,platform-team
INC002,CONF004,Session Service Runbook,"For health issues, first check the CPU dashboard",0.87,payments-team
INC003,CONF005,User SLA Requirements,"Monitor logs, check for memory, review settings settings",0.83,api-team
INC003,CONF006,Cache Configuration Guide,"For configuration issues, first check the memory dashboard",0.94,search-team
INC004,CONF007,Rate-Limiter Configuration Guide,logs uses CPU that can be intensive. Monitor settings and consider pagination for large batches,0.81,api-team
INC005,CONF008,Read-Replica Disaster Recovery,"Monitor configuration, check for disk, review parameters settings",0.86,search-team
INC005,CONF009,User Service Runbook,logs uses disk that can be intensive. Monitor limits and consider pagination for large batches,0.74,api-team
INC006,CONF010,Api-Gateway Operations Guide,For logs: 1. Check memory status 2. Verify limits 3. Review logs,0.85,security-team
INC006,CONF011,Fulfillment Monitoring Setup,"Monitor status, check for disk, review parameters settings",0.71,identity-team
INC007,CONF012,Rabbitmq Operations Guide,"For health issues, first check the disk dashboard",0.77,dba-team
INC008,CONF013,Email Operations Guide,health uses CPU that can be intensive. Monitor parameters and consider pagination for large batches,0.7,devops-team
INC009,CONF014,Container-Registry Incident Response,For status: 1. Check disk status 2. Verify parameters 3. Review logs,0.72,infra-team
INC010,CONF015,Cdn SLA Requirements,For status: 1. Check disk status 2. Verify limits 3. Review logs,0.93,security-team
INC010,CONF016,Logging Performance Tuning,Steps: 1. Check status 2. Verify memory 3. Review recent changes,0.95,platform-team
INC011,CONF017,Order Incident Response,"For configuration issues, first check the disk dashboard",0.96,search-team
INC011,CONF018,Payment Service Runbook,"For health issues, first check the network dashboard",0.9,ops-team
INC012,CONF019,Kubernetes Monitoring Setup,For configuration: 1. Check network status 2. Verify parameters 3. Review logs,0.76,api-team
INC012,CONF020,Checkout Operations Guide,"Monitor logs, check for disk, review settings settings",0.7,platform-team
INC013,CONF021,Database SLA Requirements,For status: 1. Check disk status 2. Verify limits 3. Review logs,0.86,api-team
INC014,CONF022,Notification Troubleshooting Guide,"Monitor health, check for memory, review limits settings",0.81,search-team
INC015,CONF023,Rabbitmq Performance Tuning,For configuration: 1. Check disk status 2. Verify limits 3. Review logs,0.94,identity-team
INC016,CONF024,Ci-Cd Disaster Recovery,For logs: 1. Check disk status 2. Verify settings 3. Review logs,0.89,ops-team
INC016,CONF025,Frontend Troubleshooting Guide,Steps: 1. Check health 2. Verify disk 3. Review recent changes,0.94,payments-team
INC017,CONF026,Rate-Limiter Operations Guide,"For status issues, first check the disk dashboard",0.96,observability-team
INC018,CONF027,Api-Gateway Disaster Recovery,configuration uses CPU that can be intensive. Monitor settings and consider pagination for large batches,0.8,search-team
INC018,CONF028,Api-Gateway Incident Response,status uses disk that can be intensive. Monitor parameters and consider pagination for large batches,0.75,dba-team
INC019,CONF029,Database SLA Requirements,configuration uses network that can be intensive. Monitor limits and consider pagination for large batches,0.78,security-team
INC020,CONF030,Frontend Monitoring Setup,health uses memory that can be intensive. Monitor parameters and consider pagination for large batches,0.9,observability-team
INC020,CONF031,Session Incident Response,Steps: 1. Check configuration 2. Verify memory 3. Review recent changes,0.83,api-team
INC021,CONF032,Cache Service Runbook,Steps: 1. Check logs 2. Verify memory 3. Review recent changes,0.75,identity-team
INC022,CONF033,Checkout Disaster Recovery,Steps: 1. Check status 2. Verify memory 3. Review recent changes,0.89,search-team
INC022,CONF034,Kubernetes Disaster Recovery,For status: 1. Check network status 2. Verify parameters 3. Review logs,0.85,identity-team
INC023,CONF035,Oauth-Provider Troubleshooting Guide,Steps: 1. Check status 2. Verify memory 3. Review recent changes,0.88,platform-team
INC024,CONF036,Read-Replica Operations Guide,"Monitor configuration, check for disk, review parameters settings",0.94,devops-team
INC024,CONF037,Api-Gateway Incident Response,"Monitor configuration, check for network, review limits settings",0.95,observability-team
INC025,CONF038,Auth Configuration Guide,"Monitor configuration, check for disk, review limits settings",0.85,security-team
INC025,CONF039,Rabbitmq Architecture,Steps: 1. Check health 2. Verify disk 3. Review recent changes,0.91,payments-team
INC026,CONF040,Oauth-Provider SLA Requirements,logs uses disk that can be intensive. Monitor parameters and consider pagination for large batches,0.94,devops-team
INC026,CONF041,Elasticsearch Incident Response,logs uses disk that can be intensive. Monitor parameters and consider pagination for large batches,0.82,payments-team
INC027,CONF042,Reporting Troubleshooting Guide,"Monitor status, check for network, review limits settings",0.87,identity-team
INC027,CONF043,Kubernetes SLA Requirements,"For logs issues, first check the CPU dashboard",0.93,payments-team
INC028,CONF044,Database Service Runbook,"Monitor health, check for CPU, review limits settings",0.86,ops-team
INC029,CONF045,Payment Monitoring Setup,For logs: 1. Check memory status 2. Verify parameters 3. Review logs,0.79,api-team
INC029,CONF046,Payment Operations Guide,"For health issues, first check the disk dashboard",0.88,observability-team
INC030,CONF047,Frontend Troubleshooting Guide,For status: 1. Check disk status 2. Verify limits 3. Review logs,0.76,devops-team
INC030,CONF048,Frontend Monitoring Setup,"Monitor health, check for network, review parameters settings",0.91,observability-team
INC031,CONF049,Frontend Operations Guide,status uses network that can be intensive. Monitor settings and consider pagination for large batches,0.74,devops-team
INC032,CONF050,Email Operations Guide,Steps: 1. Check status 2. Verify network 3. Review recent changes,0.88,security-team
INC033,CONF051,Load-Balancer Architecture,Steps: 1. Check health 2. Verify network 3. Review recent changes,0.91,payments-team
INC034,CONF052,Cdn Troubleshooting Guide,"Monitor configuration, check for CPU, review parameters settings",0.84,identity-team
INC034,CONF053,Product SLA Requirements,"For configuration issues, first check the CPU dashboard",0.85,devops-team
INC035,CONF054,Api-Gateway SLA Requirements,"Monitor status, check for disk, review limits settings",0.82,dba-team
INC036,CONF055,Oauth-Provider SLA Requirements,For status: 1. Check CPU status 2. Verify settings 3. Review logs,0.94,devops-team
INC036,CONF056,Reporting Disaster Recovery,"For logs issues, first check the network dashboard",0.76,platform-team
INC037,CONF057,Frontend Configuration Guide,For logs: 1. Check memory status 2. Verify limits 3. Review logs,0.96,identity-team
INC037,CONF058,Fluentd Monitoring Setup,For configuration: 1. Check disk status 2. Verify limits 3. Review logs,0.77,observability-team
INC038,CONF059,Payment Monitoring Setup,"Monitor logs, check for network, review limits settings",0.73,ops-team
INC038,CONF060,Elasticsearch Disaster Recovery,For health: 1. Check disk status 2. Verify settings 3. Review logs,0.77,payments-team
INC039,CONF061,Session Disaster Recovery,logs uses memory that can be intensive. Monitor limits and consider pagination for large batches,0.75,security-team
INC039,CONF062,Session Monitoring Setup,"For logs issues, first check the CPU dashboard",0.83,search-team
INC040,CONF063,Frontend Architecture,health uses network that can be intensive. Monitor settings and consider pagination for large batches,0.73,ops-team
INC040,CONF064,Load-Balancer Incident Response,Steps: 1. Check health 2. Verify CPU 3. Review recent changes,0.89,search-team
INC041,CONF065,Notification Troubleshooting Guide,For logs: 1. Check memory status 2. Verify settings 3. Review logs,0.94,ops-team
INC042,CONF066,Container-Registry SLA Requirements,Steps: 1. Check health 2. Verify CPU 3. Review recent changes,0.89,search-team
INC043,CONF067,Load-Balancer Performance Tuning,"Monitor configuration, check for disk, review limits settings",0.75,payments-team
INC043,CONF068,Order Troubleshooting Guide,configuration uses disk that can be intensive. Monitor parameters and consider pagination for large batches,0.76,payments-team
INC044,CONF069,Notification Disaster Recovery,"Monitor health, check for memory, review parameters settings",0.75,security-team
INC045,CONF070,Payment Configuration Guide,"Monitor status, check for network, review parameters settings",0.7,dba-team
INC046,CONF071,Search Incident Response,"Monitor configuration, check for network, review limits settings",0.77,payments-team
INC047,CONF072,Payment Troubleshooting Guide,"Monitor configuration, check for memory, review parameters settings",0.71,search-team
INC048,CONF073,Auth SLA Requirements,For status: 1. Check memory status 2. Verify settings 3. Review logs,0.83,search-team
INC048,CONF074,Container-Registry Disaster Recovery,For logs: 1. Check network status 2. Verify settings 3. Review logs,0.77,identity-team
INC049,CONF075,Rate-Limiter Operations Guide,"For health issues, first check the network dashboard",0.7,security-team
INC050,CONF076,Ci-Cd Service Runbook,For status: 1. Check memory status 2. Verify limits 3. Review logs,0.79,security-team
INC050,CONF077,Payment Architecture,logs uses memory that can be intensive. Monitor parameters and consider pagination for large batches,0.81,infra-team
INC051,CONF078,Oauth-Provider Operations Guide,health uses disk that can be intensive. Monitor settings and consider pagination for large batches,0.82,search-team
INC051,CONF079,Email Incident Response,"Monitor configuration, check for CPU, review limits settings",0.94,api-team
INC052,CONF080,Order Incident Response,"For logs issues, first check the disk dashboard",0.73,observability-team
INC052,CONF081,Rabbitmq Architecture,"For status issues, first check the CPU dashboard",0.82,payments-team
INC053,CONF082,Api-Gateway Performance Tuning,"Monitor health, check for network, review settings settings",0.93,security-team
INC054,CONF083,Rabbitmq Architecture,Steps: 1. Check logs 2. Verify memory 3. Review recent changes,0.86,identity-team
INC055,CONF084,Checkout Monitoring Setup,"Monitor logs, check for disk, review settings settings",0.76,payments-team
INC055,CONF085,Api-Gateway Disaster Recovery,"For health issues, first check the memory dashboard",0.94,devops-team
INC056,CONF086,Oauth-Provider Performance Tuning,"Monitor status, check for CPU, review parameters settings",0.82,platform-team
INC057,CONF087,Rate-Limiter Operations Guide,"For health issues, first check the network dashboard",0.94,infra-team
INC058,CONF088,User Performance Tuning,configuration uses network that can be intensive. Monitor settings and consider pagination for large batches,0.7,api-team
INC059,CONF089,Notification Operations Guide,configuration uses memory that can be intensive. Monitor parameters and consider pagination for large batches,0.77,platform-team
INC059,CONF090,Notification Operations Guide,"For logs issues, first check the network dashboard",0.74,security-team
INC060,CONF091,Oauth-Provider Troubleshooting Guide,"For status issues, first check the disk dashboard",0.89,platform-team
INC061,CONF092,Checkout SLA Requirements,health uses disk that can be intensive. Monitor limits and consider pagination for large batches,0.78,ops-team
INC062,CONF093,User Service Runbook,For status: 1. Check memory status 2. Verify limits 3. Review logs,0.9,platform-team
INC062,CONF094,User Architecture,Steps: 1. Check health 2. Verify network 3. Review recent changes,0.87,dba-team
INC063,CONF095,Search Performance Tuning,For logs: 1. Check disk status 2. Verify parameters 3. Review logs,0.93,infra-team
INC064,CONF096,Product Configuration Guide,For logs: 1. Check network status 2. Verify parameters 3. Review logs,0.74,infra-team
INC064,CONF097,Oauth-Provider Operations Guide,Steps: 1. Check status 2. Verify CPU 3. Review recent changes,0.91,payments-team
INC065,CONF098,Checkout Architecture,"Monitor logs, check for CPU, review limits settings",0.91,payments-team
INC066,CONF099,Session Monitoring Setup,Steps: 1. Check configuration 2. Verify CPU 3. Review recent changes,0.81,dba-team
INC066,CONF100,Search Architecture,Steps: 1. Check logs 2. Verify CPU 3. Review recent changes,0.75,payments-team
INC067,CONF101,Product Monitoring Setup,Steps: 1. Check logs 2. Verify disk 3. Review recent changes,0.88,api-team
INC068,CONF102,Product Disaster Recovery,For logs: 1. Check CPU status 2. Verify parameters 3. Review logs,0.7,search-team
INC068,CONF103,Fluentd Architecture,"For logs issues, first check the CPU dashboard",0.75,ops-team
INC069,CONF104,Read-Replica Operations Guide,"Monitor status, check for network, review settings settings",0.85,payments-team
INC069,CONF105,Payment Performance Tuning,"Monitor health, check for CPU, review parameters settings",0.79,api-team
INC070,CONF106,Oauth-Provider Architecture,"For status issues, first check the disk dashboard",0.81,api-team
INC070,CONF107,Api-Gateway Operations Guide,"Monitor status, check for disk, review parameters settings",0.76,platform-team
INC071,CONF108,Kubernetes Disaster Recovery,health uses network that can be intensive. Monitor settings and consider pagination for large batches,0.91,dba-team
INC072,CONF109,Rabbitmq Performance Tuning,For status: 1. Check network status 2. Verify settings 3. Review logs,0.86,api-team
INC073,CONF110,Container-Registry SLA Requirements,"For configuration issues, first check the memory dashboard",0.74,infra-team
INC074,CONF111,Api-Gateway Troubleshooting Guide,"Monitor logs, check for memory, review limits settings",0.77,search-team
INC074,CONF112,Rate-Limiter Incident Response,configuration uses memory that can be intensive. Monitor limits and consider pagination for large batches,0.71,identity-team
INC075,CONF113,Notification Monitoring Setup,"Monitor logs, check for disk, review parameters settings",0.88,security-team
INC075,CONF114,User Troubleshooting Guide,status uses CPU that can be intensive. Monitor parameters and consider pagination for large batches,0.8,infra-team
INC076,CONF115,Fulfillment Configuration Guide,"Monitor status, check for disk, review limits settings",0.91,infra-team
INC076,CONF116,Container-Registry Disaster Recovery,"Monitor status, check for disk, review limits settings",0.74,infra-team
INC077,CONF117,Read-Replica Troubleshooting Guide,"Monitor configuration, check for memory, review parameters settings",0.9,search-team
INC077,CONF118,Checkout Configuration Guide,For logs: 1. Check memory status 2. Verify parameters 3. Review logs,0.8,infra-team
INC078,CONF119,Rate-Limiter Architecture,"For configuration issues, first check the disk dashboard",0.91,dba-team
INC079,CONF120,Container-Registry Architecture,"Monitor logs, check for memory, review parameters settings",0.95,identity-team
INC079,CONF121,Oauth-Provider Operations Guide,"For status issues, first check the memory dashboard",0.87,platform-team
INC080,CONF122,Cdn Configuration Guide,Steps: 1. Check health 2. Verify CPU 3. Review recent changes,0.94,payments-team
INC080,CONF123,Fulfillment Operations Guide,health uses network that can be intensive. Monitor parameters and consider pagination for large batches,0.93,api-team
INC081,CONF124,Read-Replica Performance Tuning,For logs: 1. Check disk status 2. Verify limits 3. Review logs,0.95,api-team
INC081,CONF125,Cache Operations Guide,For configuration: 1. Check network status 2. Verify settings 3. Review logs,0.88,ops-team
INC082,CONF126,Read-Replica Service Runbook,configuration uses disk that can be intensive. Monitor settings and consider pagination for large batches,0.76,platform-team
INC082,CONF127,Cache Operations Guide,Steps: 1. Check status 2. Verify memory 3. Review recent changes,0.84,api-team
INC083,CONF128,Cdn Service Runbook,For status: 1. Check CPU status 2. Verify parameters 3. Review logs,0.81,security-team
INC084,CONF129,Container-Registry Performance Tuning,"For logs issues, first check the disk dashboard",0.95,identity-team
INC085,CONF130,Reporting Disaster Recovery,Steps: 1. Check health 2. Verify memory 3. Review recent changes,0.94,security-team
INC086,CONF131,Cdn Service Runbook,"For health issues, first check the CPU dashboard",0.71,payments-team
INC087,CONF132,Rabbitmq Architecture,Steps: 1. Check configuration 2. Verify memory 3. Review recent changes,0.72,api-team
INC088,CONF133,Load-Balancer Architecture,status uses network that can be intensive. Monitor parameters and consider pagination for large batches,0.9,devops-team
INC089,CONF134,Checkout Service Runbook,health uses memory that can be intensive. Monitor settings and consider pagination for large batches,0.73,ops-team
INC090,CONF135,Checkout Incident Response,Steps: 1. Check health 2. Verify memory 3. Review recent changes,0.79,platform-team
INC090,CONF136,Kubernetes Troubleshooting Guide,"For health issues, first check the disk dashboard",0.87,identity-team
INC091,CONF137,Fluentd Disaster Recovery,Steps: 1. Check health 2. Verify network 3. Review recent changes,0.73,payments-team
INC091,CONF138,Container-Registry Disaster Recovery,Steps: 1. Check logs 2. Verify disk 3. Review recent changes,0.92,api-team
INC092,CONF139,Session Performance Tuning,"Monitor status, check for CPU, review settings settings",0.9,search-team
INC093,CONF140,Product Service Runbook,Steps: 1. Check configuration 2. Verify CPU 3. Review recent changes,0.83,identity-team
INC093,CONF141,Fulfillment Configuration Guide,Steps: 1. Check health 2. Verify disk 3. Review recent changes,0.72,infra-team
INC094,CONF142,Payment Troubleshooting Guide,status uses memory that can be intensive. Monitor settings and consider pagination for large batches,0.92,search-team
INC094,CONF143,User Troubleshooting Guide,For status: 1. Check network status 2. Verify limits 3. Review logs,0.94,security-team
INC095,CONF144,Container-Registry Operations Guide,For health: 1. Check memory status 2. Verify settings 3. Review logs,0.74,api-team
INC096,CONF145,Auth Troubleshooting Guide,"Monitor status, check for memory, review parameters settings",0.88,devops-team
INC096,CONF146,Email Monitoring Setup,"For configuration issues, first check the memory dashboard",0.82,observability-team
INC097,CONF147,Payment SLA Requirements,Steps: 1. Check status 2. Verify network 3. Review recent changes,0.73,identity-team
INC098,CONF148,Rabbitmq Incident Response,"Monitor configuration, check for memory, review limits settings",0.95,dba-team
INC098,CONF149,Checkout Architecture,logs uses network that can be intensive. Monitor settings and consider pagination for large batches,0.89,ops-team
INC099,CONF150,Oauth-Provider Configuration Guide,For health: 1. Check network status 2. Verify parameters 3. Review logs,0.96,api-team
INC100,CONF151,Frontend Monitoring Setup,"For health issues, first check the memory dashboard",0.72,ops-team
INC100,CONF152,Read-Replica Architecture,configuration uses memory that can be intensive. Monitor parameters and consider pagination for large batches,0.82,payments-team
INC101,CONF153,Checkout Performance Tuning,Steps: 1. Check configuration 2. Verify network 3. Review recent changes,0.88,observability-team
INC102,CONF154,Container-Registry Architecture,Steps: 1. Check configuration 2. Verify network 3. Review recent changes,0.91,security-team
INC102,CONF155,Fulfillment Service Runbook,For configuration: 1. Check network status 2. Verify settings 3. Review logs,0.87,api-team
INC103,CONF156,Search Incident Response,"Monitor health, check for CPU, review limits settings",0.78,platform-team
INC104,CONF157,Database Configuration Guide,health uses memory that can be intensive. Monitor parameters and consider pagination for large batches,0.83,payments-team
INC104,CONF158,Oauth-Provider Configuration Guide,For logs: 1. Check network status 2. Verify limits 3. Review logs,0.7,ops-team
INC105,CONF159,Container-Registry Troubleshooting Guide,logs uses CPU that can be intensive. Monitor limits and consider pagination for large batches,0.78,ops-team
INC106,CONF160,Read-Replica SLA Requirements,"For configuration issues, first check the CPU dashboard",0.93,infra-team
INC107,CONF161,Checkout Incident Response,status uses disk that can be intensive. Monitor limits and consider pagination for large batches,0.85,observability-team
INC108,CONF162,Elasticsearch Architecture,"For status issues, first check the network dashboard",0.92,dba-team
INC108,CONF163,Email Monitoring Setup,"For health issues, first check the CPU dashboard",0.72,identity-team
INC109,CONF164,Load-Balancer Service Runbook,"For configuration issues, first check the network dashboard",0.93,search-team
INC110,CONF165,Auth Monitoring Setup,Steps: 1. Check health 2. Verify CPU 3. Review recent changes,0.75,security-team
INC110,CONF166,Cdn Troubleshooting Guide,"Monitor health, check for network, review limits settings",0.82,infra-team
INC111,CONF167,Rate-Limiter Incident Response,Steps: 1. Check health 2. Verify disk 3. Review recent changes,0.87,api-team
INC111,CONF168,Reporting Operations Guide,"Monitor logs, check for disk, review limits settings",0.84,ops-team
INC112,CONF169,Checkout Service Runbook,"Monitor health, check for disk, review limits settings",0.87,platform-team
INC113,CONF170,Container-Registry Operations Guide,"Monitor health, check for memory, review limits settings",0.96,infra-team
INC114,CONF171,User Disaster Recovery,Steps: 1. Check health 2. Verify CPU 3. Review recent changes,0.88,search-team
INC115,CONF172,Oauth-Provider Configuration Guide,logs uses network that can be intensive. Monitor limits and consider pagination for large batches,0.92,security-team
INC115,CONF173,Cache Performance Tuning,For logs: 1. Check network status 2. Verify settings 3. Review logs,0.83,dba-team
INC116,CONF174,Oauth-Provider Service Runbook,configuration uses CPU that can be intensive. Monitor settings and consider pagination for large batches,0.94,search-team
INC117,CONF175,Logging Incident Response,Steps: 1. Check status 2. Verify memory 3. Review recent changes,0.75,platform-team
INC117,CONF176,Cache Troubleshooting Guide,"Monitor status, check for CPU, review parameters settings",0.83,api-team
INC118,CONF177,Oauth-Provider Incident Response,"For configuration issues, first check the memory dashboard",0.74,infra-team
INC119,CONF178,Container-Registry Disaster Recovery,"For configuration issues, first check the disk dashboard",0.79,platform-team
INC119,CONF179,Database Monitoring Setup,"For logs issues, first check the memory dashboard",0.86,identity-team
INC120,CONF180,Container-Registry Architecture,"Monitor logs, check for network, review settings settings",0.88,payments-team
INC121,CONF181,Load-Balancer Troubleshooting Guide,For status: 1. Check disk status 2. Verify limits 3. Review logs,0.81,payments-team
INC121,CONF182,Rate-Limiter Disaster Recovery,For configuration: 1. Check disk status 2. Verify parameters 3. Review logs,0.84,dba-team
INC122,CONF183,Ci-Cd Performance Tuning,status uses memory that can be intensive. Monitor parameters and consider pagination for large batches,0.89,payments-team
INC122,CONF184,Rate-Limiter Configuration Guide,"Monitor status, check for memory, review limits settings",0.72,infra-team
INC123,CONF185,Cdn Incident Response,"For status issues, first check the disk dashboard",0.79,ops-team
INC123,CONF186,Load-Balancer Architecture,"For configuration issues, first check the network dashboard",0.86,devops-team
INC124,CONF187,Frontend Service Runbook,status uses memory that can be intensive. Monitor parameters and consider pagination for large batches,0.9,security-team
INC125,CONF188,Fluentd Operations Guide,"For health issues, first check the CPU dashboard",0.88,infra-team
INC126,CONF189,Checkout SLA Requirements,status uses disk that can be intensive. Monitor settings and consider pagination for large batches,0.91,api-team
INC126,CONF190,Reporting Monitoring Setup,status uses memory that can be intensive. Monitor settings and consider pagination for large batches,0.79,search-team
INC127,CONF191,Cache Operations Guide,"Monitor configuration, check for CPU, review limits settings",0.73,platform-team
INC128,CONF192,Cache Architecture,"Monitor status, check for network, review settings settings",0.73,observability-team
INC128,CONF193,Cache SLA Requirements,For configuration: 1. Check CPU status 2. Verify limits 3. Review logs,0.79,devops-team
INC129,CONF194,Logging Performance Tuning,Steps: 1. Check configuration 2. Verify memory 3. Review recent changes,0.9,api-team
INC129,CONF195,Email Configuration Guide,For health: 1. Check CPU status 2. Verify settings 3. Review logs,0.74,security-team
INC130,CONF196,Frontend Service Runbook,"Monitor logs, check for memory, review parameters settings",0.87,security-team
INC131,CONF197,Rabbitmq Performance Tuning,For logs: 1. Check memory status 2. Verify parameters 3. Review logs,0.81,identity-team
INC131,CONF198,Search Architecture,"For logs issues, first check the CPU dashboard",0.85,security-team
INC132,CONF199,Email SLA Requirements,Steps: 1. Check health 2. Verify disk 3. Review recent changes,0.91,observability-team
INC133,CONF200,Container-Registry SLA Requirements,Steps: 1. Check status 2. Verify CPU 3. Review recent changes,0.93,search-team
INC133,CONF201,Ci-Cd Performance Tuning,"For health issues, first check the CPU dashboard",0.91,security-team
INC134,CONF202,Search Operations Guide,"For health issues, first check the network dashboard",0.83,infra-team
INC135,CONF203,Cdn Operations Guide,"Monitor status, check for disk, review limits settings",0.87,identity-team
INC136,CONF204,Session Performance Tuning,"For health issues, first check the network dashboard",0.86,platform-team
INC136,CONF205,Frontend Troubleshooting Guide,logs uses network that can be intensive. Monitor limits and consider pagination for large batches,0.71,devops-team
INC137,CONF206,Elasticsearch Architecture,configuration uses network that can be intensive. Monitor settings and consider pagination for large batches,0.91,api-team
INC137,CONF207,Read-Replica Service Runbook,health uses disk that can be intensive. Monitor parameters and consider pagination for large batches,0.7,dba-team
INC138,CONF208,Oauth-Provider Operations Guide,Steps: 1. Check configuration 2. Verify network 3. Review recent changes,0.73,dba-team
INC139,CONF209,Auth SLA Requirements,"For status issues, first check the network dashboard",0.71,observability-team
INC140,CONF210,Checkout Troubleshooting Guide,status uses disk that can be intensive. Monitor limits and consider pagination for large batches,0.95,search-team
INC140,CONF211,Order Performance Tuning,"For health issues, first check the disk dashboard",0.77,devops-team
INC141,CONF212,Product Performance Tuning,Steps: 1. Check logs 2. Verify disk 3. Review recent changes,0.86,search-team
INC141,CONF213,Read-Replica Incident Response,"Monitor status, check for network, review settings settings",0.87,payments-team
INC142,CONF214,Cache Service Runbook,"Monitor status, check for CPU, review parameters settings",0.7,dba-team
INC142,CONF215,Email Incident Response,status uses memory that can be intensive. Monitor limits and consider pagination for large batches,0.92,infra-team
INC143,CONF216,Fluentd Service Runbook,"Monitor configuration, check for memory, review limits settings",0.88,identity-team
INC143,CONF217,Elasticsearch SLA Requirements,For configuration: 1. Check disk status 2. Verify parameters 3. Review logs,0.87,api-team
INC144,CONF218,Logging Architecture,status uses memory that can be intensive. Monitor settings and consider pagination for large batches,0.79,payments-team
INC144,CONF219,Database Incident Response,For logs: 1. Check memory status 2. Verify parameters 3. Review logs,0.82,devops-team
INC145,CONF220,Session Incident Response,Steps: 1. Check health 2. Verify CPU 3. Review recent changes,0.76,platform-team
INC146,CONF221,Order Monitoring Setup,"Monitor health, check for CPU, review settings settings",0.85,observability-team
INC146,CONF222,Search Architecture,health uses memory that can be intensive. Monitor limits and consider pagination for large batches,0.79,observability-team
INC147,CONF223,Container-Registry Disaster Recovery,logs uses network that can be intensive. Monitor limits and consider pagination for large batches,0.81,observability-team
INC147,CONF224,Session SLA Requirements,logs uses network that can be intensive. Monitor parameters and consider pagination for large batches,0.78,security-team
INC148,CONF225,Api-Gateway Performance Tuning,Steps: 1. Check health 2. Verify CPU 3. Review recent changes,0.8,security-team
INC149,CONF226,Session Configuration Guide,"Monitor health, check for network, review settings settings",0.92,api-team
INC150,CONF227,Session Disaster Recovery,Steps: 1. Check configuration 2. Verify memory 3. Review recent changes,0.81,search-team
INC150,CONF228,Search Architecture,"For configuration issues, first check the memory dashboard",0.9,search-team
INC151,CONF229,Load-Balancer Troubleshooting Guide,logs uses CPU that can be intensive. Monitor parameters and consider pagination for large batches,0.82,identity-team
INC151,CONF230,Database Architecture,"Monitor configuration, check for memory, review parameters settings",0.72,observability-team
INC152,CONF231,Load-Balancer SLA Requirements,For configuration: 1. Check disk status 2. Verify parameters 3. Review logs,0.91,devops-team
INC153,CONF232,Ci-Cd Service Runbook,configuration uses memory that can be intensive. Monitor settings and consider pagination for large batches,0.92,infra-team
INC154,CONF233,Cache Disaster Recovery,For logs: 1. Check CPU status 2. Verify settings 3. Review logs,0.75,search-team
INC155,CONF234,Cache Incident Response,For health: 1. Check memory status 2. Verify settings 3. Review logs,0.91,ops-team
INC155,CONF235,Search Monitoring Setup,"Monitor health, check for disk, review settings settings",0.72,security-team
INC156,CONF236,Search Service Runbook,For health: 1. Check memory status 2. Verify parameters 3. Review logs,0.74,search-team
INC156,CONF237,Elasticsearch Disaster Recovery,"Monitor logs, check for CPU, review settings settings",0.92,api-team
INC157,CONF238,Fluentd Service Runbook,"For logs issues, first check the disk dashboard",0.76,observability-team
INC157,CONF239,Fulfillment Performance Tuning,"Monitor logs, check for network, review parameters settings",0.73,observability-team
INC158,CONF240,Auth Performance Tuning,"Monitor health, check for CPU, review settings settings",0.71,observability-team
INC158,CONF241,Notification Architecture,"Monitor logs, check for network, review settings settings",0.84,platform-team
INC159,CONF242,Database Monitoring Setup,"For logs issues, first check the memory dashboard",0.75,payments-team
INC159,CONF243,Product Configuration Guide,For status: 1. Check memory status 2. Verify limits 3. Review logs,0.83,infra-team
INC160,CONF244,Fluentd Service Runbook,For health: 1. Check disk status 2. Verify settings 3. Review logs,0.91,infra-team
INC160,CONF245,User Configuration Guide,"For status issues, first check the memory dashboard",0.83,search-team
INC161,CONF246,Session Operations Guide,Steps: 1. Check configuration 2. Verify memory 3. Review recent changes,0.87,platform-team
INC161,CONF247,User Configuration Guide,"For health issues, first check the memory dashboard",0.76,platform-team
INC162,CONF248,Ci-Cd Performance Tuning,Steps: 1. Check health 2. Verify memory 3. Review recent changes,0.83,search-team
INC163,CONF249,Oauth-Provider Incident Response,logs uses memory that can be intensive. Monitor parameters and consider pagination for large batches,0.79,infra-team
INC163,CONF250,Cdn Incident Response,"Monitor configuration, check for CPU, review parameters settings",0.79,ops-team
INC164,CONF251,Cache Architecture,For health: 1. Check CPU status 2. Verify limits 3. Review logs,0.77,api-team
INC165,CONF252,Order Service Runbook,Steps: 1. Check status 2. Verify disk 3. Review recent changes,0.75,infra-team
INC165,CONF253,Product SLA Requirements,"For status issues, first check the network dashboard",0.86,dba-team
INC166,CONF254,Fluentd Architecture,"For status issues, first check the network dashboard",0.79,identity-team
INC167,CONF255,Container-Registry Operations Guide,For configuration: 1. Check CPU status 2. Verify limits 3. Review logs,0.9,platform-team
INC168,CONF256,Payment Troubleshooting Guide,configuration uses network that can be intensive. Monitor parameters and consider pagination for large batches,0.74,platform-team
INC168,CONF257,Auth Configuration Guide,logs uses CPU that can be intensive. Monitor limits and consider pagination for large batches,0.73,api-team
INC169,CONF258,Session Operations Guide,For logs: 1. Check disk status 2. Verify settings 3. Review logs,0.73,platform-team
INC170,CONF259,Reporting Operations Guide,"For configuration issues, first check the memory dashboard",0.88,identity-team
INC170,CONF260,Oauth-Provider Disaster Recovery,"For health issues, first check the memory dashboard",0.77,dba-team
INC171,CONF261,Search Disaster Recovery,status uses CPU that can be intensive. Monitor settings and consider pagination for large batches,0.87,infra-team
INC171,CONF262,Email Performance Tuning,"Monitor status, check for disk, review parameters settings",0.9,search-team
INC172,CONF263,Reporting SLA Requirements,"For configuration issues, first check the network dashboard",0.87,infra-team
INC173,CONF264,Product Disaster Recovery,Steps: 1. Check logs 2. Verify CPU 3. Review recent changes,0.85,dba-team
INC173,CONF265,Cache Disaster Recovery,"Monitor logs, check for CPU, review parameters settings",0.81,infra-team
INC174,CONF266,Email Performance Tuning,For health: 1. Check network status 2. Verify parameters 3. Review logs,0.72,dba-team
INC174,CONF267,Checkout SLA Requirements,"Monitor status, check for disk, review parameters settings",0.84,identity-team
INC175,CONF268,Database Operations Guide,Steps: 1. Check health 2. Verify disk 3. Review recent changes,0.86,search-team
INC175,CONF269,Logging SLA Requirements,Steps: 1. Check health 2. Verify CPU 3. Review recent changes,0.82,devops-team
INC176,CONF270,Ci-Cd Disaster Recovery,"For logs issues, first check the disk dashboard",0.9,security-team
INC177,CONF271,Elasticsearch Troubleshooting Guide,"For health issues, first check the network dashboard",0.78,ops-team
INC177,CONF272,Oauth-Provider Service Runbook,health uses disk that can be intensive. Monitor settings and consider pagination for large batches,0.77,api-team
INC178,CONF273,Ci-Cd Troubleshooting Guide,"For health issues, first check the disk dashboard",0.76,devops-team
INC178,CONF274,Auth Operations Guide,status uses network that can be intensive. Monitor parameters and consider pagination for large batches,0.93,infra-team
INC179,CONF275,Search Incident Response,"For logs issues, first check the CPU dashboard",0.87,payments-team
INC179,CONF276,Fluentd Monitoring Setup,"For status issues, first check the disk dashboard",0.88,infra-team
INC180,CONF277,Product Service Runbook,Steps: 1. Check logs 2. Verify disk 3. Review recent changes,0.94,devops-team
INC180,CONF278,Product Service Runbook,"Monitor logs, check for network, review limits settings",0.78,infra-team
INC181,CONF279,Api-Gateway Configuration Guide,logs uses CPU that can be intensive. Monitor settings and consider pagination for large batches,0.85,devops-team
INC181,CONF280,Elasticsearch Configuration Guide,"For logs issues, first check the CPU dashboard",0.87,search-team
INC182,CONF281,Product Disaster Recovery,"Monitor health, check for disk, review settings settings",0.92,api-team
INC182,CONF282,Email Service Runbook,"For configuration issues, first check the disk dashboard",0.75,api-team
INC183,CONF283,Api-Gateway SLA Requirements,For status: 1. Check CPU status 2. Verify parameters 3. Review logs,0.86,platform-team
INC183,CONF284,Rabbitmq Service Runbook,"For health issues, first check the memory dashboard",0.88,api-team
INC184,CONF285,Reporting Operations Guide,logs uses CPU that can be intensive. Monitor limits and consider pagination for large batches,0.83,ops-team
INC184,CONF286,Container-Registry Monitoring Setup,For logs: 1. Check memory status 2. Verify settings 3. Review logs,0.85,search-team
INC185,CONF287,Product Troubleshooting Guide,"For logs issues, first check the network dashboard",0.88,ops-team
INC186,CONF288,Load-Balancer Disaster Recovery,"For status issues, first check the CPU dashboard",0.89,search-team
INC186,CONF289,Cache Configuration Guide,"For status issues, first check the network dashboard",0.73,observability-team
INC187,CONF290,Rabbitmq Configuration Guide,Steps: 1. Check health 2. Verify disk 3. Review recent changes,0.75,ops-team
INC187,CONF291,Logging Service Runbook,For health: 1. Check disk status 2. Verify settings 3. Review logs,0.82,identity-team
INC188,CONF292,Product Monitoring Setup,"Monitor status, check for disk, review settings settings",0.81,identity-team
INC189,CONF293,Notification Performance Tuning,Steps: 1. Check logs 2. Verify memory 3. Review recent changes,0.81,ops-team
INC190,CONF294,Database SLA Requirements,configuration uses disk that can be intensive. Monitor limits and consider pagination for large batches,0.89,security-team
INC191,CONF295,Read-Replica Disaster Recovery,"Monitor health, check for network, review parameters settings",0.93,infra-team
INC192,CONF296,Kubernetes Architecture,"For logs issues, first check the memory dashboard",0.76,devops-team
INC193,CONF297,Logging Operations Guide,For status: 1. Check disk status 2. Verify parameters 3. Review logs,0.92,devops-team
INC194,CONF298,Elasticsearch Architecture,"Monitor status, check for memory, review parameters settings",0.92,api-team
INC194,CONF299,Order Service Runbook,For status: 1. Check network status 2. Verify settings 3. Review logs,0.92,devops-team
INC195,CONF300,Kubernetes Configuration Guide,For configuration: 1. Check disk status 2. Verify settings 3. Review logs,0.87,payments-team
INC196,CONF301,Container-Registry Architecture,Steps: 1. Check health 2. Verify network 3. Review recent changes,0.94,platform-team
INC196,CONF302,Logging Monitoring Setup,Steps: 1. Check logs 2. Verify disk 3. Review recent changes,0.71,identity-team
INC197,CONF303,Frontend Configuration Guide,logs uses memory that can be intensive. Monitor parameters and consider pagination for large batches,0.87,platform-team
INC198,CONF304,Checkout Incident Response,For health: 1. Check memory status 2. Verify settings 3. Review logs,0.81,payments-team
INC198,CONF305,Rabbitmq SLA Requirements,For configuration: 1. Check CPU status 2. Verify settings 3. Review logs,0.75,infra-team
INC199,CONF306,User Disaster Recovery,"For configuration issues, first check the network dashboard",0.83,ops-team
INC199,CONF307,Product Architecture,"For health issues, first check the memory dashboard",0.88,observability-team
INC200,CONF308,Kubernetes Performance Tuning,configuration uses disk that can be intensive. Monitor parameters and consider pagination for large batches,0.92,infra-team
INC200,CONF309,Container-Registry Disaster Recovery,"Monitor health, check for memory, review settings settings",0.8,observability-team
INC201,CONF310,User Monitoring Setup,health uses memory that can be intensive. Monitor limits and consider pagination for large batches,0.92,payments-team
INC201,CONF311,Search Configuration Guide,"For configuration issues, first check the CPU dashboard",0.86,identity-team
INC202,CONF312,Rate-Limiter Performance Tuning,For status: 1. Check memory status 2. Verify settings 3. Review logs,0.94,platform-team
INC202,CONF313,Search Service Runbook,Steps: 1. Check configuration 2. Verify disk 3. Review recent changes,0.83,platform-team
INC203,CONF314,Api-Gateway Disaster Recovery,"For logs issues, first check the network dashboard",0.92,devops-team
INC203,CONF315,Frontend Incident Response,"Monitor status, check for memory, review settings settings",0.88,infra-team
INC204,CONF316,Load-Balancer Service Runbook,For configuration: 1. Check CPU status 2. Verify limits 3. Review logs,0.94,dba-team
INC204,CONF317,Kubernetes Troubleshooting Guide,"For configuration issues, first check the CPU dashboard",0.9,ops-team
INC205,CONF318,Elasticsearch Operations Guide,"Monitor logs, check for disk, review parameters settings",0.92,search-team
INC206,CONF319,Reporting Architecture,For logs: 1. Check CPU status 2. Verify limits 3. Review logs,0.79,observability-team
INC207,CONF320,Kubernetes Disaster Recovery,Steps: 1. Check configuration 2. Verify CPU 3. Review recent changes,0.8,payments-team
INC208,CONF321,Notification Monitoring Setup,"For status issues, first check the CPU dashboard",0.9,api-team
INC208,CONF322,Rate-Limiter Configuration Guide,Steps: 1. Check health 2. Verify CPU 3. Review recent changes,0.74,dba-team
INC209,CONF323,Frontend Troubleshooting Guide,health uses CPU that can be intensive. Monitor limits and consider pagination for large batches,0.76,infra-team
INC209,CONF324,Fluentd Troubleshooting Guide,For logs: 1. Check network status 2. Verify parameters 3. Review logs,0.74,api-team
INC210,CONF325,Kubernetes Troubleshooting Guide,"For status issues, first check the network dashboard",0.74,identity-team
INC211,CONF326,Kubernetes Configuration Guide,logs uses memory that can be intensive. Monitor parameters and consider pagination for large batches,0.74,ops-team
INC211,CONF327,Notification Troubleshooting Guide,status uses CPU that can be intensive. Monitor parameters and consider pagination for large batches,0.83,identity-team
INC212,CONF328,Frontend SLA Requirements,health uses disk that can be intensive. Monitor limits and consider pagination for large batches,0.73,identity-team
INC212,CONF329,Product Troubleshooting Guide,configuration uses disk that can be intensive. Monitor parameters and consider pagination for large batches,0.92,payments-team
INC213,CONF330,Frontend Disaster Recovery,logs uses network that can be intensive. Monitor parameters and consider pagination for large batches,0.77,devops-team
INC214,CONF331,Fulfillment Architecture,"For health issues, first check the disk dashboard",0.89,security-team
INC214,CONF332,Rabbitmq Troubleshooting Guide,"Monitor configuration, check for disk, review limits settings",0.87,devops-team
INC215,CONF333,Fluentd Architecture,Steps: 1. Check configuration 2. Verify disk 3. Review recent changes,0.73,identity-team
INC215,CONF334,Search Performance Tuning,"For health issues, first check the memory dashboard",0.91,security-team
INC216,CONF335,Payment Configuration Guide,"Monitor configuration, check for disk, review limits settings",0.93,observability-team
INC216,CONF336,Rabbitmq Troubleshooting Guide,"Monitor health, check for CPU, review settings settings",0.92,observability-team
INC217,CONF337,Order Configuration Guide,"Monitor logs, check for network, review settings settings",0.71,search-team
INC217,CONF338,Ci-Cd Disaster Recovery,Steps: 1. Check health 2. Verify disk 3. Review recent changes,0.83,dba-team
INC218,CONF339,Cdn Operations Guide,status uses CPU that can be intensive. Monitor limits and consider pagination for large batches,0.83,ops-team
INC218,CONF340,Kubernetes Architecture,status uses network that can be intensive. Monitor limits and consider pagination for large batches,0.86,security-team
INC219,CONF341,Order Architecture,For configuration: 1. Check disk status 2. Verify parameters 3. Review logs,0.72,payments-team
INC220,CONF342,Order Performance Tuning,"For health issues, first check the CPU dashboard",0.73,observability-team
INC221,CONF343,Product Performance Tuning,Steps: 1. Check health 2. Verify network 3. Review recent changes,0.87,api-team
INC221,CONF344,Logging Architecture,"Monitor configuration, check for network, review limits settings",0.78,search-team
INC222,CONF345,Load-Balancer Service Runbook,"For configuration issues, first check the disk dashboard",0.86,observability-team
INC222,CONF346,User Disaster Recovery,"For status issues, first check the memory dashboard",0.84,security-team
INC223,CONF347,Oauth-Provider Configuration Guide,logs uses network that can be intensive. Monitor limits and consider pagination for large batches,0.8,observability-team
INC223,CONF348,Load-Balancer Performance Tuning,For configuration: 1. Check network status 2. Verify settings 3. Review logs,0.9,security-team
INC224,CONF349,Container-Registry Troubleshooting Guide,"For logs issues, first check the memory dashboard",0.82,platform-team
INC224,CONF350,Ci-Cd Operations Guide,"For health issues, first check the network dashboard",0.75,observability-team
INC225,CONF351,Fluentd Performance Tuning,For status: 1. Check disk status 2. Verify limits 3. Review logs,0.7,payments-team
INC226,CONF352,Email Configuration Guide,For status: 1. Check network status 2. Verify parameters 3. Review logs,0.73,api-team
INC226,CONF353,Reporting Operations Guide,Steps: 1. Check configuration 2. Verify network 3. Review recent changes,0.76,security-team
INC227,CONF354,Load-Balancer Service Runbook,logs uses network that can be intensive. Monitor parameters and consider pagination for large batches,0.81,payments-team
INC228,CONF355,Load-Balancer Configuration Guide,logs uses network that can be intensive. Monitor limits and consider pagination for large batches,0.74,observability-team
INC228,CONF356,Reporting Monitoring Setup,For status: 1. Check network status 2. Verify settings 3. Review logs,0.72,ops-team
INC229,CONF357,Oauth-Provider Monitoring Setup,"Monitor logs, check for CPU, review settings settings",0.79,search-team
INC230,CONF358,Ci-Cd Architecture,Steps: 1. Check status 2. Verify disk 3. Review recent changes,0.8,platform-team
INC231,CONF359,Database Monitoring Setup,Steps: 1. Check status 2. Verify CPU 3. Review recent changes,0.82,identity-team
INC231,CONF360,Cdn Performance Tuning,"Monitor configuration, check for disk, review settings settings",0.75,platform-team
INC232,CONF361,Rabbitmq Operations Guide,logs uses CPU that can be intensive. Monitor limits and consider pagination for large batches,0.79,payments-team
INC232,CONF362,Search Operations Guide,"For logs issues, first check the CPU dashboard",0.79,security-team
INC233,CONF363,Ci-Cd Operations Guide,For status: 1. Check CPU status 2. Verify settings 3. Review logs,0.89,ops-team
INC233,CONF364,Rabbitmq Disaster Recovery,Steps: 1. Check health 2. Verify CPU 3. Review recent changes,0.9,platform-team
INC234,CONF365,Search Service Runbook,logs uses memory that can be intensive. Monitor settings and consider pagination for large batches,0.84,platform-team
INC235,CONF366,Search Service Runbook,logs uses CPU that can be intensive. Monitor limits and consider pagination for large batches,0.81,observability-team
INC235,CONF367,Container-Registry Troubleshooting Guide,"Monitor health, check for disk, review limits settings",0.7,observability-team
INC236,CONF368,Elasticsearch Monitoring Setup,"For health issues, first check the memory dashboard",0.81,observability-team
INC237,CONF369,Logging Performance Tuning,configuration uses disk that can be intensive. Monitor settings and consider pagination for large batches,0.76,payments-team
INC238,CONF370,Cdn SLA Requirements,"For status issues, first check the memory dashboard",0.85,infra-team
INC238,CONF371,Session Architecture,For configuration: 1. Check memory status 2. Verify parameters 3. Review logs,0.9,infra-team
INC239,CONF372,Search Troubleshooting Guide,Steps: 1. Check configuration 2. Verify CPU 3. Review recent changes,0.82,observability-team
INC239,CONF373,Container-Registry Monitoring Setup,"For logs issues, first check the memory dashboard",0.84,ops-team
INC240,CONF374,Cache Performance Tuning,"For logs issues, first check the network dashboard",0.73,search-team
INC241,CONF375,Fluentd Performance Tuning,For logs: 1. Check disk status 2. Verify limits 3. Review logs,0.77,identity-team
INC241,CONF376,Elasticsearch Configuration Guide,"For status issues, first check the disk dashboard",0.75,api-team
INC242,CONF377,Database Operations Guide,For logs: 1. Check memory status 2. Verify parameters 3. Review logs,0.84,identity-team
INC242,CONF378,Kubernetes Disaster Recovery,"For health issues, first check the memory dashboard",0.89,api-team
INC243,CONF379,Logging Service Runbook,"For status issues, first check the memory dashboard",0.9,observability-team
INC243,CONF380,Kubernetes Troubleshooting Guide,status uses CPU that can be intensive. Monitor settings and consider pagination for large batches,0.88,infra-team
INC244,CONF381,Read-Replica Service Runbook,"Monitor configuration, check for CPU, review parameters settings",0.77,dba-team
INC244,CONF382,Fulfillment Monitoring Setup,"For configuration issues, first check the memory dashboard",0.77,observability-team
INC245,CONF383,Email Troubleshooting Guide,"Monitor logs, check for memory, review settings settings",0.75,platform-team
INC246,CONF384,Payment Monitoring Setup,logs uses memory that can be intensive. Monitor parameters and consider pagination for large batches,0.87,payments-team
INC247,CONF385,Oauth-Provider Operations Guide,For logs: 1. Check CPU status 2. Verify parameters 3. Review logs,0.73,dba-team
INC248,CONF386,Api-Gateway Performance Tuning,"For status issues, first check the CPU dashboard",0.84,platform-team
INC248,CONF387,Kubernetes Performance Tuning,For logs: 1. Check CPU status 2. Verify parameters 3. Review logs,0.78,api-team
INC249,CONF388,Oauth-Provider Operations Guide,health uses memory that can be intensive. Monitor settings and consider pagination for large batches,0.71,search-team
INC250,CONF389,Reporting SLA Requirements,status uses CPU that can be intensive. Monitor parameters and consider pagination for large batches,0.82,search-team
INC251,CONF390,Notification Configuration Guide,Steps: 1. Check logs 2. Verify memory 3. Review recent changes,0.7,payments-team
INC252,CONF391,User Configuration Guide,Steps: 1. Check logs 2. Verify memory 3. Review recent changes,0.8,devops-team
INC252,CONF392,Read-Replica Performance Tuning,Steps: 1. Check status 2. Verify memory 3. Review recent changes,0.93,security-team
INC253,CONF393,User Disaster Recovery,For configuration: 1. Check disk status 2. Verify parameters 3. Review logs,0.85,platform-team
INC253,CONF394,Frontend Service Runbook,"For configuration issues, first check the memory dashboard",0.71,observability-team
INC254,CONF395,Fluentd Troubleshooting Guide,Steps: 1. Check logs 2. Verify disk 3. Review recent changes,0.9,devops-team
INC255,CONF396,Logging Performance Tuning,"For configuration issues, first check the CPU dashboard",0.78,devops-team
INC255,CONF397,Logging Operations Guide,Steps: 1. Check configuration 2. Verify disk 3. Review recent changes,0.94,security-team
INC256,CONF398,Checkout Performance Tuning,For configuration: 1. Check network status 2. Verify settings 3. Review logs,0.86,devops-team
INC256,CONF399,Session Monitoring Setup,For logs: 1. Check network status 2. Verify settings 3. Review logs,0.8,devops-team
INC257,CONF400,Elasticsearch Troubleshooting Guide,Steps: 1. Check status 2. Verify disk 3. Review recent changes,0.78,search-team
INC257,CONF401,Auth Disaster Recovery,Steps: 1. Check logs 2. Verify CPU 3. Review recent changes,0.87,devops-team
INC258,CONF402,Load-Balancer Monitoring Setup,For health: 1. Check disk status 2. Verify settings 3. Review logs,0.93,observability-team
INC259,CONF403,Auth Service Runbook,logs uses disk that can be intensive. Monitor limits and consider pagination for large batches,0.84,search-team
INC259,CONF404,Database SLA Requirements,"For status issues, first check the network dashboard",0.79,security-team
INC260,CONF405,Payment Operations Guide,"For status issues, first check the CPU dashboard",0.89,api-team
INC261,CONF406,Api-Gateway Incident Response,Steps: 1. Check health 2. Verify disk 3. Review recent changes,0.86,platform-team
INC262,CONF407,Checkout Troubleshooting Guide,"For health issues, first check the CPU dashboard",0.94,platform-team
INC262,CONF408,Load-Balancer Troubleshooting Guide,logs uses disk that can be intensive. Monitor settings and consider pagination for large batches,0.77,identity-team
INC263,CONF409,Email Architecture,"For health issues, first check the disk dashboard",0.77,infra-team
INC263,CONF410,Logging Disaster Recovery,"Monitor configuration, check for CPU, review limits settings",0.91,security-team
INC264,CONF411,Rate-Limiter Disaster Recovery,For status: 1. Check CPU status 2. Verify limits 3. Review logs,0.75,payments-team
INC265,CONF412,Read-Replica Performance Tuning,For health: 1. Check CPU status 2. Verify limits 3. Review logs,0.75,ops-team
INC266,CONF413,Order Performance Tuning,logs uses network that can be intensive. Monitor settings and consider pagination for large batches,0.95,security-team
INC266,CONF414,Frontend Performance Tuning,For logs: 1. Check memory status 2. Verify parameters 3. Review logs,0.95,observability-team
INC267,CONF415,Database Troubleshooting Guide,"For status issues, first check the CPU dashboard",0.94,search-team
INC267,CONF416,Email Service Runbook,For configuration: 1. Check memory status 2. Verify settings 3. Review logs,0.76,dba-team
INC268,CONF417,User SLA Requirements,"For logs issues, first check the CPU dashboard",0.8,payments-team
INC269,CONF418,Reporting Architecture,"For configuration issues, first check the CPU dashboard",0.9,security-team
INC270,CONF419,Container-Registry Incident Response,configuration uses CPU that can be intensive. Monitor settings and consider pagination for large batches,0.85,api-team
INC271,CONF420,Load-Balancer Performance Tuning,For configuration: 1. Check network status 2. Verify settings 3. Review logs,0.76,infra-team
INC271,CONF421,Read-Replica Troubleshooting Guide,configuration uses network that can be intensive. Monitor parameters and consider pagination for large batches,0.84,observability-team
INC272,CONF422,Rabbitmq Performance Tuning,Steps: 1. Check configuration 2. Verify network 3. Review recent changes,0.95,infra-team
INC273,CONF423,Kubernetes Monitoring Setup,health uses CPU that can be intensive. Monitor limits and consider pagination for large batches,0.71,dba-team
INC273,CONF424,Order SLA Requirements,For status: 1. Check memory status 2. Verify parameters 3. Review logs,0.83,infra-team
INC274,CONF425,Fulfillment Troubleshooting Guide,Steps: 1. Check logs 2. Verify CPU 3. Review recent changes,0.77,ops-team
INC275,CONF426,Order Disaster Recovery,Steps: 1. Check logs 2. Verify network 3. Review recent changes,0.94,api-team
INC276,CONF427,Notification Troubleshooting Guide,"Monitor configuration, check for disk, review limits settings",0.88,ops-team
INC277,CONF428,Cdn Monitoring Setup,"Monitor logs, check for memory, review parameters settings",0.78,dba-team
INC277,CONF429,Fulfillment Operations Guide,logs uses disk that can be intensive. Monitor settings and consider pagination for large batches,0.82,observability-team
INC278,CONF430,Cdn Configuration Guide,Steps: 1. Check configuration 2. Verify disk 3. Review recent changes,0.73,payments-team
INC279,CONF431,Order Monitoring Setup,For health: 1. Check memory status 2. Verify parameters 3. Review logs,0.83,search-team
INC280,CONF432,Container-Registry Monitoring Setup,"For configuration issues, first check the memory dashboard",0.88,search-team
INC281,CONF433,Session Troubleshooting Guide,"For status issues, first check the CPU dashboard",0.8,observability-team
INC281,CONF434,Cdn Performance Tuning,For configuration: 1. Check disk status 2. Verify parameters 3. Review logs,0.8,devops-team
INC282,CONF435,Reporting Configuration Guide,"Monitor health, check for memory, review limits settings",0.89,devops-team
INC282,CONF436,Notification Configuration Guide,logs uses network that can be intensive. Monitor parameters and consider pagination for large batches,0.78,observability-team
INC283,CONF437,Api-Gateway Monitoring Setup,"For configuration issues, first check the memory dashboard",0.8,ops-team
INC283,CONF438,Checkout Operations Guide,For status: 1. Check memory status 2. Verify settings 3. Review logs,0.75,platform-team
INC284,CONF439,Fulfillment Architecture,"Monitor status, check for disk, review settings settings",0.84,security-team
INC284,CONF440,Product Monitoring Setup,"For status issues, first check the disk dashboard",0.78,observability-team
INC285,CONF441,Api-Gateway Service Runbook,"Monitor logs, check for CPU, review parameters settings",0.95,ops-team
INC286,CONF442,Notification Incident Response,logs uses network that can be intensive. Monitor parameters and consider pagination for large batches,0.9,api-team
INC286,CONF443,User Disaster Recovery,For logs: 1. Check disk status 2. Verify limits 3. Review logs,0.72,payments-team
INC287,CONF444,Load-Balancer SLA Requirements,configuration uses disk that can be intensive. Monitor parameters and consider pagination for large batches,0.76,infra-team
INC287,CONF445,Order Configuration Guide,Steps: 1. Check status 2. Verify CPU 3. Review recent changes,0.79,search-team
INC288,CONF446,Reporting Configuration Guide,For health: 1. Check network status 2. Verify limits 3. Review logs,0.92,payments-team
INC289,CONF447,Rate-Limiter Operations Guide,Steps: 1. Check logs 2. Verify CPU 3. Review recent changes,0.86,dba-team
INC290,CONF448,User Architecture,status uses network that can be intensive. Monitor limits and consider pagination for large batches,0.83,security-team
INC290,CONF449,Oauth-Provider Monitoring Setup,health uses disk that can be intensive. Monitor limits and consider pagination for large batches,0.85,observability-team
INC291,CONF450,Read-Replica SLA Requirements,status uses memory that can be intensive. Monitor parameters and consider pagination for large batches,0.76,platform-team
INC291,CONF451,Order Service Runbook,Steps: 1. Check configuration 2. Verify CPU 3. Review recent changes,0.96,api-team
INC292,CONF452,Order Incident Response,"For logs issues, first check the CPU dashboard",0.88,security-team
INC292,CONF453,Load-Balancer Monitoring Setup,Steps: 1. Check status 2. Verify network 3. Review recent changes,0.92,platform-team
INC293,CONF454,Cache Performance Tuning,For health: 1. Check disk status 2. Verify settings 3. Review logs,0.87,api-team
INC293,CONF455,Order Operations Guide,"Monitor configuration, check for CPU, review settings settings",0.82,security-team
INC294,CONF456,Fluentd Troubleshooting Guide,"Monitor status, check for disk, review parameters settings",0.75,search-team
INC295,CONF457,Rabbitmq SLA Requirements,logs uses network that can be intensive. Monitor parameters and consider pagination for large batches,0.91,observability-team
INC295,CONF458,Logging Configuration Guide,For configuration: 1. Check CPU status 2. Verify limits 3. Review logs,0.88,identity-team
INC296,CONF459,Elasticsearch Operations Guide,"Monitor health, check for network, review settings settings",0.89,platform-team
INC297,CONF460,Rate-Limiter Troubleshooting Guide,configuration uses disk that can be intensive. Monitor settings and consider pagination for large batches,0.74,platform-team
INC297,CONF461,User Service Runbook,configuration uses network that can be intensive. Monitor parameters and consider pagination for large batches,0.9,observability-team
INC298,CONF462,Rabbitmq Performance Tuning,status uses memory that can be intensive. Monitor limits and consider pagination for large batches,0.85,search-team
INC298,CONF463,Elasticsearch SLA Requirements,"Monitor status, check for disk, review settings settings",0.89,ops-team
INC299,CONF464,Fluentd Disaster Recovery,status uses CPU that can be intensive. Monitor settings and consider pagination for large batches,0.91,security-team
INC299,CONF465,Database Disaster Recovery,"For logs issues, first check the disk dashboard",0.91,dba-team
INC300,CONF466,Oauth-Provider Operations Guide,"Monitor logs, check for memory, review limits settings",0.83,platform-team
INC300,CONF467,User Service Runbook,"Monitor status, check for memory, review parameters settings",0.87,dba-team
INC301,CONF468,Fluentd Configuration Guide,logs uses network that can be intensive. Monitor limits and consider pagination for large batches,0.78,security-team
INC302,CONF469,Logging Troubleshooting Guide,Steps: 1. Check logs 2. Verify CPU 3. Review recent changes,0.88,search-team
INC302,CONF470,User Operations Guide,"For configuration issues, first check the disk dashboard",0.71,search-team
INC303,CONF471,Order Architecture,logs uses disk that can be intensive. Monitor parameters and consider pagination for large batches,0.79,ops-team
INC304,CONF472,Oauth-Provider Troubleshooting Guide,Steps: 1. Check status 2. Verify disk 3. Review recent changes,0.96,identity-team
INC304,CONF473,Order Incident Response,logs uses memory that can be intensive. Monitor limits and consider pagination for large batches,0.95,api-team
INC305,CONF474,Kubernetes Configuration Guide,"Monitor status, check for disk, review settings settings",0.85,platform-team
INC306,CONF475,Notification Operations Guide,For health: 1. Check disk status 2. Verify limits 3. Review logs,0.81,observability-team
INC307,CONF476,Kubernetes Performance Tuning,"For logs issues, first check the network dashboard",0.89,dba-team
INC307,CONF477,Email Operations Guide,Steps: 1. Check logs 2. Verify memory 3. Review recent changes,0.72,platform-team
INC308,CONF478,Cache Configuration Guide,status uses CPU that can be intensive. Monitor parameters and consider pagination for large batches,0.71,search-team
INC308,CONF479,Cdn Operations Guide,status uses network that can be intensive. Monitor limits and consider pagination for large batches,0.75,identity-team
INC309,CONF480,Fluentd Configuration Guide,Steps: 1. Check configuration 2. Verify CPU 3. Review recent changes,0.87,identity-team
INC310,CONF481,Api-Gateway Configuration Guide,"For configuration issues, first check the network dashboard",0.86,ops-team
INC311,CONF482,Api-Gateway Architecture,"For status issues, first check the network dashboard",0.81,observability-team
INC311,CONF483,Frontend Incident Response,configuration uses CPU that can be intensive. Monitor limits and consider pagination for large batches,0.7,payments-team
INC312,CONF484,Cache Performance Tuning,"For health issues, first check the disk dashboard",0.77,identity-team
INC313,CONF485,Fluentd Architecture,"For logs issues, first check the network dashboard",0.84,payments-team
INC313,CONF486,Product Troubleshooting Guide,For health: 1. Check memory status 2. Verify limits 3. Review logs,0.71,security-team
INC314,CONF487,Email Incident Response,"For health issues, first check the memory dashboard",0.9,infra-team
INC314,CONF488,Kubernetes Incident Response,For logs: 1. Check CPU status 2. Verify parameters 3. Review logs,0.79,observability-team
INC315,CONF489,Frontend Performance Tuning,Steps: 1. Check configuration 2. Verify network 3. Review recent changes,0.81,security-team
INC315,CONF490,Ci-Cd SLA Requirements,"Monitor logs, check for network, review parameters settings",0.95,observability-team
INC316,CONF491,Product Disaster Recovery,Steps: 1. Check logs 2. Verify disk 3. Review recent changes,0.78,security-team
INC317,CONF492,Search Architecture,For logs: 1. Check memory status 2. Verify parameters 3. Review logs,0.85,payments-team
INC318,CONF493,Email Configuration Guide,"Monitor logs, check for network, review settings settings",0.8,api-team
INC319,CONF494,Ci-Cd SLA Requirements,"Monitor health, check for CPU, review settings settings",0.83,observability-team
INC320,CONF495,Api-Gateway SLA Requirements,For status: 1. Check disk status 2. Verify limits 3. Review logs,0.77,search-team
INC320,CONF496,Notification SLA Requirements,Steps: 1. Check status 2. Verify disk 3. Review recent changes,0.77,infra-team
INC321,CONF497,Read-Replica SLA Requirements,Steps: 1. Check health 2. Verify disk 3. Review recent changes,0.88,search-team
INC321,CONF498,Notification Service Runbook,"Monitor logs, check for network, review parameters settings",0.77,identity-team
INC322,CONF499,Search Service Runbook,"For logs issues, first check the CPU dashboard",0.74,search-team
INC322,CONF500,Payment Performance Tuning,"Monitor logs, check for network, review limits settings",0.88,platform-team
INC323,CONF501,Order Troubleshooting Guide,"Monitor health, check for memory, review limits settings",0.89,platform-team
INC324,CONF502,Reporting Disaster Recovery,For configuration: 1. Check network status 2. Verify limits 3. Review logs,0.86,security-team
INC325,CONF503,Oauth-Provider Architecture,"Monitor health, check for memory, review parameters settings",0.83,devops-team
INC325,CONF504,Logging Incident Response,For status: 1. Check network status 2. Verify limits 3. Review logs,0.7,api-team
INC326,CONF505,Read-Replica SLA Requirements,For health: 1. Check CPU status 2. Verify limits 3. Review logs,0.94,search-team
INC327,CONF506,Order Monitoring Setup,"Monitor health, check for memory, review settings settings",0.77,infra-team
INC328,CONF507,User SLA Requirements,For health: 1. Check network status 2. Verify parameters 3. Review logs,0.8,platform-team
INC329,CONF508,Container-Registry SLA Requirements,For logs: 1. Check network status 2. Verify limits 3. Review logs,0.75,security-team
INC330,CONF509,Api-Gateway Architecture,Steps: 1. Check logs 2. Verify disk 3. Review recent changes,0.78,api-team
INC331,CONF510,Container-Registry Performance Tuning,Steps: 1. Check status 2. Verify CPU 3. Review recent changes,0.95,observability-team
INC332,CONF511,Payment Operations Guide,For health: 1. Check memory status 2. Verify limits 3. Review logs,0.88,observability-team
INC332,CONF512,Rabbitmq SLA Requirements,For status: 1. Check disk status 2. Verify settings 3. Review logs,0.71,devops-team
INC333,CONF513,Read-Replica Disaster Recovery,For configuration: 1. Check CPU status 2. Verify limits 3. Review logs,0.72,infra-team
INC333,CONF514,Cdn Performance Tuning,Steps: 1. Check status 2. Verify network 3. Review recent changes,0.76,api-team
INC334,CONF515,Product Configuration Guide,configuration uses disk that can be intensive. Monitor limits and consider pagination for large batches,0.93,infra-team
INC334,CONF516,Logging Service Runbook,logs uses CPU that can be intensive. Monitor parameters and consider pagination for large batches,0.92,security-team
INC335,CONF517,Auth Architecture,"Monitor configuration, check for network, review parameters settings",0.76,infra-team
INC336,CONF518,Container-Registry Operations Guide,Steps: 1. Check logs 2. Verify CPU 3. Review recent changes,0.71,observability-team
INC336,CONF519,Payment Configuration Guide,For configuration: 1. Check memory status 2. Verify settings 3. Review logs,0.9,identity-team
INC337,CONF520,Database Troubleshooting Guide,"For configuration issues, first check the disk dashboard",0.77,dba-team
INC338,CONF521,Order Configuration Guide,"For configuration issues, first check the CPU dashboard",0.77,search-team
INC339,CONF522,Read-Replica Service Runbook,Steps: 1. Check configuration 2. Verify memory 3. Review recent changes,0.76,identity-team
INC339,CONF523,Read-Replica Troubleshooting Guide,"For configuration issues, first check the CPU dashboard",0.91,infra-team
INC340,CONF524,Ci-Cd Performance Tuning,configuration uses network that can be intensive. Monitor limits and consider pagination for large batches,0.74,infra-team
INC340,CONF525,Fulfillment Configuration Guide,configuration uses disk that can be intensive. Monitor limits and consider pagination for large batches,0.75,api-team
INC341,CONF526,Frontend Disaster Recovery,"For logs issues, first check the disk dashboard",0.74,search-team
INC341,CONF527,Frontend Architecture,For status: 1. Check network status 2. Verify settings 3. Review logs,0.82,search-team
INC342,CONF528,Order Operations Guide,For status: 1. Check CPU status 2. Verify parameters 3. Review logs,0.87,identity-team
INC343,CONF529,Load-Balancer Monitoring Setup,Steps: 1. Check status 2. Verify memory 3. Review recent changes,0.7,identity-team
INC343,CONF530,Database Incident Response,Steps: 1. Check health 2. Verify disk 3. Review recent changes,0.85,observability-team
INC344,CONF531,Payment Troubleshooting Guide,configuration uses CPU that can be intensive. Monitor parameters and consider pagination for large batches,0.76,devops-team
INC344,CONF532,Ci-Cd SLA Requirements,"For configuration issues, first check the network dashboard",0.77,api-team
INC345,CONF533,Api-Gateway Disaster Recovery,Steps: 1. Check status 2. Verify memory 3. Review recent changes,0.89,payments-team
INC346,CONF534,Frontend Monitoring Setup,logs uses network that can be intensive. Monitor parameters and consider pagination for large batches,0.81,dba-team
INC347,CONF535,Database Operations Guide,status uses network that can be intensive. Monitor limits and consider pagination for large batches,0.94,ops-team
INC347,CONF536,Ci-Cd Service Runbook,Steps: 1. Check configuration 2. Verify network 3. Review recent changes,0.76,observability-team
INC348,CONF537,Elasticsearch Architecture,status uses disk that can be intensive. Monitor settings and consider pagination for large batches,0.91,devops-team
INC348,CONF538,Oauth-Provider Monitoring Setup,logs uses CPU that can be intensive. Monitor limits and consider pagination for large batches,0.76,dba-team
INC349,CONF539,Payment Performance Tuning,"Monitor status, check for memory, review limits settings",0.73,dba-team
INC349,CONF540,Payment Operations Guide,"Monitor logs, check for disk, review parameters settings",0.9,dba-team
INC350,CONF541,Cache Incident Response,"Monitor logs, check for CPU, review settings settings",0.74,payments-team
INC350,CONF542,Ci-Cd Service Runbook,For configuration: 1. Check memory status 2. Verify settings 3. Review logs,0.73,dba-team
INC351,CONF543,Session Monitoring Setup,health uses memory that can be intensive. Monitor limits and consider pagination for large batches,0.8,infra-team
INC351,CONF544,Email Monitoring Setup,For logs: 1. Check disk status 2. Verify limits 3. Review logs,0.92,ops-team
INC352,CONF545,Rate-Limiter Performance Tuning,Steps: 1. Check configuration 2. Verify disk 3. Review recent changes,0.93,payments-team
INC352,CONF546,Logging Disaster Recovery,For status: 1. Check CPU status 2. Verify limits 3. Review logs,0.83,identity-team
INC353,CONF547,Logging Incident Response,health uses disk that can be intensive. Monitor limits and consider pagination for large batches,0.88,devops-team
INC353,CONF548,Ci-Cd Architecture,For status: 1. Check CPU status 2. Verify settings 3. Review logs,0.73,infra-team
INC354,CONF549,Search Performance Tuning,"Monitor logs, check for network, review parameters settings",0.89,devops-team
INC355,CONF550,Session Disaster Recovery,logs uses disk that can be intensive. Monitor limits and consider pagination for large batches,0.87,observability-team
INC355,CONF551,Read-Replica Service Runbook,For logs: 1. Check memory status 2. Verify limits 3. Review logs,0.81,devops-team
INC356,CONF552,Kubernetes Architecture,For configuration: 1. Check CPU status 2. Verify limits 3. Review logs,0.79,ops-team
INC357,CONF553,Order Service Runbook,For configuration: 1. Check disk status 2. Verify settings 3. Review logs,0.76,dba-team
INC358,CONF554,Api-Gateway Troubleshooting Guide,For configuration: 1. Check disk status 2. Verify settings 3. Review logs,0.83,devops-team
INC358,CONF555,Frontend Disaster Recovery,"For logs issues, first check the memory dashboard",0.94,platform-team
INC359,CONF556,Session SLA Requirements,For logs: 1. Check disk status 2. Verify limits 3. Review logs,0.72,security-team
INC359,CONF557,Reporting Incident Response,"For status issues, first check the network dashboard",0.84,search-team
INC360,CONF558,Rate-Limiter Troubleshooting Guide,Steps: 1. Check health 2. Verify CPU 3. Review recent changes,0.83,security-team
INC361,CONF559,Fulfillment Configuration Guide,Steps: 1. Check logs 2. Verify memory 3. Review recent changes,0.72,payments-team
INC361,CONF560,Search Incident Response,For configuration: 1. Check network status 2. Verify parameters 3. Review logs,0.93,search-team
INC362,CONF561,Fluentd Disaster Recovery,logs uses network that can be intensive. Monitor limits and consider pagination for large batches,0.88,api-team
INC363,CONF562,Auth Monitoring Setup,Steps: 1. Check configuration 2. Verify CPU 3. Review recent changes,0.88,api-team
INC364,CONF563,Checkout Operations Guide,"For logs issues, first check the CPU dashboard",0.88,security-team
INC365,CONF564,Product Configuration Guide,"For configuration issues, first check the memory dashboard",0.95,devops-team
INC365,CONF565,Order SLA Requirements,health uses disk that can be intensive. Monitor settings and consider pagination for large batches,0.89,security-team
INC366,CONF566,Container-Registry Performance Tuning,"For configuration issues, first check the memory dashboard",0.79,payments-team
INC367,CONF567,Product Incident Response,logs uses disk that can be intensive. Monitor parameters and consider pagination for large batches,0.76,payments-team
INC367,CONF568,Cdn Performance Tuning,"Monitor logs, check for CPU, review settings settings",0.75,payments-team
INC368,CONF569,Session Troubleshooting Guide,For logs: 1. Check network status 2. Verify parameters 3. Review logs,0.7,search-team
INC369,CONF570,Container-Registry Service Runbook,"For health issues, first check the disk dashboard",0.94,api-team
INC369,CONF571,Fulfillment Disaster Recovery,Steps: 1. Check logs 2. Verify CPU 3. Review recent changes,0.8,platform-team
INC370,CONF572,Logging Disaster Recovery,configuration uses disk that can be intensive. Monitor settings and consider pagination for large batches,0.91,dba-team
INC370,CONF573,Oauth-Provider Service Runbook,Steps: 1. Check status 2. Verify CPU 3. Review recent changes,0.8,platform-team
INC371,CONF574,Ci-Cd Monitoring Setup,"For health issues, first check the memory dashboard",0.79,ops-team
INC371,CONF575,Cdn Architecture,For configuration: 1. Check memory status 2. Verify parameters 3. Review logs,0.78,dba-team
INC372,CONF576,Database Configuration Guide,"For configuration issues, first check the network dashboard",0.95,identity-team
INC372,CONF577,Elasticsearch Service Runbook,Steps: 1. Check logs 2. Verify memory 3. Review recent changes,0.88,devops-team
INC373,CONF578,Load-Balancer Incident Response,configuration uses disk that can be intensive. Monitor limits and consider pagination for large batches,0.88,dba-team
INC373,CONF579,Checkout Service Runbook,health uses CPU that can be intensive. Monitor limits and consider pagination for large batches,0.88,devops-team
INC374,CONF580,Ci-Cd Configuration Guide,"For health issues, first check the disk dashboard",0.92,payments-team
INC375,CONF581,Cdn SLA Requirements,"Monitor configuration, check for memory, review limits settings",0.93,observability-team
INC375,CONF582,Rabbitmq Troubleshooting Guide,"Monitor health, check for CPU, review parameters settings",0.93,devops-team
INC376,CONF583,Auth Architecture,Steps: 1. Check logs 2. Verify memory 3. Review recent changes,0.74,infra-team
INC376,CONF584,Rate-Limiter Service Runbook,Steps: 1. Check configuration 2. Verify network 3. Review recent changes,0.77,dba-team
INC377,CONF585,Oauth-Provider Monitoring Setup,Steps: 1. Check configuration 2. Verify network 3. Review recent changes,0.75,api-team
INC377,CONF586,Logging SLA Requirements,"For logs issues, first check the memory dashboard",0.81,ops-team
INC378,CONF587,Container-Registry Incident Response,"For configuration issues, first check the disk dashboard",0.82,ops-team
INC379,CONF588,Product SLA Requirements,"Monitor health, check for disk, review settings settings",0.96,platform-team
INC380,CONF589,Logging Disaster Recovery,For health: 1. Check CPU status 2. Verify parameters 3. Review logs,0.88,api-team
INC380,CONF590,Load-Balancer Performance Tuning,health uses network that can be intensive. Monitor limits and consider pagination for large batches,0.73,ops-team
INC381,CONF591,Logging Architecture,Steps: 1. Check status 2. Verify memory 3. Review recent changes,0.83,ops-team
INC382,CONF592,Load-Balancer Incident Response,"Monitor logs, check for network, review settings settings",0.72,payments-team
INC383,CONF593,Kubernetes Monitoring Setup,For configuration: 1. Check network status 2. Verify parameters 3. Review logs,0.83,security-team
INC383,CONF594,Fluentd Service Runbook,"For health issues, first check the CPU dashboard",0.88,dba-team
INC384,CONF595,Elasticsearch Service Runbook,For configuration: 1. Check disk status 2. Verify settings 3. Review logs,0.82,payments-team
INC384,CONF596,Search SLA Requirements,For status: 1. Check memory status 2. Verify settings 3. Review logs,0.88,ops-team
INC385,CONF597,Fluentd Performance Tuning,For configuration: 1. Check disk status 2. Verify limits 3. Review logs,0.71,payments-team
INC385,CONF598,Notification Configuration Guide,Steps: 1. Check status 2. Verify memory 3. Review recent changes,0.9,search-team
INC386,CONF599,Email Disaster Recovery,"For configuration issues, first check the memory dashboard",0.92,dba-team
INC387,CONF600,Product Service Runbook,"For configuration issues, first check the disk dashboard",0.83,api-team
INC387,CONF601,Frontend Performance Tuning,For configuration: 1. Check disk status 2. Verify parameters 3. Review logs,0.81,api-team
INC388,CONF602,User SLA Requirements,status uses memory that can be intensive. Monitor settings and consider pagination for large batches,0.9,api-team
INC388,CONF603,Reporting Service Runbook,"Monitor health, check for network, review limits settings",0.82,observability-team
INC389,CONF604,Load-Balancer Operations Guide,"Monitor health, check for CPU, review limits settings",0.73,platform-team
INC389,CONF605,Search Troubleshooting Guide,For health: 1. Check network status 2. Verify settings 3. Review logs,0.85,ops-team
INC390,CONF606,Fulfillment Incident Response,configuration uses CPU that can be intensive. Monitor parameters and consider pagination for large batches,0.81,identity-team
INC390,CONF607,Notification Disaster Recovery,logs uses disk that can be intensive. Monitor settings and consider pagination for large batches,0.92,identity-team
INC391,CONF608,Logging Configuration Guide,"Monitor status, check for memory, review settings settings",0.78,infra-team
INC391,CONF609,Oauth-Provider Incident Response,"Monitor logs, check for memory, review settings settings",0.95,ops-team
INC392,CONF610,Rate-Limiter Performance Tuning,status uses network that can be intensive. Monitor limits and consider pagination for large batches,0.94,platform-team
INC393,CONF611,Checkout Troubleshooting Guide,"For logs issues, first check the CPU dashboard",0.84,ops-team
INC393,CONF612,Email Incident Response,"Monitor configuration, check for network, review parameters settings",0.95,api-team
INC394,CONF613,Session Disaster Recovery,Steps: 1. Check configuration 2. Verify network 3. Review recent changes,0.82,observability-team
INC395,CONF614,Fulfillment Troubleshooting Guide,logs uses memory that can be intensive. Monitor limits and consider pagination for large batches,0.72,dba-team
INC395,CONF615,Rabbitmq SLA Requirements,logs uses memory that can be intensive. Monitor parameters and consider pagination for large batches,0.8,devops-team
INC396,CONF616,Order Disaster Recovery,For health: 1. Check disk status 2. Verify parameters 3. Review logs,0.83,search-team
INC396,CONF617,Cdn Architecture,configuration uses memory that can be intensive. Monitor limits and consider pagination for large batches,0.81,devops-team
INC397,CONF618,Oauth-Provider Monitoring Setup,"Monitor configuration, check for CPU, review parameters settings",0.73,observability-team
INC397,CONF619,Rate-Limiter Service Runbook,For configuration: 1. Check CPU status 2. Verify parameters 3. Review logs,0.95,platform-team
INC398,CONF620,Frontend Service Runbook,"For configuration issues, first check the memory dashboard",0.82,security-team
INC398,CONF621,Database Incident Response,configuration uses memory that can be intensive. Monitor parameters and consider pagination for large batches,0.87,observability-team
INC399,CONF622,Email Performance Tuning,For configuration: 1. Check disk status 2. Verify parameters 3. Review logs,0.8,identity-team
INC400,CONF623,Api-Gateway Disaster Recovery,For logs: 1. Check CPU status 2. Verify parameters 3. Review logs,0.83,search-team
INC401,CONF624,Elasticsearch Performance Tuning,"For health issues, first check the network dashboard",0.78,ops-team
INC402,CONF625,Session SLA Requirements,"Monitor health, check for disk, review settings settings",0.8,ops-team
INC403,CONF626,User Operations Guide,"Monitor health, check for memory, review parameters settings",0.78,identity-team
INC403,CONF627,Session Performance Tuning,status uses disk that can be intensive. Monitor settings and consider pagination for large batches,0.95,api-team
INC404,CONF628,Email Disaster Recovery,"For health issues, first check the disk dashboard",0.76,dba-team
INC405,CONF629,Fluentd Architecture,"Monitor logs, check for CPU, review limits settings",0.87,security-team
INC405,CONF630,Rabbitmq Troubleshooting Guide,status uses memory that can be intensive. Monitor limits and consider pagination for large batches,0.88,identity-team
INC406,CONF631,Read-Replica Troubleshooting Guide,logs uses CPU that can be intensive. Monitor limits and consider pagination for large batches,0.82,platform-team
INC406,CONF632,Payment Monitoring Setup,status uses disk that can be intensive. Monitor parameters and consider pagination for large batches,0.76,platform-team
INC407,CONF633,Email Incident Response,For status: 1. Check disk status 2. Verify parameters 3. Review logs,0.81,platform-team
INC407,CONF634,Database Disaster Recovery,For logs: 1. Check CPU status 2. Verify parameters 3. Review logs,0.95,observability-team
INC408,CONF635,Cache Operations Guide,"Monitor health, check for disk, review limits settings",0.74,payments-team
INC409,CONF636,Fulfillment Performance Tuning,Steps: 1. Check health 2. Verify network 3. Review recent changes,0.86,identity-team
INC409,CONF637,Fluentd Performance Tuning,"For logs issues, first check the CPU dashboard",0.82,dba-team
INC410,CONF638,Session SLA Requirements,status uses network that can be intensive. Monitor parameters and consider pagination for large batches,0.86,infra-team
INC411,CONF639,Frontend SLA Requirements,health uses network that can be intensive. Monitor parameters and consider pagination for large batches,0.81,platform-team
INC412,CONF640,Reporting Disaster Recovery,status uses CPU that can be intensive. Monitor limits and consider pagination for large batches,0.78,search-team
INC413,CONF641,Rate-Limiter Disaster Recovery,For logs: 1. Check network status 2. Verify limits 3. Review logs,0.87,security-team
INC414,CONF642,Database Troubleshooting Guide,"Monitor configuration, check for memory, review limits settings",0.84,devops-team
INC414,CONF643,Product Troubleshooting Guide,"For logs issues, first check the CPU dashboard",0.86,devops-team
INC415,CONF644,Read-Replica Configuration Guide,"For configuration issues, first check the network dashboard",0.89,api-team
INC416,CONF645,Api-Gateway SLA Requirements,"For health issues, first check the disk dashboard",0.81,dba-team
INC417,CONF646,Logging Service Runbook,"For health issues, first check the CPU dashboard",0.84,ops-team
INC418,CONF647,Load-Balancer Troubleshooting Guide,"For logs issues, first check the CPU dashboard",0.82,dba-team
INC418,CONF648,Logging Monitoring Setup,"For health issues, first check the CPU dashboard",0.85,devops-team
INC419,CONF649,Email Service Runbook,health uses disk that can be intensive. Monitor settings and consider pagination for large batches,0.7,observability-team
INC419,CONF650,Fluentd Configuration Guide,"For health issues, first check the CPU dashboard",0.76,observability-team
INC420,CONF651,Cache Monitoring Setup,For status: 1. Check disk status 2. Verify limits 3. Review logs,0.94,dba-team
INC420,CONF652,Oauth-Provider Configuration Guide,"For status issues, first check the disk dashboard",0.79,search-team
INC421,CONF653,Cdn Troubleshooting Guide,logs uses CPU that can be intensive. Monitor parameters and consider pagination for large batches,0.85,identity-team
INC421,CONF654,Rate-Limiter Incident Response,"For configuration issues, first check the CPU dashboard",0.91,infra-team
INC422,CONF655,Database Incident Response,"For configuration issues, first check the network dashboard",0.71,identity-team
INC422,CONF656,Fluentd SLA Requirements,For health: 1. Check network status 2. Verify limits 3. Review logs,0.84,platform-team
INC423,CONF657,Read-Replica SLA Requirements,status uses memory that can be intensive. Monitor parameters and consider pagination for large batches,0.83,infra-team
INC423,CONF658,Logging Operations Guide,"Monitor logs, check for memory, review settings settings",0.84,api-team
INC424,CONF659,Order Operations Guide,Steps: 1. Check configuration 2. Verify network 3. Review recent changes,0.72,devops-team
INC425,CONF660,Rabbitmq Operations Guide,"For health issues, first check the disk dashboard",0.7,api-team
INC425,CONF661,Frontend Service Runbook,Steps: 1. Check health 2. Verify CPU 3. Review recent changes,0.8,infra-team
INC426,CONF662,Api-Gateway Configuration Guide,"For configuration issues, first check the network dashboard",0.77,dba-team
INC426,CONF663,User SLA Requirements,Steps: 1. Check health 2. Verify CPU 3. Review recent changes,0.84,platform-team
INC427,CONF664,Rabbitmq Monitoring Setup,"For status issues, first check the disk dashboard",0.81,devops-team
INC428,CONF665,Session Configuration Guide,For configuration: 1. Check memory status 2. Verify parameters 3. Review logs,0.81,security-team
INC429,CONF666,User Monitoring Setup,"For logs issues, first check the memory dashboard",0.76,observability-team
INC429,CONF667,Database Operations Guide,"For status issues, first check the CPU dashboard",0.78,observability-team
INC430,CONF668,User Incident Response,For status: 1. Check memory status 2. Verify parameters 3. Review logs,0.72,security-team
INC431,CONF669,Cache Performance Tuning,"Monitor logs, check for disk, review limits settings",0.76,devops-team
INC431,CONF670,User Disaster Recovery,Steps: 1. Check health 2. Verify CPU 3. Review recent changes,0.76,security-team
INC432,CONF671,Fluentd Operations Guide,For logs: 1. Check disk status 2. Verify limits 3. Review logs,0.74,security-team
INC433,CONF672,Session Service Runbook,Steps: 1. Check logs 2. Verify network 3. Review recent changes,0.81,observability-team
INC433,CONF673,Rabbitmq Disaster Recovery,For logs: 1. Check memory status 2. Verify settings 3. Review logs,0.83,platform-team
INC434,CONF674,Read-Replica Disaster Recovery,Steps: 1. Check logs 2. Verify disk 3. Review recent changes,0.94,devops-team
INC435,CONF675,Auth Architecture,"For configuration issues, first check the disk dashboard",0.73,security-team
INC436,CONF676,Order Monitoring Setup,"Monitor health, check for network, review parameters settings",0.77,identity-team
INC437,CONF677,Cdn Configuration Guide,"For configuration issues, first check the disk dashboard",0.73,ops-team
INC437,CONF678,Email SLA Requirements,health uses memory that can be intensive. Monitor parameters and consider pagination for large batches,0.8,search-team
INC438,CONF679,Checkout Configuration Guide,"For configuration issues, first check the disk dashboard",0.87,platform-team
INC438,CONF680,Database Operations Guide,"Monitor configuration, check for network, review limits settings",0.72,devops-team
INC439,CONF681,Oauth-Provider Service Runbook,"For status issues, first check the network dashboard",0.9,api-team
INC439,CONF682,Frontend Service Runbook,Steps: 1. Check configuration 2. Verify memory 3. Review recent changes,0.94,identity-team
INC440,CONF683,Load-Balancer Operations Guide,"Monitor logs, check for network, review parameters settings",0.79,api-team
INC441,CONF684,Logging Operations Guide,Steps: 1. Check configuration 2. Verify memory 3. Review recent changes,0.77,platform-team
INC441,CONF685,Ci-Cd SLA Requirements,For status: 1. Check disk status 2. Verify limits 3. Review logs,0.85,security-team
INC442,CONF686,Api-Gateway Operations Guide,For health: 1. Check memory status 2. Verify limits 3. Review logs,0.91,payments-team
INC442,CONF687,User Monitoring Setup,"Monitor logs, check for disk, review settings settings",0.71,devops-team
INC443,CONF688,Rate-Limiter Monitoring Setup,"For logs issues, first check the memory dashboard",0.8,identity-team
INC444,CONF689,Session Performance Tuning,"For logs issues, first check the disk dashboard",0.88,search-team
INC444,CONF690,Session Incident Response,Steps: 1. Check configuration 2. Verify disk 3. Review recent changes,0.92,infra-team
INC445,CONF691,Rate-Limiter Troubleshooting Guide,"For logs issues, first check the network dashboard",0.79,api-team
INC445,CONF692,Payment Operations Guide,"Monitor configuration, check for CPU, review parameters settings",0.72,ops-team
INC446,CONF693,Load-Balancer Performance Tuning,status uses network that can be intensive. Monitor settings and consider pagination for large batches,0.84,dba-team
INC447,CONF694,Product SLA Requirements,Steps: 1. Check health 2. Verify CPU 3. Review recent changes,0.94,observability-team
INC448,CONF695,Kubernetes Performance Tuning,configuration uses network that can be intensive. Monitor parameters and consider pagination for large batches,0.8,security-team
INC448,CONF696,Read-Replica Monitoring Setup,Steps: 1. Check configuration 2. Verify memory 3. Review recent changes,0.7,platform-team
INC449,CONF697,Api-Gateway Incident Response,"For logs issues, first check the memory dashboard",0.78,platform-team
INC450,CONF698,Notification Disaster Recovery,health uses memory that can be intensive. Monitor settings and consider pagination for large batches,0.81,payments-team
INC451,CONF699,Email Incident Response,"For status issues, first check the disk dashboard",0.82,payments-team
INC452,CONF700,Session Incident Response,configuration uses network that can be intensive. Monitor limits and consider pagination for large batches,0.86,payments-team
INC452,CONF701,Logging Operations Guide,logs uses disk that can be intensive. Monitor parameters and consider pagination for large batches,0.85,api-team
INC453,CONF702,Session Disaster Recovery,"Monitor status, check for network, review settings settings",0.81,platform-team
INC454,CONF703,Checkout Incident Response,logs uses CPU that can be intensive. Monitor limits and consider pagination for large batches,0.91,devops-team
INC454,CONF704,Ci-Cd Troubleshooting Guide,"Monitor status, check for disk, review limits settings",0.81,devops-team
INC455,CONF705,Notification Monitoring Setup,"For health issues, first check the memory dashboard",0.8,infra-team
INC455,CONF706,Kubernetes Architecture,Steps: 1. Check logs 2. Verify disk 3. Review recent changes,0.7,security-team
INC456,CONF707,User Operations Guide,"For status issues, first check the memory dashboard",0.73,security-team
INC457,CONF708,Read-Replica Service Runbook,Steps: 1. Check health 2. Verify disk 3. Review recent changes,0.77,api-team
INC457,CONF709,Checkout Troubleshooting Guide,"For logs issues, first check the memory dashboard",0.72,ops-team
INC458,CONF710,Email Disaster Recovery,For configuration: 1. Check memory status 2. Verify settings 3. Review logs,0.73,api-team
INC459,CONF711,Rabbitmq Architecture,health uses CPU that can be intensive. Monitor parameters and consider pagination for large batches,0.76,platform-team
INC459,CONF712,Kubernetes Service Runbook,"Monitor health, check for network, review limits settings",0.8,infra-team
INC460,CONF713,Read-Replica Troubleshooting Guide,status uses memory that can be intensive. Monitor limits and consider pagination for large batches,0.8,ops-team
INC460,CONF714,Session Troubleshooting Guide,health uses memory that can be intensive. Monitor parameters and consider pagination for large batches,0.94,identity-team
INC461,CONF715,Session Performance Tuning,status uses memory that can be intensive. Monitor parameters and consider pagination for large batches,0.73,platform-team
INC462,CONF716,Container-Registry Configuration Guide,Steps: 1. Check status 2. Verify CPU 3. Review recent changes,0.95,infra-team
INC463,CONF717,User Service Runbook,For configuration: 1. Check network status 2. Verify settings 3. Review logs,0.78,security-team
INC464,CONF718,Rabbitmq Disaster Recovery,health uses disk that can be intensive. Monitor settings and consider pagination for large batches,0.88,platform-team
INC464,CONF719,Api-Gateway Monitoring Setup,Steps: 1. Check logs 2. Verify CPU 3. Review recent changes,0.93,dba-team
INC465,CONF720,Cdn Monitoring Setup,configuration uses network that can be intensive. Monitor limits and consider pagination for large batches,0.76,security-team
INC465,CONF721,Api-Gateway Monitoring Setup,status uses network that can be intensive. Monitor parameters and consider pagination for large batches,0.71,security-team
INC466,CONF722,Notification Incident Response,Steps: 1. Check logs 2. Verify network 3. Review recent changes,0.9,observability-team
INC467,CONF723,Fulfillment Architecture,Steps: 1. Check status 2. Verify network 3. Review recent changes,0.79,security-team
INC468,CONF724,Cdn Performance Tuning,Steps: 1. Check logs 2. Verify network 3. Review recent changes,0.75,dba-team
INC468,CONF725,Database Operations Guide,"Monitor configuration, check for disk, review limits settings",0.84,identity-team
INC469,CONF726,Email Service Runbook,"For logs issues, first check the memory dashboard",0.73,observability-team
INC470,CONF727,Payment Performance Tuning,For status: 1. Check memory status 2. Verify settings 3. Review logs,0.85,security-team
INC470,CONF728,Logging Performance Tuning,"Monitor configuration, check for network, review settings settings",0.78,payments-team
INC471,CONF729,Ci-Cd Monitoring Setup,"Monitor logs, check for CPU, review parameters settings",0.76,security-team
INC472,CONF730,Reporting Monitoring Setup,configuration uses CPU that can be intensive. Monitor limits and consider pagination for large batches,0.77,platform-team
INC473,CONF731,Database Troubleshooting Guide,For status: 1. Check CPU status 2. Verify parameters 3. Review logs,0.76,infra-team
INC474,CONF732,Load-Balancer Disaster Recovery,For status: 1. Check disk status 2. Verify parameters 3. Review logs,0.79,search-team
INC474,CONF733,Container-Registry SLA Requirements,Steps: 1. Check configuration 2. Verify CPU 3. Review recent changes,0.76,observability-team
INC475,CONF734,User SLA Requirements,Steps: 1. Check logs 2. Verify disk 3. Review recent changes,0.86,dba-team
INC475,CONF735,Elasticsearch Troubleshooting Guide,"For health issues, first check the disk dashboard",0.72,platform-team
INC476,CONF736,Logging Architecture,"Monitor health, check for CPU, review settings settings",0.75,security-team
INC477,CONF737,Ci-Cd SLA Requirements,logs uses CPU that can be intensive. Monitor settings and consider pagination for large batches,0.73,search-team
INC478,CONF738,Cdn Operations Guide,Steps: 1. Check health 2. Verify memory 3. Review recent changes,0.78,api-team
INC479,CONF739,Checkout Configuration Guide,"For logs issues, first check the network dashboard",0.85,ops-team
INC480,CONF740,Elasticsearch Configuration Guide,"Monitor status, check for disk, review parameters settings",0.92,identity-team
INC481,CONF741,Order Architecture,health uses CPU that can be intensive. Monitor settings and consider pagination for large batches,0.94,dba-team
INC482,CONF742,Order Architecture,Steps: 1. Check health 2. Verify disk 3. Review recent changes,0.88,infra-team
INC483,CONF743,Rate-Limiter Disaster Recovery,For configuration: 1. Check CPU status 2. Verify parameters 3. Review logs,0.94,devops-team
INC484,CONF744,Search Troubleshooting Guide,Steps: 1. Check configuration 2. Verify network 3. Review recent changes,0.72,infra-team
INC484,CONF745,Auth Troubleshooting Guide,"Monitor logs, check for disk, review settings settings",0.87,search-team
INC485,CONF746,Email Configuration Guide,"Monitor configuration, check for network, review parameters settings",0.91,infra-team
INC486,CONF747,Checkout SLA Requirements,"Monitor health, check for memory, review limits settings",0.95,dba-team
INC487,CONF748,Rate-Limiter Performance Tuning,For logs: 1. Check disk status 2. Verify settings 3. Review logs,0.71,api-team
INC488,CONF749,Elasticsearch SLA Requirements,health uses memory that can be intensive. Monitor parameters and consider pagination for large batches,0.85,observability-team
INC488,CONF750,Product Architecture,logs uses disk that can be intensive. Monitor parameters and consider pagination for large batches,0.72,api-team
INC489,CONF751,User Disaster Recovery,"Monitor logs, check for network, review parameters settings",0.79,ops-team
INC489,CONF752,Payment Performance Tuning,logs uses CPU that can be intensive. Monitor settings and consider pagination for large batches,0.8,payments-team
INC490,CONF753,Read-Replica SLA Requirements,health uses disk that can be intensive. Monitor limits and consider pagination for large batches,0.84,infra-team
INC491,CONF754,Database Service Runbook,Steps: 1. Check configuration 2. Verify network 3. Review recent changes,0.72,observability-team
INC492,CONF755,Order Operations Guide,"For configuration issues, first check the CPU dashboard",0.93,platform-team
INC493,CONF756,Notification Incident Response,Steps: 1. Check status 2. Verify disk 3. Review recent changes,0.94,security-team
INC493,CONF757,Load-Balancer Incident Response,"Monitor health, check for network, review limits settings",0.81,security-team
INC494,CONF758,Search Operations Guide,Steps: 1. Check configuration 2. Verify disk 3. Review recent changes,0.91,search-team
INC494,CONF759,Cache Architecture,Steps: 1. Check health 2. Verify network 3. Review recent changes,0.8,devops-team
INC495,CONF760,Auth Incident Response,health uses memory that can be intensive. Monitor limits and consider pagination for large batches,0.93,platform-team
INC496,CONF761,Ci-Cd Service Runbook,"For logs issues, first check the memory dashboard",0.76,identity-team
INC497,CONF762,Container-Registry Monitoring Setup,Steps: 1. Check logs 2. Verify memory 3. Review recent changes,0.94,infra-team
INC498,CONF763,Rabbitmq Incident Response,configuration uses disk that can be intensive. Monitor parameters and consider pagination for large batches,0.7,search-team
INC498,CONF764,Rabbitmq Service Runbook,Steps: 1. Check configuration 2. Verify CPU 3. Review recent changes,0.9,ops-team
INC499,CONF765,Reporting Incident Response,"For configuration issues, first check the network dashboard",0.81,dba-team
INC500,CONF766,Cache Architecture,"For configuration issues, first check the network dashboard",0.77,dba-team
INC500,CONF767,Search Incident Response,"Monitor logs, check for disk, review settings settings",0.77,platform-team
INC501,CONF768,Email Performance Tuning,Steps: 1. Check logs 2. Verify CPU 3. Review recent changes,0.89,dba-team
INC502,CONF769,Read-Replica Configuration Guide,"Monitor logs, check for network, review settings settings",0.83,security-team
INC503,CONF770,Container-Registry Service Runbook,"Monitor status, check for memory, review parameters settings",0.94,infra-team
INC503,CONF771,Cdn Configuration Guide,"Monitor status, check for network, review parameters settings",0.77,payments-team
INC504,CONF772,Notification SLA Requirements,"For health issues, first check the disk dashboard",0.85,observability-team
INC504,CONF773,Auth SLA Requirements,health uses CPU that can be intensive. Monitor limits and consider pagination for large batches,0.91,payments-team
INC505,CONF774,Fluentd Service Runbook,"For logs issues, first check the network dashboard",0.87,ops-team
INC506,CONF775,Elasticsearch Configuration Guide,"For health issues, first check the network dashboard",0.84,security-team
INC506,CONF776,Container-Registry Troubleshooting Guide,logs uses CPU that can be intensive. Monitor parameters and consider pagination for large batches,0.89,payments-team
INC507,CONF777,Reporting Service Runbook,For status: 1. Check network status 2. Verify parameters 3. Review logs,0.73,api-team
INC508,CONF778,Container-Registry Operations Guide,"Monitor logs, check for CPU, review parameters settings",0.76,dba-team
INC508,CONF779,Fluentd Operations Guide,"For configuration issues, first check the disk dashboard",0.81,infra-team
INC509,CONF780,Order Troubleshooting Guide,configuration uses memory that can be intensive. Monitor parameters and consider pagination for large batches,0.92,identity-team
INC509,CONF781,Ci-Cd Service Runbook,configuration uses network that can be intensive. Monitor parameters and consider pagination for large batches,0.96,identity-team
INC510,CONF782,Auth Incident Response,Steps: 1. Check health 2. Verify CPU 3. Review recent changes,0.8,platform-team
INC511,CONF783,Container-Registry Operations Guide,Steps: 1. Check configuration 2. Verify memory 3. Review recent changes,0.71,security-team
INC511,CONF784,User SLA Requirements,For configuration: 1. Check disk status 2. Verify limits 3. Review logs,0.74,security-team
INC512,CONF785,Cache Monitoring Setup,status uses disk that can be intensive. Monitor parameters and consider pagination for large batches,0.83,api-team
INC513,CONF786,Elasticsearch Architecture,For status: 1. Check CPU status 2. Verify settings 3. Review logs,0.81,observability-team
INC513,CONF787,Api-Gateway Service Runbook,For configuration: 1. Check CPU status 2. Verify settings 3. Review logs,0.91,infra-team
INC514,CONF788,Elasticsearch Performance Tuning,health uses network that can be intensive. Monitor parameters and consider pagination for large batches,0.83,api-team
INC514,CONF789,Api-Gateway Architecture,Steps: 1. Check status 2. Verify network 3. Review recent changes,0.94,identity-team
INC515,CONF790,Payment Disaster Recovery,For status: 1. Check memory status 2. Verify settings 3. Review logs,0.76,observability-team
INC515,CONF791,Checkout Service Runbook,"Monitor logs, check for disk, review parameters settings",0.74,payments-team
INC516,CONF792,Read-Replica Architecture,"Monitor logs, check for network, review parameters settings",0.75,search-team
INC517,CONF793,Cache Service Runbook,Steps: 1. Check status 2. Verify CPU 3. Review recent changes,0.83,payments-team
INC517,CONF794,Notification Incident Response,"For status issues, first check the CPU dashboard",0.83,ops-team
INC518,CONF795,Checkout Operations Guide,Steps: 1. Check configuration 2. Verify memory 3. Review recent changes,0.86,payments-team
INC518,CONF796,User Performance Tuning,status uses disk that can be intensive. Monitor parameters and consider pagination for large batches,0.73,payments-team
INC519,CONF797,Fulfillment Service Runbook,For configuration: 1. Check memory status 2. Verify parameters 3. Review logs,0.71,observability-team
INC519,CONF798,Rabbitmq SLA Requirements,"For configuration issues, first check the memory dashboard",0.91,platform-team
INC520,CONF799,Product Disaster Recovery,"Monitor logs, check for disk, review limits settings",0.91,payments-team
INC521,CONF800,Session Configuration Guide,"For logs issues, first check the memory dashboard",0.85,observability-team
INC522,CONF801,Email Performance Tuning,For health: 1. Check disk status 2. Verify limits 3. Review logs,0.9,observability-team
INC522,CONF802,Payment Service Runbook,For status: 1. Check network status 2. Verify settings 3. Review logs,0.78,dba-team
INC523,CONF803,Email Service Runbook,"For health issues, first check the network dashboard",0.82,devops-team
INC524,CONF804,Logging SLA Requirements,Steps: 1. Check status 2. Verify CPU 3. Review recent changes,0.95,platform-team
INC525,CONF805,Load-Balancer Monitoring Setup,"Monitor health, check for memory, review settings settings",0.74,ops-team
INC525,CONF806,Checkout Performance Tuning,"For status issues, first check the network dashboard",0.83,observability-team
INC526,CONF807,Logging Monitoring Setup,"Monitor logs, check for network, review limits settings",0.85,search-team
INC527,CONF808,Load-Balancer Disaster Recovery,Steps: 1. Check status 2. Verify disk 3. Review recent changes,0.96,identity-team
INC528,CONF809,Oauth-Provider Monitoring Setup,For status: 1. Check disk status 2. Verify limits 3. Review logs,0.74,api-team
INC528,CONF810,Order Architecture,status uses memory that can be intensive. Monitor parameters and consider pagination for large batches,0.87,platform-team
INC529,CONF811,Rate-Limiter Disaster Recovery,For status: 1. Check disk status 2. Verify settings 3. Review logs,0.8,devops-team
INC530,CONF812,Oauth-Provider Service Runbook,For configuration: 1. Check CPU status 2. Verify limits 3. Review logs,0.86,infra-team
INC531,CONF813,Auth Monitoring Setup,"For logs issues, first check the CPU dashboard",0.81,security-team
INC532,CONF814,Order Monitoring Setup,Steps: 1. Check status 2. Verify memory 3. Review recent changes,0.72,platform-team
INC533,CONF815,Cache Disaster Recovery,status uses CPU that can be intensive. Monitor parameters and consider pagination for large batches,0.78,ops-team
INC533,CONF816,Oauth-Provider Troubleshooting Guide,health uses network that can be intensive. Monitor parameters and consider pagination for large batches,0.94,security-team
INC534,CONF817,Container-Registry SLA Requirements,For status: 1. Check memory status 2. Verify parameters 3. Review logs,0.84,ops-team
INC534,CONF818,Ci-Cd Service Runbook,Steps: 1. Check health 2. Verify memory 3. Review recent changes,0.87,observability-team
INC535,CONF819,Search Monitoring Setup,Steps: 1. Check status 2. Verify CPU 3. Review recent changes,0.83,devops-team
INC536,CONF820,Read-Replica SLA Requirements,configuration uses memory that can be intensive. Monitor parameters and consider pagination for large batches,0.72,identity-team
INC537,CONF821,Logging Configuration Guide,"Monitor health, check for CPU, review settings settings",0.76,api-team
INC537,CONF822,Oauth-Provider Troubleshooting Guide,Steps: 1. Check logs 2. Verify disk 3. Review recent changes,0.88,devops-team
INC538,CONF823,Container-Registry Troubleshooting Guide,status uses memory that can be intensive. Monitor settings and consider pagination for large batches,0.73,infra-team
INC538,CONF824,Fluentd Service Runbook,health uses network that can be intensive. Monitor limits and consider pagination for large batches,0.79,identity-team
INC539,CONF825,Fulfillment Troubleshooting Guide,"For logs issues, first check the memory dashboard",0.73,infra-team
INC540,CONF826,Ci-Cd Operations Guide,Steps: 1. Check status 2. Verify disk 3. Review recent changes,0.86,infra-team
INC541,CONF827,Logging Troubleshooting Guide,"For logs issues, first check the memory dashboard",0.81,api-team
INC541,CONF828,Rabbitmq Monitoring Setup,"For health issues, first check the network dashboard",0.96,search-team
INC542,CONF829,Payment Monitoring Setup,Steps: 1. Check logs 2. Verify memory 3. Review recent changes,0.8,payments-team
INC542,CONF830,Oauth-Provider Operations Guide,"Monitor status, check for CPU, review parameters settings",0.85,observability-team
INC543,CONF831,Payment Architecture,"Monitor configuration, check for network, review parameters settings",0.95,observability-team
INC543,CONF832,Rabbitmq Performance Tuning,For health: 1. Check CPU status 2. Verify limits 3. Review logs,0.93,security-team
INC544,CONF833,Fulfillment Incident Response,Steps: 1. Check status 2. Verify network 3. Review recent changes,0.96,search-team
INC544,CONF834,Fulfillment Troubleshooting Guide,"Monitor logs, check for network, review settings settings",0.78,payments-team
INC545,CONF835,Reporting Troubleshooting Guide,Steps: 1. Check logs 2. Verify CPU 3. Review recent changes,0.78,ops-team
INC545,CONF836,Fluentd SLA Requirements,health uses disk that can be intensive. Monitor parameters and consider pagination for large batches,0.78,security-team
INC546,CONF837,Search Troubleshooting Guide,"Monitor health, check for CPU, review settings settings",0.95,infra-team
INC547,CONF838,Frontend SLA Requirements,configuration uses network that can be intensive. Monitor limits and consider pagination for large batches,0.9,security-team
INC547,CONF839,Order Troubleshooting Guide,logs uses CPU that can be intensive. Monitor limits and consider pagination for large batches,0.89,identity-team
INC548,CONF840,Auth Troubleshooting Guide,Steps: 1. Check status 2. Verify CPU 3. Review recent changes,0.72,dba-team
INC549,CONF841,Elasticsearch SLA Requirements,For health: 1. Check disk status 2. Verify limits 3. Review logs,0.82,identity-team
INC550,CONF842,Rate-Limiter Operations Guide,"Monitor logs, check for CPU, review parameters settings",0.83,dba-team
INC551,CONF843,Auth Troubleshooting Guide,Steps: 1. Check configuration 2. Verify network 3. Review recent changes,0.78,identity-team
INC552,CONF844,Kubernetes Operations Guide,"Monitor configuration, check for disk, review parameters settings",0.84,api-team
INC552,CONF845,Session Architecture,For logs: 1. Check CPU status 2. Verify settings 3. Review logs,0.79,security-team
INC553,CONF846,Reporting Operations Guide,For status: 1. Check CPU status 2. Verify parameters 3. Review logs,0.81,platform-team
INC554,CONF847,Frontend Incident Response,Steps: 1. Check health 2. Verify memory 3. Review recent changes,0.71,security-team
INC554,CONF848,Fulfillment Incident Response,"Monitor health, check for network, review limits settings",0.73,devops-team
INC555,CONF849,Product Configuration Guide,"For configuration issues, first check the network dashboard",0.88,payments-team
INC556,CONF850,Search Disaster Recovery,For health: 1. Check CPU status 2. Verify settings 3. Review logs,0.73,platform-team
INC556,CONF851,Oauth-Provider Troubleshooting Guide,Steps: 1. Check logs 2. Verify CPU 3. Review recent changes,0.86,platform-team
INC557,CONF852,Rate-Limiter Incident Response,logs uses memory that can be intensive. Monitor settings and consider pagination for large batches,0.86,infra-team
INC557,CONF853,Logging Architecture,"For status issues, first check the network dashboard",0.82,ops-team
INC558,CONF854,Checkout Troubleshooting Guide,"Monitor configuration, check for disk, review settings settings",0.81,api-team
INC558,CONF855,Session Operations Guide,"Monitor logs, check for disk, review parameters settings",0.8,observability-team
INC559,CONF856,Ci-Cd Operations Guide,"Monitor health, check for memory, review settings settings",0.83,dba-team
INC560,CONF857,Kubernetes Service Runbook,"For logs issues, first check the memory dashboard",0.94,api-team
INC561,CONF858,Fluentd Incident Response,For status: 1. Check disk status 2. Verify limits 3. Review logs,0.89,infra-team
INC561,CONF859,Api-Gateway Disaster Recovery,"Monitor configuration, check for CPU, review settings settings",0.93,identity-team
INC562,CONF860,Search Configuration Guide,For configuration: 1. Check disk status 2. Verify settings 3. Review logs,0.93,api-team
INC562,CONF861,Payment Disaster Recovery,"Monitor logs, check for network, review limits settings",0.95,ops-team
INC563,CONF862,Cdn Incident Response,logs uses CPU that can be intensive. Monitor limits and consider pagination for large batches,0.82,observability-team
INC564,CONF863,Read-Replica Incident Response,Steps: 1. Check configuration 2. Verify memory 3. Review recent changes,0.92,api-team
INC565,CONF864,Rabbitmq Service Runbook,Steps: 1. Check logs 2. Verify network 3. Review recent changes,0.73,security-team
INC565,CONF865,Rabbitmq Monitoring Setup,configuration uses disk that can be intensive. Monitor parameters and consider pagination for large batches,0.91,payments-team
INC566,CONF866,Fluentd Configuration Guide,health uses network that can be intensive. Monitor limits and consider pagination for large batches,0.73,dba-team
INC566,CONF867,Product Architecture,"For logs issues, first check the CPU dashboard",0.79,api-team
INC567,CONF868,Oauth-Provider Service Runbook,logs uses network that can be intensive. Monitor limits and consider pagination for large batches,0.91,api-team
INC568,CONF869,Search Incident Response,For health: 1. Check network status 2. Verify limits 3. Review logs,0.8,api-team
INC568,CONF870,Elasticsearch Configuration Guide,"For logs issues, first check the disk dashboard",0.87,identity-team
INC569,CONF871,Database Incident Response,health uses CPU that can be intensive. Monitor settings and consider pagination for large batches,0.79,search-team
INC569,CONF872,Kubernetes Incident Response,health uses memory that can be intensive. Monitor parameters and consider pagination for large batches,0.96,infra-team
INC570,CONF873,Product Service Runbook,"Monitor configuration, check for CPU, review limits settings",0.77,search-team
INC571,CONF874,Rate-Limiter Incident Response,"Monitor status, check for CPU, review parameters settings",0.96,devops-team
INC571,CONF875,Database Architecture,"Monitor configuration, check for CPU, review parameters settings",0.79,platform-team
INC572,CONF876,Cdn Incident Response,status uses memory that can be intensive. Monitor parameters and consider pagination for large batches,0.88,identity-team
INC572,CONF877,Auth Performance Tuning,"Monitor health, check for CPU, review settings settings",0.9,security-team
INC573,CONF878,Database Performance Tuning,status uses memory that can be intensive. Monitor parameters and consider pagination for large batches,0.8,security-team
INC573,CONF879,Ci-Cd SLA Requirements,For logs: 1. Check network status 2. Verify limits 3. Review logs,0.84,security-team
INC574,CONF880,Elasticsearch Performance Tuning,logs uses network that can be intensive. Monitor settings and consider pagination for large batches,0.81,dba-team
INC574,CONF881,Rate-Limiter Configuration Guide,For health: 1. Check memory status 2. Verify parameters 3. Review logs,0.81,devops-team
INC575,CONF882,Reporting Operations Guide,"For configuration issues, first check the memory dashboard",0.79,infra-team
INC575,CONF883,Database Troubleshooting Guide,For logs: 1. Check network status 2. Verify parameters 3. Review logs,0.79,platform-team
INC576,CONF884,Kubernetes Incident Response,configuration uses memory that can be intensive. Monitor parameters and consider pagination for large batches,0.83,observability-team
INC576,CONF885,Session Configuration Guide,For health: 1. Check network status 2. Verify parameters 3. Review logs,0.75,identity-team
INC577,CONF886,Search Disaster Recovery,Steps: 1. Check logs 2. Verify memory 3. Review recent changes,0.86,payments-team
INC577,CONF887,User SLA Requirements,Steps: 1. Check logs 2. Verify network 3. Review recent changes,0.81,infra-team
INC578,CONF888,User Monitoring Setup,status uses memory that can be intensive. Monitor settings and consider pagination for large batches,0.82,api-team
INC578,CONF889,Auth Troubleshooting Guide,For health: 1. Check memory status 2. Verify settings 3. Review logs,0.9,platform-team
INC579,CONF890,Auth Disaster Recovery,"For status issues, first check the disk dashboard",0.76,identity-team
INC579,CONF891,Rabbitmq Configuration Guide,"For configuration issues, first check the CPU dashboard",0.84,security-team
INC580,CONF892,Ci-Cd Configuration Guide,For configuration: 1. Check network status 2. Verify settings 3. Review logs,0.87,identity-team
INC581,CONF893,Kubernetes Disaster Recovery,"Monitor logs, check for CPU, review settings settings",0.76,search-team
INC582,CONF894,Payment Monitoring Setup,For logs: 1. Check network status 2. Verify parameters 3. Review logs,0.81,platform-team
INC583,CONF895,Product Disaster Recovery,Steps: 1. Check health 2. Verify memory 3. Review recent changes,0.91,ops-team
INC583,CONF896,Rabbitmq Architecture,Steps: 1. Check configuration 2. Verify disk 3. Review recent changes,0.88,devops-team
INC584,CONF897,Notification Performance Tuning,For configuration: 1. Check memory status 2. Verify limits 3. Review logs,0.88,infra-team
INC584,CONF898,Product Incident Response,"Monitor status, check for CPU, review parameters settings",0.76,search-team
INC585,CONF899,Session Architecture,For configuration: 1. Check network status 2. Verify limits 3. Review logs,0.76,ops-team
INC585,CONF900,Kubernetes Performance Tuning,logs uses memory that can be intensive. Monitor limits and consider pagination for large batches,0.91,security-team
INC586,CONF901,Notification Disaster Recovery,Steps: 1. Check logs 2. Verify memory 3. Review recent changes,0.71,platform-team
INC586,CONF902,Product SLA Requirements,"For status issues, first check the disk dashboard",0.86,platform-team
INC587,CONF903,Kubernetes Operations Guide,"Monitor status, check for disk, review settings settings",0.8,dba-team
INC588,CONF904,Rabbitmq Incident Response,"For configuration issues, first check the network dashboard",0.92,security-team
INC588,CONF905,Oauth-Provider Configuration Guide,"For logs issues, first check the disk dashboard",0.83,security-team
INC589,CONF906,Api-Gateway Disaster Recovery,Steps: 1. Check configuration 2. Verify network 3. Review recent changes,0.8,platform-team
INC589,CONF907,Fulfillment Performance Tuning,logs uses CPU that can be intensive. Monitor settings and consider pagination for large batches,0.92,search-team
INC590,CONF908,Elasticsearch Service Runbook,"Monitor logs, check for memory, review settings settings",0.87,devops-team
INC590,CONF909,Payment Troubleshooting Guide,Steps: 1. Check configuration 2. Verify network 3. Review recent changes,0.72,observability-team
INC591,CONF910,Rate-Limiter Incident Response,Steps: 1. Check health 2. Verify memory 3. Review recent changes,0.9,dba-team
INC592,CONF911,Rate-Limiter Architecture,"For logs issues, first check the network dashboard",0.81,platform-team
INC592,CONF912,Read-Replica Incident Response,Steps: 1. Check configuration 2. Verify disk 3. Review recent changes,0.91,observability-team
INC593,CONF913,Api-Gateway Troubleshooting Guide,For status: 1. Check CPU status 2. Verify settings 3. Review logs,0.93,search-team
INC593,CONF914,Auth Service Runbook,Steps: 1. Check configuration 2. Verify CPU 3. Review recent changes,0.8,api-team
INC594,CONF915,Load-Balancer Service Runbook,"For logs issues, first check the network dashboard",0.71,ops-team
INC595,CONF916,Cache Incident Response,For status: 1. Check network status 2. Verify parameters 3. Review logs,0.79,security-team
INC596,CONF917,Email Incident Response,Steps: 1. Check status 2. Verify network 3. Review recent changes,0.94,infra-team
INC597,CONF918,Oauth-Provider Architecture,"For status issues, first check the disk dashboard",0.87,dba-team
INC597,CONF919,Load-Balancer Service Runbook,Steps: 1. Check health 2. Verify CPU 3. Review recent changes,0.74,platform-team
INC598,CONF920,Load-Balancer Service Runbook,For status: 1. Check memory status 2. Verify limits 3. Review logs,0.88,identity-team
INC599,CONF921,Auth Troubleshooting Guide,health uses memory that can be intensive. Monitor limits and consider pagination for large batches,0.8,search-team
INC599,CONF922,Kubernetes Operations Guide,For logs: 1. Check disk status 2. Verify settings 3. Review logs,0.74,infra-team
INC600,CONF923,Cache Service Runbook,"For configuration issues, first check the network dashboard",0.92,api-team
INC600,CONF924,Api-Gateway Service Runbook,For health: 1. Check network status 2. Verify parameters 3. Review logs,0.79,api-team
INC601,CONF925,Elasticsearch SLA Requirements,"For health issues, first check the network dashboard",0.95,search-team
INC602,CONF926,Load-Balancer Troubleshooting Guide,"For logs issues, first check the disk dashboard",0.9,platform-team
INC602,CONF927,Rate-Limiter Operations Guide,logs uses disk that can be intensive. Monitor parameters and consider pagination for large batches,0.71,observability-team
INC603,CONF928,Read-Replica Operations Guide,"Monitor logs, check for memory, review parameters settings",0.82,observability-team
INC603,CONF929,Load-Balancer Troubleshooting Guide,"Monitor status, check for memory, review parameters settings",0.8,security-team
INC604,CONF930,Cdn Troubleshooting Guide,For configuration: 1. Check disk status 2. Verify settings 3. Review logs,0.9,security-team
INC604,CONF931,Search Incident Response,"Monitor health, check for memory, review parameters settings",0.9,payments-team
INC605,CONF932,Session Service Runbook,For health: 1. Check disk status 2. Verify settings 3. Review logs,0.8,dba-team
INC606,CONF933,Rabbitmq Service Runbook,configuration uses CPU that can be intensive. Monitor parameters and consider pagination for large batches,0.71,devops-team
INC607,CONF934,Database Configuration Guide,For logs: 1. Check CPU status 2. Verify settings 3. Review logs,0.77,identity-team
INC608,CONF935,Session Service Runbook,"Monitor status, check for CPU, review settings settings",0.89,observability-team
INC608,CONF936,Rate-Limiter Incident Response,Steps: 1. Check health 2. Verify CPU 3. Review recent changes,0.72,dba-team
INC609,CONF937,Oauth-Provider Architecture,For logs: 1. Check memory status 2. Verify parameters 3. Review logs,0.83,infra-team
INC610,CONF938,Session Troubleshooting Guide,"For configuration issues, first check the network dashboard",0.89,security-team
INC610,CONF939,Order Monitoring Setup,"Monitor status, check for network, review parameters settings",0.95,observability-team
INC611,CONF940,Container-Registry Incident Response,Steps: 1. Check health 2. Verify disk 3. Review recent changes,0.72,search-team
INC612,CONF941,Frontend Architecture,"Monitor logs, check for memory, review limits settings",0.94,payments-team
INC612,CONF942,Elasticsearch Disaster Recovery,logs uses disk that can be intensive. Monitor limits and consider pagination for large batches,0.73,security-team
INC613,CONF943,Cache SLA Requirements,Steps: 1. Check logs 2. Verify network 3. Review recent changes,0.71,identity-team
INC614,CONF944,Auth Configuration Guide,Steps: 1. Check logs 2. Verify CPU 3. Review recent changes,0.88,platform-team
INC614,CONF945,Auth Monitoring Setup,Steps: 1. Check logs 2. Verify disk 3. Review recent changes,0.77,infra-team
INC615,CONF946,Product SLA Requirements,logs uses network that can be intensive. Monitor limits and consider pagination for large batches,0.86,devops-team
INC615,CONF947,Database Incident Response,Steps: 1. Check logs 2. Verify disk 3. Review recent changes,0.73,search-team
INC616,CONF948,Elasticsearch Disaster Recovery,"For status issues, first check the memory dashboard",0.85,observability-team
INC617,CONF949,Notification Operations Guide,Steps: 1. Check status 2. Verify network 3. Review recent changes,0.74,payments-team
INC618,CONF950,Fulfillment SLA Requirements,status uses memory that can be intensive. Monitor parameters and consider pagination for large batches,0.95,observability-team
INC619,CONF951,Rate-Limiter Operations Guide,Steps: 1. Check health 2. Verify memory 3. Review recent changes,0.9,infra-team
INC619,CONF952,Rabbitmq SLA Requirements,For configuration: 1. Check CPU status 2. Verify limits 3. Review logs,0.82,platform-team
INC620,CONF953,Elasticsearch Disaster Recovery,For health: 1. Check network status 2. Verify settings 3. Review logs,0.87,api-team
INC620,CONF954,Search Performance Tuning,status uses network that can be intensive. Monitor limits and consider pagination for large batches,0.76,payments-team
INC621,CONF955,Kubernetes Troubleshooting Guide,For health: 1. Check memory status 2. Verify parameters 3. Review logs,0.83,api-team
INC622,CONF956,Kubernetes Service Runbook,status uses network that can be intensive. Monitor limits and consider pagination for large batches,0.87,dba-team
INC623,CONF957,User Incident Response,"For configuration issues, first check the CPU dashboard",0.79,devops-team
INC624,CONF958,Order SLA Requirements,logs uses disk that can be intensive. Monitor settings and consider pagination for large batches,0.81,search-team
INC625,CONF959,Rabbitmq Performance Tuning,configuration uses disk that can be intensive. Monitor limits and consider pagination for large batches,0.75,ops-team
INC625,CONF960,Payment Troubleshooting Guide,"Monitor status, check for disk, review limits settings",0.83,api-team
INC626,CONF961,Fulfillment Troubleshooting Guide,"For status issues, first check the CPU dashboard",0.79,payments-team
INC627,CONF962,Fulfillment Configuration Guide,"Monitor health, check for disk, review limits settings",0.91,devops-team
INC628,CONF963,Load-Balancer Architecture,For logs: 1. Check network status 2. Verify limits 3. Review logs,0.94,devops-team
INC628,CONF964,Order Operations Guide,Steps: 1. Check health 2. Verify network 3. Review recent changes,0.8,infra-team
INC629,CONF965,Session Monitoring Setup,"For status issues, first check the network dashboard",0.77,dba-team
INC629,CONF966,Email Troubleshooting Guide,"Monitor logs, check for network, review limits settings",0.84,observability-team
INC630,CONF967,Cdn Troubleshooting Guide,"Monitor status, check for disk, review parameters settings",0.86,search-team
INC630,CONF968,Session Troubleshooting Guide,"Monitor logs, check for network, review limits settings",0.92,dba-team
INC631,CONF969,Load-Balancer Monitoring Setup,"For health issues, first check the CPU dashboard",0.7,infra-team
INC631,CONF970,Container-Registry Incident Response,For health: 1. Check memory status 2. Verify parameters 3. Review logs,0.81,dba-team
INC632,CONF971,Notification Service Runbook,Steps: 1. Check health 2. Verify CPU 3. Review recent changes,0.91,infra-team
INC632,CONF972,Fulfillment Service Runbook,For configuration: 1. Check disk status 2. Verify parameters 3. Review logs,0.78,ops-team
INC633,CONF973,Read-Replica Monitoring Setup,Steps: 1. Check configuration 2. Verify memory 3. Review recent changes,0.78,security-team
INC634,CONF974,Read-Replica Performance Tuning,"For configuration issues, first check the network dashboard",0.74,observability-team
INC634,CONF975,Email SLA Requirements,"For health issues, first check the CPU dashboard",0.74,security-team
INC635,CONF976,Search Service Runbook,"Monitor health, check for network, review settings settings",0.79,security-team
INC635,CONF977,Oauth-Provider Operations Guide,Steps: 1. Check health 2. Verify disk 3. Review recent changes,0.83,observability-team
INC636,CONF978,Elasticsearch Troubleshooting Guide,"Monitor health, check for memory, review limits settings",0.89,infra-team
INC636,CONF979,Read-Replica Service Runbook,"Monitor health, check for network, review parameters settings",0.89,observability-team
INC637,CONF980,Payment Service Runbook,Steps: 1. Check health 2. Verify disk 3. Review recent changes,0.86,platform-team
INC637,CONF981,Cache Troubleshooting Guide,"Monitor health, check for CPU, review parameters settings",0.85,observability-team
INC638,CONF982,Rate-Limiter Architecture,"For logs issues, first check the disk dashboard",0.86,security-team
INC639,CONF983,Rabbitmq Monitoring Setup,For configuration: 1. Check disk status 2. Verify settings 3. Review logs,0.83,infra-team
INC639,CONF984,Notification Disaster Recovery,Steps: 1. Check status 2. Verify CPU 3. Review recent changes,0.92,payments-team
INC640,CONF985,User Configuration Guide,"Monitor logs, check for memory, review parameters settings",0.91,identity-team
INC641,CONF986,Payment Service Runbook,"Monitor health, check for memory, review parameters settings",0.75,identity-team
INC641,CONF987,Fulfillment Operations Guide,Steps: 1. Check status 2. Verify CPU 3. Review recent changes,0.96,security-team
INC642,CONF988,Email Disaster Recovery,logs uses CPU that can be intensive. Monitor settings and consider pagination for large batches,0.81,platform-team
INC643,CONF989,Product Configuration Guide,"For health issues, first check the CPU dashboard",0.95,payments-team
INC644,CONF990,Frontend SLA Requirements,For health: 1. Check CPU status 2. Verify settings 3. Review logs,0.9,platform-team
INC644,CONF991,Search Disaster Recovery,Steps: 1. Check configuration 2. Verify disk 3. Review recent changes,0.76,identity-team
INC645,CONF992,Oauth-Provider Monitoring Setup,For logs: 1. Check disk status 2. Verify settings 3. Review logs,0.76,platform-team
INC646,CONF993,Notification Performance Tuning,Steps: 1. Check configuration 2. Verify memory 3. Review recent changes,0.76,security-team
INC647,CONF994,Read-Replica Monitoring Setup,"For health issues, first check the disk dashboard",0.9,api-team
INC648,CONF995,Fulfillment Troubleshooting Guide,"For logs issues, first check the network dashboard",0.7,dba-team
INC648,CONF996,Email Operations Guide,For logs: 1. Check disk status 2. Verify parameters 3. Review logs,0.83,api-team
INC649,CONF997,Rate-Limiter Troubleshooting Guide,status uses disk that can be intensive. Monitor settings and consider pagination for large batches,0.89,dba-team
INC649,CONF998,Search Incident Response,logs uses disk that can be intensive. Monitor settings and consider pagination for large batches,0.81,devops-team
INC650,CONF999,Notification SLA Requirements,status uses network that can be intensive. Monitor limits and consider pagination for large batches,0.9,devops-team
INC651,CONF1000,Notification Architecture,Steps: 1. Check logs 2. Verify network 3. Review recent changes,0.86,ops-team
INC652,CONF1001,Oauth-Provider Operations Guide,health uses disk that can be intensive. Monitor parameters and consider pagination for large batches,0.73,infra-team
INC653,CONF1002,Order Performance Tuning,Steps: 1. Check logs 2. Verify memory 3. Review recent changes,0.82,payments-team
INC653,CONF1003,Read-Replica Performance Tuning,Steps: 1. Check logs 2. Verify disk 3. Review recent changes,0.7,platform-team
INC654,CONF1004,Ci-Cd Monitoring Setup,For health: 1. Check memory status 2. Verify parameters 3. Review logs,0.85,search-team
INC654,CONF1005,Elasticsearch Operations Guide,"For configuration issues, first check the memory dashboard",0.87,platform-team
INC655,CONF1006,Read-Replica SLA Requirements,Steps: 1. Check logs 2. Verify network 3. Review recent changes,0.82,devops-team
INC655,CONF1007,Checkout Performance Tuning,"Monitor health, check for disk, review limits settings",0.82,identity-team
INC656,CONF1008,User Service Runbook,For health: 1. Check memory status 2. Verify parameters 3. Review logs,0.85,identity-team
INC657,CONF1009,Reporting Disaster Recovery,"Monitor configuration, check for CPU, review limits settings",0.96,search-team
INC658,CONF1010,Reporting Operations Guide,"For status issues, first check the CPU dashboard",0.93,platform-team
INC659,CONF1011,Cdn Monitoring Setup,status uses disk that can be intensive. Monitor settings and consider pagination for large batches,0.75,identity-team
INC659,CONF1012,Api-Gateway Architecture,For health: 1. Check disk status 2. Verify limits 3. Review logs,0.81,platform-team
INC660,CONF1013,User Operations Guide,"Monitor logs, check for CPU, review settings settings",0.87,ops-team
INC660,CONF1014,Database Monitoring Setup,For health: 1. Check memory status 2. Verify parameters 3. Review logs,0.84,identity-team
INC661,CONF1015,Oauth-Provider Architecture,Steps: 1. Check status 2. Verify disk 3. Review recent changes,0.93,dba-team
INC661,CONF1016,Read-Replica Monitoring Setup,health uses CPU that can be intensive. Monitor settings and consider pagination for large batches,0.79,dba-team
INC662,CONF1017,Reporting Incident Response,Steps: 1. Check status 2. Verify disk 3. Review recent changes,0.89,security-team
INC662,CONF1018,Load-Balancer Operations Guide,"For health issues, first check the disk dashboard",0.79,observability-team
INC663,CONF1019,Database Operations Guide,For configuration: 1. Check CPU status 2. Verify settings 3. Review logs,0.75,devops-team
INC664,CONF1020,Reporting Incident Response,"For logs issues, first check the memory dashboard",0.91,api-team
INC665,CONF1021,Database Disaster Recovery,logs uses memory that can be intensive. Monitor settings and consider pagination for large batches,0.84,infra-team
INC665,CONF1022,Oauth-Provider Troubleshooting Guide,For configuration: 1. Check disk status 2. Verify parameters 3. Review logs,0.93,payments-team
INC666,CONF1023,Oauth-Provider SLA Requirements,configuration uses disk that can be intensive. Monitor parameters and consider pagination for large batches,0.74,dba-team
INC667,CONF1024,Ci-Cd Monitoring Setup,"Monitor logs, check for CPU, review limits settings",0.73,infra-team
INC667,CONF1025,Ci-Cd SLA Requirements,"Monitor status, check for CPU, review parameters settings",0.85,search-team
INC668,CONF1026,Oauth-Provider Configuration Guide,"For status issues, first check the network dashboard",0.74,payments-team
INC668,CONF1027,Database Configuration Guide,For configuration: 1. Check network status 2. Verify parameters 3. Review logs,0.87,ops-team
INC669,CONF1028,Logging SLA Requirements,"Monitor health, check for memory, review limits settings",0.74,ops-team
INC670,CONF1029,Frontend Monitoring Setup,For status: 1. Check memory status 2. Verify limits 3. Review logs,0.74,payments-team
INC671,CONF1030,Ci-Cd Monitoring Setup,For logs: 1. Check memory status 2. Verify settings 3. Review logs,0.79,dba-team
INC672,CONF1031,Container-Registry Configuration Guide,For logs: 1. Check memory status 2. Verify limits 3. Review logs,0.81,search-team
INC672,CONF1032,Api-Gateway Configuration Guide,Steps: 1. Check status 2. Verify CPU 3. Review recent changes,0.8,observability-team
INC673,CONF1033,User Monitoring Setup,For configuration: 1. Check memory status 2. Verify parameters 3. Review logs,0.87,observability-team
INC673,CONF1034,Fluentd Service Runbook,"Monitor status, check for disk, review settings settings",0.83,dba-team
INC674,CONF1035,Container-Registry Troubleshooting Guide,health uses network that can be intensive. Monitor limits and consider pagination for large batches,0.72,platform-team
INC674,CONF1036,Frontend Configuration Guide,"Monitor logs, check for network, review limits settings",0.91,infra-team
INC675,CONF1037,Fulfillment Operations Guide,Steps: 1. Check health 2. Verify network 3. Review recent changes,0.86,api-team
INC676,CONF1038,Product Configuration Guide,For configuration: 1. Check CPU status 2. Verify parameters 3. Review logs,0.95,payments-team
INC676,CONF1039,User Architecture,Steps: 1. Check health 2. Verify disk 3. Review recent changes,0.93,identity-team
INC677,CONF1040,Container-Registry Performance Tuning,configuration uses memory that can be intensive. Monitor settings and consider pagination for large batches,0.94,search-team
INC677,CONF1041,Checkout SLA Requirements,"For configuration issues, first check the disk dashboard",0.94,identity-team
INC678,CONF1042,Database Troubleshooting Guide,"For status issues, first check the network dashboard",0.96,devops-team
INC679,CONF1043,Rabbitmq Configuration Guide,Steps: 1. Check health 2. Verify disk 3. Review recent changes,0.86,identity-team
INC679,CONF1044,Logging Configuration Guide,Steps: 1. Check health 2. Verify disk 3. Review recent changes,0.76,search-team
INC680,CONF1045,Container-Registry Troubleshooting Guide,"For configuration issues, first check the network dashboard",0.81,ops-team
INC680,CONF1046,Payment Performance Tuning,logs uses CPU that can be intensive. Monitor settings and consider pagination for large batches,0.78,platform-team
INC681,CONF1047,Search Configuration Guide,"For logs issues, first check the CPU dashboard",0.92,infra-team
INC681,CONF1048,Session Architecture,logs uses CPU that can be intensive. Monitor settings and consider pagination for large batches,0.72,payments-team
INC682,CONF1049,Checkout Troubleshooting Guide,For configuration: 1. Check CPU status 2. Verify settings 3. Review logs,0.89,identity-team
INC682,CONF1050,Reporting Monitoring Setup,configuration uses CPU that can be intensive. Monitor limits and consider pagination for large batches,0.87,observability-team
INC683,CONF1051,Rabbitmq SLA Requirements,"For health issues, first check the CPU dashboard",0.72,platform-team
INC683,CONF1052,Search SLA Requirements,"For status issues, first check the memory dashboard",0.91,api-team
INC684,CONF1053,Cache Configuration Guide,"For health issues, first check the memory dashboard",0.95,observability-team
INC685,CONF1054,Database Disaster Recovery,configuration uses CPU that can be intensive. Monitor limits and consider pagination for large batches,0.9,dba-team
INC686,CONF1055,Logging Architecture,"For configuration issues, first check the CPU dashboard",0.82,platform-team
INC687,CONF1056,Fluentd Incident Response,"Monitor health, check for CPU, review parameters settings",0.95,search-team
INC687,CONF1057,Cache Performance Tuning,configuration uses disk that can be intensive. Monitor settings and consider pagination for large batches,0.9,dba-team
INC688,CONF1058,Order Operations Guide,For health: 1. Check disk status 2. Verify parameters 3. Review logs,0.86,security-team
INC689,CONF1059,User Troubleshooting Guide,For logs: 1. Check CPU status 2. Verify parameters 3. Review logs,0.96,dba-team
INC690,CONF1060,Rabbitmq Disaster Recovery,"For health issues, first check the disk dashboard",0.77,identity-team
INC691,CONF1061,Read-Replica Performance Tuning,"For logs issues, first check the CPU dashboard",0.79,payments-team
INC692,CONF1062,Kubernetes Troubleshooting Guide,"For configuration issues, first check the network dashboard",0.79,security-team
INC692,CONF1063,Database SLA Requirements,For health: 1. Check CPU status 2. Verify limits 3. Review logs,0.89,search-team
INC693,CONF1064,Ci-Cd Operations Guide,"Monitor logs, check for CPU, review settings settings",0.87,devops-team
INC694,CONF1065,Notification Operations Guide,"Monitor configuration, check for network, review limits settings",0.93,dba-team
INC695,CONF1066,Logging Monitoring Setup,Steps: 1. Check logs 2. Verify memory 3. Review recent changes,0.94,dba-team
INC696,CONF1067,Search Disaster Recovery,For configuration: 1. Check memory status 2. Verify parameters 3. Review logs,0.94,platform-team
INC697,CONF1068,Fulfillment SLA Requirements,Steps: 1. Check logs 2. Verify memory 3. Review recent changes,0.89,infra-team
INC697,CONF1069,Payment Service Runbook,For status: 1. Check network status 2. Verify limits 3. Review logs,0.73,dba-team
INC698,CONF1070,Cdn Performance Tuning,"Monitor status, check for network, review limits settings",0.83,infra-team
INC699,CONF1071,Cache Operations Guide,status uses disk that can be intensive. Monitor limits and consider pagination for large batches,0.95,api-team
INC699,CONF1072,Database Troubleshooting Guide,Steps: 1. Check configuration 2. Verify network 3. Review recent changes,0.71,dba-team
INC700,CONF1073,Container-Registry Troubleshooting Guide,status uses disk that can be intensive. Monitor limits and consider pagination for large batches,0.76,payments-team
INC700,CONF1074,Cdn Incident Response,"For configuration issues, first check the memory dashboard",0.81,observability-team
INC701,CONF1075,Auth Performance Tuning,health uses CPU that can be intensive. Monitor limits and consider pagination for large batches,0.83,identity-team
INC701,CONF1076,Read-Replica Incident Response,For status: 1. Check disk status 2. Verify limits 3. Review logs,0.94,infra-team
INC702,CONF1077,Ci-Cd Incident Response,"Monitor status, check for memory, review limits settings",0.85,platform-team
INC702,CONF1078,Load-Balancer Configuration Guide,"For logs issues, first check the network dashboard",0.78,api-team
INC703,CONF1079,Order Operations Guide,For status: 1. Check CPU status 2. Verify parameters 3. Review logs,0.95,api-team
INC703,CONF1080,Payment Disaster Recovery,For status: 1. Check disk status 2. Verify settings 3. Review logs,0.89,security-team
INC704,CONF1081,Frontend Service Runbook,"Monitor health, check for CPU, review limits settings",0.89,dba-team
INC705,CONF1082,Database Performance Tuning,"Monitor logs, check for disk, review settings settings",0.79,payments-team
INC705,CONF1083,Elasticsearch SLA Requirements,"For status issues, first check the memory dashboard",0.95,dba-team
INC706,CONF1084,Logging Disaster Recovery,"For health issues, first check the memory dashboard",0.78,devops-team
INC706,CONF1085,Search Incident Response,health uses disk that can be intensive. Monitor limits and consider pagination for large batches,0.72,devops-team
INC707,CONF1086,Product Configuration Guide,Steps: 1. Check status 2. Verify network 3. Review recent changes,0.91,identity-team
INC707,CONF1087,Checkout Troubleshooting Guide,logs uses CPU that can be intensive. Monitor limits and consider pagination for large batches,0.86,ops-team
INC708,CONF1088,Ci-Cd Monitoring Setup,health uses network that can be intensive. Monitor parameters and consider pagination for large batches,0.73,api-team
INC708,CONF1089,Search Performance Tuning,"For health issues, first check the disk dashboard",0.72,dba-team
INC709,CONF1090,Notification SLA Requirements,logs uses memory that can be intensive. Monitor settings and consider pagination for large batches,0.89,infra-team
INC710,CONF1091,Load-Balancer Disaster Recovery,"For logs issues, first check the CPU dashboard",0.92,payments-team
INC710,CONF1092,Logging Configuration Guide,"For status issues, first check the disk dashboard",0.88,security-team
INC711,CONF1093,Notification SLA Requirements,Steps: 1. Check health 2. Verify CPU 3. Review recent changes,0.87,observability-team
INC711,CONF1094,Reporting Architecture,status uses network that can be intensive. Monitor parameters and consider pagination for large batches,0.78,observability-team
INC712,CONF1095,Session Service Runbook,"Monitor configuration, check for CPU, review settings settings",0.85,payments-team
INC713,CONF1096,Search Operations Guide,For logs: 1. Check memory status 2. Verify limits 3. Review logs,0.77,observability-team
INC713,CONF1097,Reporting Architecture,"Monitor health, check for memory, review parameters settings",0.82,security-team
INC714,CONF1098,Oauth-Provider SLA Requirements,"For logs issues, first check the CPU dashboard",0.87,observability-team
INC715,CONF1099,Ci-Cd SLA Requirements,Steps: 1. Check status 2. Verify CPU 3. Review recent changes,0.87,dba-team
INC716,CONF1100,Notification Troubleshooting Guide,Steps: 1. Check logs 2. Verify disk 3. Review recent changes,0.96,observability-team
INC717,CONF1101,Rabbitmq SLA Requirements,Steps: 1. Check configuration 2. Verify CPU 3. Review recent changes,0.8,ops-team
INC717,CONF1102,Api-Gateway Configuration Guide,For logs: 1. Check disk status 2. Verify limits 3. Review logs,0.82,identity-team
INC718,CONF1103,Api-Gateway Troubleshooting Guide,"Monitor health, check for CPU, review settings settings",0.77,search-team
INC718,CONF1104,Logging Troubleshooting Guide,Steps: 1. Check health 2. Verify memory 3. Review recent changes,0.87,api-team
INC719,CONF1105,Cdn Incident Response,"Monitor logs, check for CPU, review parameters settings",0.92,security-team
INC719,CONF1106,Product Configuration Guide,status uses memory that can be intensive. Monitor limits and consider pagination for large batches,0.87,identity-team
INC720,CONF1107,Api-Gateway Operations Guide,Steps: 1. Check configuration 2. Verify network 3. Review recent changes,0.84,ops-team
INC720,CONF1108,Auth Disaster Recovery,"For status issues, first check the memory dashboard",0.86,infra-team
INC721,CONF1109,Logging Configuration Guide,"For health issues, first check the CPU dashboard",0.83,ops-team
INC721,CONF1110,Kubernetes Troubleshooting Guide,health uses disk that can be intensive. Monitor parameters and consider pagination for large batches,0.76,observability-team
INC722,CONF1111,Load-Balancer Architecture,Steps: 1. Check configuration 2. Verify memory 3. Review recent changes,0.74,platform-team
INC722,CONF1112,Auth Disaster Recovery,health uses disk that can be intensive. Monitor settings and consider pagination for large batches,0.85,infra-team
INC723,CONF1113,Rate-Limiter Disaster Recovery,health uses CPU that can be intensive. Monitor settings and consider pagination for large batches,0.82,payments-team
INC724,CONF1114,Cdn Configuration Guide,Steps: 1. Check logs 2. Verify network 3. Review recent changes,0.81,identity-team
INC725,CONF1115,Search Troubleshooting Guide,For health: 1. Check CPU status 2. Verify settings 3. Review logs,0.73,platform-team
INC725,CONF1116,Container-Registry Disaster Recovery,logs uses disk that can be intensive. Monitor limits and consider pagination for large batches,0.75,security-team
INC726,CONF1117,Oauth-Provider Configuration Guide,Steps: 1. Check logs 2. Verify network 3. Review recent changes,0.82,platform-team
INC726,CONF1118,Frontend Disaster Recovery,Steps: 1. Check status 2. Verify memory 3. Review recent changes,0.92,observability-team
INC727,CONF1119,Read-Replica Troubleshooting Guide,configuration uses disk that can be intensive. Monitor parameters and consider pagination for large batches,0.92,payments-team
INC728,CONF1120,Logging Operations Guide,"For logs issues, first check the CPU dashboard",0.8,security-team
INC729,CONF1121,Ci-Cd Monitoring Setup,status uses disk that can be intensive. Monitor parameters and consider pagination for large batches,0.94,dba-team
INC729,CONF1122,Fluentd Performance Tuning,"For health issues, first check the network dashboard",0.89,devops-team
INC730,CONF1123,Cache SLA Requirements,configuration uses CPU that can be intensive. Monitor settings and consider pagination for large batches,0.73,infra-team
INC731,CONF1124,Cdn Architecture,status uses network that can be intensive. Monitor settings and consider pagination for large batches,0.92,ops-team
INC732,CONF1125,Logging Incident Response,For health: 1. Check CPU status 2. Verify settings 3. Review logs,0.84,infra-team
INC732,CONF1126,Checkout Monitoring Setup,"Monitor logs, check for CPU, review limits settings",0.87,search-team
INC733,CONF1127,Oauth-Provider Architecture,Steps: 1. Check logs 2. Verify CPU 3. Review recent changes,0.85,api-team
INC734,CONF1128,Ci-Cd Architecture,Steps: 1. Check configuration 2. Verify disk 3. Review recent changes,0.76,platform-team
INC735,CONF1129,Order Architecture,For health: 1. Check CPU status 2. Verify settings 3. Review logs,0.83,ops-team
INC736,CONF1130,Cdn Architecture,For health: 1. Check network status 2. Verify parameters 3. Review logs,0.93,platform-team
INC737,CONF1131,Frontend Operations Guide,"Monitor configuration, check for CPU, review settings settings",0.9,ops-team
INC738,CONF1132,Order SLA Requirements,For status: 1. Check CPU status 2. Verify settings 3. Review logs,0.83,observability-team
INC739,CONF1133,Fulfillment Service Runbook,"For logs issues, first check the network dashboard",0.86,search-team
INC740,CONF1134,Container-Registry Troubleshooting Guide,health uses CPU that can be intensive. Monitor parameters and consider pagination for large batches,0.92,observability-team
INC740,CONF1135,Container-Registry Configuration Guide,logs uses network that can be intensive. Monitor settings and consider pagination for large batches,0.82,payments-team
INC741,CONF1136,Load-Balancer Performance Tuning,For configuration: 1. Check memory status 2. Verify settings 3. Review logs,0.81,ops-team
INC741,CONF1137,User Incident Response,For health: 1. Check CPU status 2. Verify limits 3. Review logs,0.83,search-team
INC742,CONF1138,Payment Monitoring Setup,"Monitor health, check for CPU, review limits settings",0.87,devops-team
INC742,CONF1139,Fluentd Incident Response,For configuration: 1. Check disk status 2. Verify settings 3. Review logs,0.77,devops-team
INC743,CONF1140,Email Troubleshooting Guide,Steps: 1. Check status 2. Verify network 3. Review recent changes,0.72,security-team
INC744,CONF1141,Oauth-Provider Service Runbook,"Monitor logs, check for memory, review settings settings",0.88,search-team
INC744,CONF1142,Session Disaster Recovery,logs uses CPU that can be intensive. Monitor limits and consider pagination for large batches,0.95,ops-team
INC745,CONF1143,Load-Balancer Disaster Recovery,"Monitor status, check for memory, review parameters settings",0.72,infra-team
INC745,CONF1144,User Disaster Recovery,Steps: 1. Check health 2. Verify memory 3. Review recent changes,0.76,api-team
INC746,CONF1145,Load-Balancer Disaster Recovery,"For status issues, first check the disk dashboard",0.88,api-team
INC746,CONF1146,User Incident Response,For configuration: 1. Check CPU status 2. Verify limits 3. Review logs,0.74,api-team
INC747,CONF1147,Fulfillment Architecture,"Monitor configuration, check for CPU, review settings settings",0.88,devops-team
INC748,CONF1148,Rate-Limiter Monitoring Setup,"For health issues, first check the memory dashboard",0.86,ops-team
INC748,CONF1149,Order Service Runbook,"Monitor configuration, check for disk, review parameters settings",0.86,infra-team
INC749,CONF1150,Kubernetes SLA Requirements,Steps: 1. Check status 2. Verify CPU 3. Review recent changes,0.91,infra-team
INC750,CONF1151,Notification Performance Tuning,configuration uses network that can be intensive. Monitor limits and consider pagination for large batches,0.9,payments-team
INC751,CONF1152,Order Architecture,configuration uses memory that can be intensive. Monitor parameters and consider pagination for large batches,0.74,api-team
INC751,CONF1153,Payment Architecture,"Monitor status, check for CPU, review limits settings",0.74,identity-team
INC752,CONF1154,Product Disaster Recovery,logs uses CPU that can be intensive. Monitor parameters and consider pagination for large batches,0.74,platform-team
INC753,CONF1155,Notification Incident Response,"For configuration issues, first check the network dashboard",0.81,devops-team
INC754,CONF1156,Logging SLA Requirements,"Monitor health, check for CPU, review limits settings",0.74,identity-team
INC754,CONF1157,User Operations Guide,status uses disk that can be intensive. Monitor settings and consider pagination for large batches,0.79,payments-team
INC755,CONF1158,Oauth-Provider Monitoring Setup,"For status issues, first check the disk dashboard",0.9,ops-team
INC755,CONF1159,Container-Registry Performance Tuning,"Monitor logs, check for memory, review parameters settings",0.71,security-team
INC756,CONF1160,Product SLA Requirements,For status: 1. Check memory status 2. Verify parameters 3. Review logs,0.74,platform-team
INC757,CONF1161,Frontend Service Runbook,configuration uses network that can be intensive. Monitor settings and consider pagination for large batches,0.72,payments-team
INC758,CONF1162,Container-Registry Performance Tuning,health uses memory that can be intensive. Monitor parameters and consider pagination for large batches,0.9,platform-team
INC759,CONF1163,Database Incident Response,"Monitor logs, check for disk, review settings settings",0.89,api-team
INC759,CONF1164,Email Service Runbook,logs uses network that can be intensive. Monitor limits and consider pagination for large batches,0.71,search-team
INC760,CONF1165,Read-Replica Architecture,"For health issues, first check the memory dashboard",0.74,dba-team
INC760,CONF1166,Ci-Cd Architecture,For logs: 1. Check CPU status 2. Verify parameters 3. Review logs,0.88,identity-team
INC761,CONF1167,Logging Architecture,logs uses CPU that can be intensive. Monitor parameters and consider pagination for large batches,0.79,dba-team
INC761,CONF1168,Container-Registry Performance Tuning,"Monitor logs, check for memory, review settings settings",0.74,api-team
INC762,CONF1169,Logging Operations Guide,configuration uses CPU that can be intensive. Monitor settings and consider pagination for large batches,0.85,identity-team
INC763,CONF1170,Notification Service Runbook,For health: 1. Check disk status 2. Verify settings 3. Review logs,0.85,platform-team
INC763,CONF1171,User Configuration Guide,status uses CPU that can be intensive. Monitor parameters and consider pagination for large batches,0.72,ops-team
INC764,CONF1172,Notification Monitoring Setup,For status: 1. Check memory status 2. Verify settings 3. Review logs,0.8,payments-team
INC764,CONF1173,Read-Replica Disaster Recovery,health uses CPU that can be intensive. Monitor limits and consider pagination for large batches,0.75,dba-team
INC765,CONF1174,Rate-Limiter Incident Response,Steps: 1. Check health 2. Verify memory 3. Review recent changes,0.87,dba-team
INC765,CONF1175,Product Troubleshooting Guide,configuration uses disk that can be intensive. Monitor settings and consider pagination for large batches,0.78,platform-team
INC766,CONF1176,Cdn Disaster Recovery,For configuration: 1. Check network status 2. Verify settings 3. Review logs,0.76,devops-team
INC767,CONF1177,Read-Replica Monitoring Setup,For health: 1. Check disk status 2. Verify settings 3. Review logs,0.84,infra-team
INC768,CONF1178,Oauth-Provider Troubleshooting Guide,Steps: 1. Check configuration 2. Verify memory 3. Review recent changes,0.88,observability-team
INC769,CONF1179,Logging Architecture,health uses CPU that can be intensive. Monitor limits and consider pagination for large batches,0.87,platform-team
INC770,CONF1180,Rate-Limiter Operations Guide,"Monitor status, check for disk, review settings settings",0.9,observability-team
INC770,CONF1181,Checkout Architecture,logs uses disk that can be intensive. Monitor parameters and consider pagination for large batches,0.76,platform-team
INC771,CONF1182,Fluentd Service Runbook,For health: 1. Check network status 2. Verify parameters 3. Review logs,0.76,devops-team
INC772,CONF1183,User Architecture,For logs: 1. Check disk status 2. Verify parameters 3. Review logs,0.95,dba-team
INC772,CONF1184,Read-Replica Configuration Guide,"Monitor status, check for network, review limits settings",0.73,ops-team
INC773,CONF1185,Rate-Limiter Service Runbook,For logs: 1. Check CPU status 2. Verify parameters 3. Review logs,0.74,dba-team
INC774,CONF1186,Order Architecture,Steps: 1. Check status 2. Verify disk 3. Review recent changes,0.86,ops-team
INC775,CONF1187,Cdn Operations Guide,Steps: 1. Check status 2. Verify network 3. Review recent changes,0.88,payments-team
INC775,CONF1188,Payment Service Runbook,Steps: 1. Check logs 2. Verify network 3. Review recent changes,0.9,platform-team
INC776,CONF1189,Checkout Operations Guide,"For status issues, first check the disk dashboard",0.84,search-team
INC777,CONF1190,Reporting Service Runbook,"Monitor status, check for network, review parameters settings",0.76,api-team
INC778,CONF1191,Cdn Service Runbook,"Monitor status, check for disk, review settings settings",0.93,payments-team
INC778,CONF1192,Reporting Service Runbook,For health: 1. Check network status 2. Verify limits 3. Review logs,0.79,identity-team
INC779,CONF1193,Auth Troubleshooting Guide,Steps: 1. Check logs 2. Verify memory 3. Review recent changes,0.72,security-team
INC780,CONF1194,Payment Performance Tuning,"For health issues, first check the network dashboard",0.87,search-team
INC780,CONF1195,Checkout Troubleshooting Guide,Steps: 1. Check health 2. Verify CPU 3. Review recent changes,0.72,ops-team
INC781,CONF1196,Fulfillment Configuration Guide,health uses memory that can be intensive. Monitor parameters and consider pagination for large batches,0.71,devops-team
INC781,CONF1197,Database Incident Response,"For logs issues, first check the memory dashboard",0.86,identity-team
INC782,CONF1198,User SLA Requirements,For health: 1. Check disk status 2. Verify limits 3. Review logs,0.92,infra-team
INC782,CONF1199,Fluentd Architecture,"Monitor status, check for memory, review settings settings",0.79,api-team
INC783,CONF1200,Fluentd Configuration Guide,"For logs issues, first check the memory dashboard",0.95,platform-team
INC784,CONF1201,Load-Balancer Operations Guide,For configuration: 1. Check disk status 2. Verify settings 3. Review logs,0.83,identity-team
INC785,CONF1202,Ci-Cd SLA Requirements,Steps: 1. Check configuration 2. Verify network 3. Review recent changes,0.76,observability-team
INC786,CONF1203,Rabbitmq Troubleshooting Guide,logs uses memory that can be intensive. Monitor settings and consider pagination for large batches,0.92,ops-team
INC787,CONF1204,Auth Operations Guide,configuration uses network that can be intensive. Monitor limits and consider pagination for large batches,0.92,ops-team
INC788,CONF1205,Container-Registry Disaster Recovery,logs uses CPU that can be intensive. Monitor settings and consider pagination for large batches,0.76,security-team
INC788,CONF1206,Email Troubleshooting Guide,status uses CPU that can be intensive. Monitor parameters and consider pagination for large batches,0.77,infra-team
INC789,CONF1207,Order Disaster Recovery,For configuration: 1. Check network status 2. Verify limits 3. Review logs,0.7,infra-team
INC790,CONF1208,Cdn Service Runbook,"For logs issues, first check the disk dashboard",0.71,identity-team
INC790,CONF1209,Frontend Operations Guide,For status: 1. Check network status 2. Verify parameters 3. Review logs,0.8,search-team
INC791,CONF1210,Email Troubleshooting Guide,For configuration: 1. Check CPU status 2. Verify parameters 3. Review logs,0.83,api-team
INC792,CONF1211,Kubernetes Configuration Guide,"Monitor status, check for network, review settings settings",0.83,observability-team
INC792,CONF1212,Auth Disaster Recovery,"For status issues, first check the memory dashboard",0.72,search-team
INC793,CONF1213,Fulfillment Service Runbook,For health: 1. Check disk status 2. Verify limits 3. Review logs,0.7,platform-team
INC793,CONF1214,Order Disaster Recovery,configuration uses network that can be intensive. Monitor parameters and consider pagination for large batches,0.95,observability-team
INC794,CONF1215,Checkout Disaster Recovery,logs uses disk that can be intensive. Monitor limits and consider pagination for large batches,0.79,security-team
INC795,CONF1216,Cdn Operations Guide,Steps: 1. Check logs 2. Verify memory 3. Review recent changes,0.74,observability-team
INC796,CONF1217,Elasticsearch Architecture,For logs: 1. Check CPU status 2. Verify parameters 3. Review logs,0.84,platform-team
INC796,CONF1218,Load-Balancer Monitoring Setup,status uses network that can be intensive. Monitor settings and consider pagination for large batches,0.93,payments-team
INC797,CONF1219,Database Monitoring Setup,Steps: 1. Check health 2. Verify memory 3. Review recent changes,0.9,infra-team
INC797,CONF1220,Email SLA Requirements,"Monitor logs, check for disk, review parameters settings",0.72,dba-team
INC798,CONF1221,Elasticsearch Performance Tuning,health uses disk that can be intensive. Monitor parameters and consider pagination for large batches,0.79,api-team
INC798,CONF1222,Kubernetes Service Runbook,"Monitor configuration, check for CPU, review parameters settings",0.7,infra-team
INC799,CONF1223,Payment Troubleshooting Guide,For health: 1. Check disk status 2. Verify limits 3. Review logs,0.85,payments-team
INC800,CONF1224,Notification Incident Response,"Monitor logs, check for CPU, review settings settings",0.91,devops-team
INC800,CONF1225,Rabbitmq Performance Tuning,"Monitor status, check for disk, review limits settings",0.72,identity-team
INC801,CONF1226,Read-Replica Disaster Recovery,"For configuration issues, first check the CPU dashboard",0.87,observability-team
INC802,CONF1227,Fluentd Operations Guide,configuration uses disk that can be intensive. Monitor settings and consider pagination for large batches,0.74,search-team
INC803,CONF1228,Auth Configuration Guide,configuration uses network that can be intensive. Monitor parameters and consider pagination for large batches,0.72,observability-team
INC804,CONF1229,Checkout Troubleshooting Guide,"For configuration issues, first check the memory dashboard",0.78,payments-team
INC804,CONF1230,Ci-Cd Architecture,Steps: 1. Check status 2. Verify CPU 3. Review recent changes,0.72,identity-team
INC805,CONF1231,Checkout Performance Tuning,For health: 1. Check CPU status 2. Verify parameters 3. Review logs,0.94,observability-team
INC805,CONF1232,Product Incident Response,"Monitor health, check for network, review parameters settings",0.76,dba-team
INC806,CONF1233,User Disaster Recovery,"Monitor configuration, check for memory, review limits settings",0.73,ops-team
INC806,CONF1234,Fulfillment Architecture,"For status issues, first check the disk dashboard",0.86,ops-team
INC807,CONF1235,Logging Troubleshooting Guide,For status: 1. Check disk status 2. Verify limits 3. Review logs,0.87,search-team
INC808,CONF1236,Order Configuration Guide,"For health issues, first check the disk dashboard",0.8,ops-team
INC808,CONF1237,Load-Balancer Configuration Guide,logs uses CPU that can be intensive. Monitor parameters and consider pagination for large batches,0.84,payments-team
INC809,CONF1238,Checkout Configuration Guide,"Monitor health, check for CPU, review parameters settings",0.72,dba-team
INC809,CONF1239,Container-Registry Service Runbook,"Monitor status, check for memory, review parameters settings",0.82,ops-team
INC810,CONF1240,Rabbitmq Disaster Recovery,"For logs issues, first check the network dashboard",0.74,api-team
INC811,CONF1241,Logging SLA Requirements,Steps: 1. Check configuration 2. Verify memory 3. Review recent changes,0.88,security-team
INC811,CONF1242,Search Performance Tuning,"Monitor status, check for network, review settings settings",0.75,observability-team
INC812,CONF1243,Load-Balancer SLA Requirements,For health: 1. Check network status 2. Verify limits 3. Review logs,0.91,dba-team
INC812,CONF1244,User Monitoring Setup,"Monitor status, check for memory, review limits settings",0.9,search-team
INC813,CONF1245,Notification SLA Requirements,Steps: 1. Check logs 2. Verify disk 3. Review recent changes,0.93,identity-team
INC814,CONF1246,Email Troubleshooting Guide,For configuration: 1. Check network status 2. Verify settings 3. Review logs,0.89,observability-team
INC815,CONF1247,Rate-Limiter Incident Response,status uses network that can be intensive. Monitor limits and consider pagination for large batches,0.92,dba-team
INC815,CONF1248,Elasticsearch Service Runbook,Steps: 1. Check configuration 2. Verify network 3. Review recent changes,0.93,infra-team
INC816,CONF1249,Fulfillment Troubleshooting Guide,"Monitor logs, check for CPU, review parameters settings",0.79,payments-team
INC816,CONF1250,Auth Operations Guide,health uses CPU that can be intensive. Monitor settings and consider pagination for large batches,0.83,security-team
INC817,CONF1251,Notification Incident Response,For configuration: 1. Check memory status 2. Verify settings 3. Review logs,0.9,payments-team
INC817,CONF1252,Elasticsearch SLA Requirements,"Monitor logs, check for disk, review parameters settings",0.86,infra-team
INC818,CONF1253,Checkout Disaster Recovery,For logs: 1. Check memory status 2. Verify limits 3. Review logs,0.81,search-team
INC818,CONF1254,Fluentd Performance Tuning,status uses memory that can be intensive. Monitor parameters and consider pagination for large batches,0.95,payments-team
INC819,CONF1255,Notification Troubleshooting Guide,For health: 1. Check network status 2. Verify parameters 3. Review logs,0.81,security-team
INC819,CONF1256,Ci-Cd SLA Requirements,Steps: 1. Check configuration 2. Verify network 3. Review recent changes,0.76,infra-team
INC820,CONF1257,Oauth-Provider Troubleshooting Guide,status uses memory that can be intensive. Monitor limits and consider pagination for large batches,0.9,dba-team
INC821,CONF1258,Rate-Limiter Configuration Guide,For health: 1. Check disk status 2. Verify settings 3. Review logs,0.94,ops-team
INC821,CONF1259,Rabbitmq Service Runbook,Steps: 1. Check logs 2. Verify network 3. Review recent changes,0.88,payments-team
INC822,CONF1260,Frontend Architecture,"For logs issues, first check the CPU dashboard",0.87,security-team
INC823,CONF1261,Reporting Architecture,Steps: 1. Check health 2. Verify memory 3. Review recent changes,0.84,security-team
INC823,CONF1262,Notification Operations Guide,"Monitor health, check for memory, review parameters settings",0.92,platform-team
INC824,CONF1263,Rate-Limiter Service Runbook,status uses disk that can be intensive. Monitor settings and consider pagination for large batches,0.72,observability-team
INC824,CONF1264,Oauth-Provider Operations Guide,status uses network that can be intensive. Monitor parameters and consider pagination for large batches,0.75,security-team
INC825,CONF1265,Database Monitoring Setup,"For configuration issues, first check the CPU dashboard",0.77,devops-team
INC825,CONF1266,Product SLA Requirements,configuration uses disk that can be intensive. Monitor settings and consider pagination for large batches,0.72,ops-team
INC826,CONF1267,Read-Replica Configuration Guide,For configuration: 1. Check memory status 2. Verify parameters 3. Review logs,0.8,observability-team
INC827,CONF1268,Auth Troubleshooting Guide,For configuration: 1. Check memory status 2. Verify limits 3. Review logs,0.75,api-team
INC827,CONF1269,Session Service Runbook,For configuration: 1. Check disk status 2. Verify limits 3. Review logs,0.89,infra-team
INC828,CONF1270,Product Configuration Guide,health uses network that can be intensive. Monitor limits and consider pagination for large batches,0.91,infra-team
INC829,CONF1271,Read-Replica Service Runbook,For health: 1. Check memory status 2. Verify parameters 3. Review logs,0.77,payments-team
INC829,CONF1272,Rate-Limiter Configuration Guide,"For status issues, first check the disk dashboard",0.82,platform-team
INC830,CONF1273,User Configuration Guide,For logs: 1. Check memory status 2. Verify parameters 3. Review logs,0.92,identity-team
INC830,CONF1274,Cache Service Runbook,For status: 1. Check network status 2. Verify limits 3. Review logs,0.72,api-team
INC831,CONF1275,Logging Performance Tuning,"For status issues, first check the network dashboard",0.79,payments-team
INC831,CONF1276,Auth Architecture,For status: 1. Check CPU status 2. Verify limits 3. Review logs,0.73,platform-team
INC832,CONF1277,Session Configuration Guide,logs uses CPU that can be intensive. Monitor limits and consider pagination for large batches,0.75,infra-team
INC833,CONF1278,Reporting Architecture,health uses memory that can be intensive. Monitor settings and consider pagination for large batches,0.94,platform-team
INC833,CONF1279,Container-Registry Incident Response,"For status issues, first check the disk dashboard",0.9,api-team
INC834,CONF1280,Api-Gateway Monitoring Setup,"Monitor configuration, check for memory, review limits settings",0.85,infra-team
INC835,CONF1281,Reporting Monitoring Setup,"For health issues, first check the memory dashboard",0.75,infra-team
INC835,CONF1282,Api-Gateway Incident Response,health uses memory that can be intensive. Monitor settings and consider pagination for large batches,0.83,ops-team
INC836,CONF1283,Logging Incident Response,For logs: 1. Check disk status 2. Verify settings 3. Review logs,0.74,platform-team
INC837,CONF1284,Fulfillment Operations Guide,Steps: 1. Check logs 2. Verify memory 3. Review recent changes,0.94,payments-team
INC837,CONF1285,Read-Replica Operations Guide,For health: 1. Check network status 2. Verify parameters 3. Review logs,0.88,devops-team
INC838,CONF1286,Api-Gateway Disaster Recovery,logs uses network that can be intensive. Monitor settings and consider pagination for large batches,0.84,search-team
INC839,CONF1287,Fulfillment Incident Response,"For configuration issues, first check the memory dashboard",0.9,ops-team
INC840,CONF1288,Rate-Limiter Performance Tuning,health uses CPU that can be intensive. Monitor parameters and consider pagination for large batches,0.85,payments-team
INC841,CONF1289,Search Disaster Recovery,"For logs issues, first check the memory dashboard",0.95,observability-team
INC842,CONF1290,Oauth-Provider Troubleshooting Guide,"For configuration issues, first check the disk dashboard",0.92,api-team
INC843,CONF1291,Frontend SLA Requirements,"For status issues, first check the network dashboard",0.8,devops-team
INC844,CONF1292,Ci-Cd Service Runbook,For configuration: 1. Check disk status 2. Verify parameters 3. Review logs,0.71,ops-team
INC845,CONF1293,Fluentd Operations Guide,Steps: 1. Check status 2. Verify network 3. Review recent changes,0.78,platform-team
INC846,CONF1294,User Performance Tuning,For status: 1. Check disk status 2. Verify settings 3. Review logs,0.77,dba-team
INC847,CONF1295,Read-Replica Operations Guide,"Monitor logs, check for memory, review settings settings",0.91,security-team
INC847,CONF1296,Container-Registry Monitoring Setup,For logs: 1. Check network status 2. Verify parameters 3. Review logs,0.94,security-team
INC848,CONF1297,Oauth-Provider Incident Response,health uses disk that can be intensive. Monitor settings and consider pagination for large batches,0.86,infra-team
INC849,CONF1298,Fluentd Service Runbook,"For logs issues, first check the network dashboard",0.79,payments-team
INC849,CONF1299,Session Incident Response,Steps: 1. Check logs 2. Verify CPU 3. Review recent changes,0.76,security-team
INC850,CONF1300,Fluentd Configuration Guide,"For status issues, first check the disk dashboard",0.92,security-team
INC850,CONF1301,Frontend SLA Requirements,Steps: 1. Check configuration 2. Verify CPU 3. Review recent changes,0.79,api-team
INC851,CONF1302,Fluentd Incident Response,configuration uses memory that can be intensive. Monitor limits and consider pagination for large batches,0.86,security-team
INC851,CONF1303,Read-Replica SLA Requirements,"For logs issues, first check the network dashboard",0.95,platform-team
INC852,CONF1304,Session Incident Response,"Monitor status, check for memory, review limits settings",0.93,infra-team
INC853,CONF1305,Session Troubleshooting Guide,"For configuration issues, first check the CPU dashboard",0.7,platform-team
INC853,CONF1306,Load-Balancer SLA Requirements,logs uses network that can be intensive. Monitor settings and consider pagination for large batches,0.73,infra-team
INC854,CONF1307,Checkout Monitoring Setup,For configuration: 1. Check network status 2. Verify parameters 3. Review logs,0.9,devops-team
INC854,CONF1308,Email Troubleshooting Guide,logs uses memory that can be intensive. Monitor settings and consider pagination for large batches,0.85,ops-team
INC855,CONF1309,Load-Balancer Architecture,For health: 1. Check CPU status 2. Verify settings 3. Review logs,0.83,search-team
INC856,CONF1310,Frontend Performance Tuning,For health: 1. Check disk status 2. Verify parameters 3. Review logs,0.78,search-team
INC857,CONF1311,Read-Replica Troubleshooting Guide,health uses disk that can be intensive. Monitor settings and consider pagination for large batches,0.93,devops-team
INC858,CONF1312,Rate-Limiter Disaster Recovery,"For health issues, first check the memory dashboard",0.86,identity-team
INC859,CONF1313,Ci-Cd Performance Tuning,configuration uses CPU that can be intensive. Monitor settings and consider pagination for large batches,0.79,api-team
INC860,CONF1314,Cdn Service Runbook,"Monitor logs, check for CPU, review parameters settings",0.78,security-team
INC861,CONF1315,Cdn Monitoring Setup,"For status issues, first check the network dashboard",0.88,security-team
INC861,CONF1316,Ci-Cd Incident Response,Steps: 1. Check configuration 2. Verify disk 3. Review recent changes,0.93,api-team
INC862,CONF1317,Database SLA Requirements,"For configuration issues, first check the network dashboard",0.85,security-team
INC862,CONF1318,Logging Troubleshooting Guide,Steps: 1. Check logs 2. Verify disk 3. Review recent changes,0.81,search-team
INC863,CONF1319,Notification SLA Requirements,Steps: 1. Check logs 2. Verify disk 3. Review recent changes,0.71,security-team
INC864,CONF1320,Session Operations Guide,"Monitor logs, check for disk, review limits settings",0.85,dba-team
INC865,CONF1321,Notification Operations Guide,"For logs issues, first check the disk dashboard",0.82,ops-team
INC866,CONF1322,Cdn Operations Guide,Steps: 1. Check logs 2. Verify memory 3. Review recent changes,0.9,api-team
INC866,CONF1323,Frontend Performance Tuning,Steps: 1. Check configuration 2. Verify memory 3. Review recent changes,0.93,observability-team
INC867,CONF1324,Fulfillment Operations Guide,For logs: 1. Check disk status 2. Verify parameters 3. Review logs,0.89,infra-team
INC868,CONF1325,Oauth-Provider Monitoring Setup,"Monitor health, check for CPU, review settings settings",0.78,observability-team
INC869,CONF1326,Frontend Architecture,"For configuration issues, first check the disk dashboard",0.79,observability-team
INC870,CONF1327,Order Configuration Guide,For status: 1. Check disk status 2. Verify limits 3. Review logs,0.71,observability-team
INC871,CONF1328,Container-Registry Performance Tuning,For status: 1. Check network status 2. Verify limits 3. Review logs,0.87,dba-team
INC872,CONF1329,Notification Operations Guide,Steps: 1. Check status 2. Verify network 3. Review recent changes,0.77,observability-team
INC872,CONF1330,Search SLA Requirements,health uses network that can be intensive. Monitor parameters and consider pagination for large batches,0.75,platform-team
INC873,CONF1331,Rate-Limiter Configuration Guide,For logs: 1. Check memory status 2. Verify settings 3. Review logs,0.71,devops-team
INC873,CONF1332,Frontend Architecture,"Monitor logs, check for memory, review parameters settings",0.88,identity-team
INC874,CONF1333,Rate-Limiter Service Runbook,Steps: 1. Check configuration 2. Verify network 3. Review recent changes,0.8,infra-team
INC874,CONF1334,Database Incident Response,logs uses CPU that can be intensive. Monitor limits and consider pagination for large batches,0.87,identity-team
INC875,CONF1335,Elasticsearch Performance Tuning,"For configuration issues, first check the disk dashboard",0.76,security-team
INC876,CONF1336,Frontend Disaster Recovery,configuration uses CPU that can be intensive. Monitor parameters and consider pagination for large batches,0.85,api-team
INC877,CONF1337,Auth Performance Tuning,For configuration: 1. Check CPU status 2. Verify parameters 3. Review logs,0.87,ops-team
INC878,CONF1338,Fluentd Monitoring Setup,For configuration: 1. Check CPU status 2. Verify settings 3. Review logs,0.85,payments-team
INC879,CONF1339,Load-Balancer Configuration Guide,For logs: 1. Check disk status 2. Verify limits 3. Review logs,0.77,dba-team
INC880,CONF1340,Ci-Cd Architecture,logs uses disk that can be intensive. Monitor parameters and consider pagination for large batches,0.9,search-team
INC881,CONF1341,Fulfillment Monitoring Setup,For logs: 1. Check network status 2. Verify limits 3. Review logs,0.9,ops-team
INC881,CONF1342,Frontend Monitoring Setup,"For health issues, first check the CPU dashboard",0.84,identity-team
INC882,CONF1343,Rabbitmq SLA Requirements,Steps: 1. Check configuration 2. Verify network 3. Review recent changes,0.77,infra-team
INC883,CONF1344,Oauth-Provider Operations Guide,"Monitor status, check for disk, review settings settings",0.82,ops-team
INC883,CONF1345,Session SLA Requirements,"Monitor configuration, check for memory, review parameters settings",0.85,security-team
INC884,CONF1346,Fulfillment Troubleshooting Guide,"Monitor configuration, check for disk, review limits settings",0.74,security-team
INC885,CONF1347,User Operations Guide,configuration uses network that can be intensive. Monitor limits and consider pagination for large batches,0.76,infra-team
INC885,CONF1348,Cache Service Runbook,health uses memory that can be intensive. Monitor parameters and consider pagination for large batches,0.84,observability-team
INC886,CONF1349,Search Architecture,health uses network that can be intensive. Monitor limits and consider pagination for large batches,0.87,dba-team
INC887,CONF1350,Database Monitoring Setup,logs uses network that can be intensive. Monitor limits and consider pagination for large batches,0.82,devops-team
INC887,CONF1351,Order Troubleshooting Guide,"For status issues, first check the memory dashboard",0.8,platform-team
INC888,CONF1352,Database Disaster Recovery,"Monitor logs, check for memory, review settings settings",0.9,payments-team
INC888,CONF1353,Logging Incident Response,health uses disk that can be intensive. Monitor settings and consider pagination for large batches,0.81,security-team
INC889,CONF1354,Frontend Monitoring Setup,Steps: 1. Check logs 2. Verify memory 3. Review recent changes,0.9,observability-team
INC889,CONF1355,Notification Configuration Guide,For health: 1. Check memory status 2. Verify settings 3. Review logs,0.94,platform-team
INC890,CONF1356,Payment Configuration Guide,"Monitor logs, check for CPU, review settings settings",0.86,platform-team
INC891,CONF1357,Product Configuration Guide,"Monitor logs, check for disk, review settings settings",0.9,search-team
INC891,CONF1358,Cdn Architecture,"Monitor configuration, check for memory, review parameters settings",0.95,platform-team
INC892,CONF1359,Order Operations Guide,"For health issues, first check the disk dashboard",0.74,platform-team
INC892,CONF1360,Container-Registry Monitoring Setup,Steps: 1. Check health 2. Verify memory 3. Review recent changes,0.86,payments-team
INC893,CONF1361,Checkout Monitoring Setup,For health: 1. Check network status 2. Verify limits 3. Review logs,0.85,dba-team
INC893,CONF1362,Product Troubleshooting Guide,"For logs issues, first check the CPU dashboard",0.78,identity-team
INC894,CONF1363,Read-Replica Configuration Guide,logs uses network that can be intensive. Monitor settings and consider pagination for large batches,0.94,dba-team
INC894,CONF1364,Checkout Disaster Recovery,"For status issues, first check the network dashboard",0.73,identity-team
INC895,CONF1365,Cache Troubleshooting Guide,Steps: 1. Check configuration 2. Verify disk 3. Review recent changes,0.83,api-team
INC895,CONF1366,Fluentd Operations Guide,"For logs issues, first check the disk dashboard",0.81,devops-team
INC896,CONF1367,Database Performance Tuning,status uses memory that can be intensive. Monitor settings and consider pagination for large batches,0.76,security-team
INC897,CONF1368,Load-Balancer Configuration Guide,For configuration: 1. Check memory status 2. Verify settings 3. Review logs,0.72,identity-team
INC897,CONF1369,Cache Operations Guide,"Monitor logs, check for disk, review parameters settings",0.72,observability-team
INC898,CONF1370,Load-Balancer Disaster Recovery,"Monitor health, check for disk, review parameters settings",0.72,observability-team
INC899,CONF1371,Reporting Service Runbook,"Monitor health, check for disk, review settings settings",0.87,devops-team
INC900,CONF1372,Load-Balancer SLA Requirements,"For status issues, first check the CPU dashboard",0.96,dba-team
INC900,CONF1373,Fluentd SLA Requirements,"Monitor configuration, check for disk, review limits settings",0.72,identity-team
INC901,CONF1374,Logging Architecture,For configuration: 1. Check disk status 2. Verify parameters 3. Review logs,0.88,identity-team
INC902,CONF1375,Session Operations Guide,Steps: 1. Check health 2. Verify memory 3. Review recent changes,0.96,observability-team
INC902,CONF1376,Order Disaster Recovery,"Monitor status, check for CPU, review settings settings",0.79,search-team
INC903,CONF1377,Search Performance Tuning,status uses disk that can be intensive. Monitor limits and consider pagination for large batches,0.87,security-team
INC903,CONF1378,Fluentd Incident Response,For health: 1. Check memory status 2. Verify limits 3. Review logs,0.77,devops-team
INC904,CONF1379,Kubernetes SLA Requirements,Steps: 1. Check status 2. Verify CPU 3. Review recent changes,0.82,observability-team
INC904,CONF1380,Fulfillment Operations Guide,Steps: 1. Check configuration 2. Verify network 3. Review recent changes,0.88,infra-team
INC905,CONF1381,User Operations Guide,"Monitor configuration, check for CPU, review parameters settings",0.89,search-team
INC906,CONF1382,User Performance Tuning,health uses disk that can be intensive. Monitor settings and consider pagination for large batches,0.72,security-team
INC907,CONF1383,Oauth-Provider Disaster Recovery,"For logs issues, first check the memory dashboard",0.76,devops-team
INC907,CONF1384,Email Troubleshooting Guide,Steps: 1. Check configuration 2. Verify CPU 3. Review recent changes,0.78,security-team
INC908,CONF1385,Load-Balancer Operations Guide,"For health issues, first check the CPU dashboard",0.87,dba-team
INC908,CONF1386,Rabbitmq Troubleshooting Guide,"For status issues, first check the network dashboard",0.79,security-team
INC909,CONF1387,Reporting Incident Response,status uses network that can be intensive. Monitor parameters and consider pagination for large batches,0.88,dba-team
INC910,CONF1388,Email Troubleshooting Guide,"Monitor status, check for memory, review limits settings",0.86,platform-team
INC911,CONF1389,Auth Performance Tuning,"Monitor configuration, check for CPU, review limits settings",0.79,observability-team
INC911,CONF1390,Load-Balancer Configuration Guide,"For configuration issues, first check the disk dashboard",0.8,identity-team
INC912,CONF1391,Reporting Incident Response,"For status issues, first check the memory dashboard",0.85,platform-team
INC912,CONF1392,Notification Operations Guide,Steps: 1. Check health 2. Verify CPU 3. Review recent changes,0.95,dba-team
INC913,CONF1393,Reporting Incident Response,status uses network that can be intensive. Monitor limits and consider pagination for large batches,0.92,dba-team
INC913,CONF1394,Database SLA Requirements,"For status issues, first check the disk dashboard",0.75,payments-team
INC914,CONF1395,Fulfillment Monitoring Setup,For logs: 1. Check CPU status 2. Verify limits 3. Review logs,0.87,dba-team
INC915,CONF1396,Logging Configuration Guide,Steps: 1. Check logs 2. Verify CPU 3. Review recent changes,0.93,infra-team
INC915,CONF1397,Ci-Cd Performance Tuning,"Monitor logs, check for disk, review settings settings",0.93,identity-team
INC916,CONF1398,Order Incident Response,For logs: 1. Check CPU status 2. Verify limits 3. Review logs,0.82,identity-team
INC917,CONF1399,Rate-Limiter Troubleshooting Guide,For health: 1. Check memory status 2. Verify settings 3. Review logs,0.83,platform-team
INC917,CONF1400,User Performance Tuning,"Monitor logs, check for network, review parameters settings",0.96,infra-team
INC918,CONF1401,Auth Disaster Recovery,configuration uses CPU that can be intensive. Monitor parameters and consider pagination for large batches,0.96,infra-team
INC919,CONF1402,Checkout Disaster Recovery,Steps: 1. Check status 2. Verify CPU 3. Review recent changes,0.91,observability-team
INC920,CONF1403,Ci-Cd Troubleshooting Guide,status uses network that can be intensive. Monitor limits and consider pagination for large batches,0.83,dba-team
INC920,CONF1404,Container-Registry Monitoring Setup,For health: 1. Check network status 2. Verify settings 3. Review logs,0.75,devops-team
INC921,CONF1405,Database Configuration Guide,"For health issues, first check the disk dashboard",0.91,security-team
INC922,CONF1406,Frontend Performance Tuning,Steps: 1. Check logs 2. Verify disk 3. Review recent changes,0.81,observability-team
INC922,CONF1407,Api-Gateway Incident Response,Steps: 1. Check logs 2. Verify memory 3. Review recent changes,0.75,dba-team
INC923,CONF1408,Product Configuration Guide,"For health issues, first check the memory dashboard",0.95,devops-team
INC923,CONF1409,Auth Architecture,Steps: 1. Check health 2. Verify disk 3. Review recent changes,0.87,observability-team
INC924,CONF1410,Api-Gateway Performance Tuning,"Monitor status, check for network, review settings settings",0.92,devops-team
INC925,CONF1411,Api-Gateway Operations Guide,logs uses CPU that can be intensive. Monitor settings and consider pagination for large batches,0.95,identity-team
INC925,CONF1412,Cdn Monitoring Setup,Steps: 1. Check configuration 2. Verify memory 3. Review recent changes,0.92,devops-team
INC926,CONF1413,Cdn Service Runbook,status uses memory that can be intensive. Monitor settings and consider pagination for large batches,0.92,infra-team
INC927,CONF1414,Load-Balancer Configuration Guide,"Monitor configuration, check for disk, review settings settings",0.71,observability-team
INC927,CONF1415,Rate-Limiter Troubleshooting Guide,health uses disk that can be intensive. Monitor parameters and consider pagination for large batches,0.95,platform-team
INC928,CONF1416,Oauth-Provider Incident Response,For status: 1. Check network status 2. Verify parameters 3. Review logs,0.73,devops-team
INC929,CONF1417,User Troubleshooting Guide,status uses network that can be intensive. Monitor limits and consider pagination for large batches,0.87,identity-team
INC930,CONF1418,Rate-Limiter Disaster Recovery,For health: 1. Check network status 2. Verify limits 3. Review logs,0.72,devops-team
INC930,CONF1419,Elasticsearch Troubleshooting Guide,"Monitor logs, check for CPU, review parameters settings",0.87,infra-team
INC931,CONF1420,Reporting SLA Requirements,"Monitor logs, check for CPU, review parameters settings",0.85,identity-team
INC931,CONF1421,Rate-Limiter Architecture,"For logs issues, first check the disk dashboard",0.78,ops-team
INC932,CONF1422,Fulfillment Incident Response,Steps: 1. Check health 2. Verify memory 3. Review recent changes,0.91,infra-team
INC932,CONF1423,Read-Replica Incident Response,"Monitor logs, check for CPU, review settings settings",0.76,devops-team
INC933,CONF1424,Auth Monitoring Setup,"Monitor configuration, check for memory, review settings settings",0.77,search-team
INC934,CONF1425,Cache Troubleshooting Guide,For status: 1. Check network status 2. Verify parameters 3. Review logs,0.92,ops-team
INC935,CONF1426,Payment Troubleshooting Guide,logs uses CPU that can be intensive. Monitor parameters and consider pagination for large batches,0.77,api-team
INC936,CONF1427,Rate-Limiter Architecture,For logs: 1. Check CPU status 2. Verify limits 3. Review logs,0.72,identity-team
INC936,CONF1428,Notification Configuration Guide,For status: 1. Check CPU status 2. Verify settings 3. Review logs,0.73,infra-team
INC937,CONF1429,User Architecture,"For configuration issues, first check the memory dashboard",0.82,observability-team
INC938,CONF1430,Email Configuration Guide,"For health issues, first check the network dashboard",0.94,devops-team
INC939,CONF1431,Fluentd Monitoring Setup,For logs: 1. Check network status 2. Verify settings 3. Review logs,0.74,api-team
INC940,CONF1432,Auth Monitoring Setup,"Monitor configuration, check for memory, review settings settings",0.8,platform-team
INC940,CONF1433,Ci-Cd SLA Requirements,logs uses memory that can be intensive. Monitor settings and consider pagination for large batches,0.73,platform-team
INC941,CONF1434,Fluentd Service Runbook,health uses network that can be intensive. Monitor limits and consider pagination for large batches,0.84,ops-team
INC941,CONF1435,Kubernetes Service Runbook,logs uses disk that can be intensive. Monitor settings and consider pagination for large batches,0.94,infra-team
INC942,CONF1436,Search Service Runbook,"For logs issues, first check the disk dashboard",0.92,search-team
INC943,CONF1437,Api-Gateway Service Runbook,Steps: 1. Check logs 2. Verify network 3. Review recent changes,0.84,security-team
INC943,CONF1438,Container-Registry Monitoring Setup,configuration uses disk that can be intensive. Monitor limits and consider pagination for large batches,0.92,observability-team
INC944,CONF1439,Database Operations Guide,"For configuration issues, first check the CPU dashboard",0.84,api-team
INC945,CONF1440,Container-Registry Architecture,configuration uses memory that can be intensive. Monitor parameters and consider pagination for large batches,0.74,payments-team
INC945,CONF1441,Oauth-Provider Incident Response,logs uses disk that can be intensive. Monitor settings and consider pagination for large batches,0.88,payments-team
INC946,CONF1442,Cdn Service Runbook,health uses memory that can be intensive. Monitor limits and consider pagination for large batches,0.74,dba-team
INC946,CONF1443,Ci-Cd Architecture,health uses network that can be intensive. Monitor parameters and consider pagination for large batches,0.88,payments-team
INC947,CONF1444,Product Disaster Recovery,Steps: 1. Check logs 2. Verify network 3. Review recent changes,0.87,payments-team
INC948,CONF1445,Fulfillment Disaster Recovery,status uses memory that can be intensive. Monitor settings and consider pagination for large batches,0.72,infra-team
INC949,CONF1446,Database Incident Response,"For configuration issues, first check the disk dashboard",0.88,dba-team
INC949,CONF1447,Container-Registry SLA Requirements,For configuration: 1. Check memory status 2. Verify settings 3. Review logs,0.91,payments-team
INC950,CONF1448,Cdn Service Runbook,"For health issues, first check the disk dashboard",0.84,observability-team
INC950,CONF1449,Api-Gateway Monitoring Setup,"Monitor logs, check for disk, review settings settings",0.87,observability-team
INC951,CONF1450,Rabbitmq Troubleshooting Guide,For health: 1. Check CPU status 2. Verify settings 3. Review logs,0.87,security-team
INC952,CONF1451,Notification Operations Guide,"Monitor status, check for disk, review settings settings",0.78,observability-team
INC953,CONF1452,Database Monitoring Setup,status uses CPU that can be intensive. Monitor parameters and consider pagination for large batches,0.74,ops-team
INC954,CONF1453,Fluentd Service Runbook,logs uses disk that can be intensive. Monitor settings and consider pagination for large batches,0.72,dba-team
INC954,CONF1454,Database Monitoring Setup,"Monitor status, check for network, review limits settings",0.81,observability-team
INC955,CONF1455,Payment Operations Guide,For status: 1. Check memory status 2. Verify parameters 3. Review logs,0.84,infra-team
INC955,CONF1456,Read-Replica Operations Guide,health uses memory that can be intensive. Monitor limits and consider pagination for large batches,0.92,payments-team
INC956,CONF1457,Ci-Cd Configuration Guide,"For health issues, first check the CPU dashboard",0.77,infra-team
INC957,CONF1458,Payment Configuration Guide,logs uses memory that can be intensive. Monitor settings and consider pagination for large batches,0.73,security-team
INC958,CONF1459,Read-Replica SLA Requirements,Steps: 1. Check status 2. Verify disk 3. Review recent changes,0.96,api-team
INC959,CONF1460,Auth Operations Guide,"Monitor health, check for disk, review limits settings",0.77,infra-team
INC960,CONF1461,Search Configuration Guide,"For status issues, first check the CPU dashboard",0.92,observability-team
INC960,CONF1462,Read-Replica Configuration Guide,"Monitor health, check for disk, review limits settings",0.75,security-team
INC961,CONF1463,Api-Gateway SLA Requirements,health uses memory that can be intensive. Monitor parameters and consider pagination for large batches,0.88,devops-team
INC961,CONF1464,Container-Registry Performance Tuning,For configuration: 1. Check CPU status 2. Verify parameters 3. Review logs,0.87,infra-team
INC962,CONF1465,Auth SLA Requirements,Steps: 1. Check configuration 2. Verify disk 3. Review recent changes,0.88,platform-team
INC963,CONF1466,Frontend Incident Response,configuration uses disk that can be intensive. Monitor limits and consider pagination for large batches,0.78,identity-team
INC964,CONF1467,Ci-Cd Monitoring Setup,"For health issues, first check the memory dashboard",0.81,observability-team
INC965,CONF1468,Logging Monitoring Setup,"For status issues, first check the CPU dashboard",0.77,security-team
INC965,CONF1469,Container-Registry Performance Tuning,"For configuration issues, first check the CPU dashboard",0.77,api-team
INC966,CONF1470,Kubernetes Configuration Guide,Steps: 1. Check status 2. Verify CPU 3. Review recent changes,0.78,dba-team
INC967,CONF1471,Fluentd Configuration Guide,"Monitor configuration, check for disk, review settings settings",0.91,security-team
INC967,CONF1472,Order Service Runbook,For health: 1. Check network status 2. Verify limits 3. Review logs,0.73,search-team
INC968,CONF1473,Rabbitmq Architecture,Steps: 1. Check status 2. Verify memory 3. Review recent changes,0.84,identity-team
INC968,CONF1474,Reporting Operations Guide,Steps: 1. Check health 2. Verify memory 3. Review recent changes,0.82,payments-team
INC969,CONF1475,Database Incident Response,Steps: 1. Check configuration 2. Verify disk 3. Review recent changes,0.83,platform-team
INC970,CONF1476,Load-Balancer Architecture,For health: 1. Check network status 2. Verify limits 3. Review logs,0.82,infra-team
INC970,CONF1477,Database Operations Guide,For configuration: 1. Check network status 2. Verify limits 3. Review logs,0.7,platform-team
INC971,CONF1478,Rate-Limiter Troubleshooting Guide,For status: 1. Check memory status 2. Verify limits 3. Review logs,0.87,devops-team
INC972,CONF1479,Load-Balancer Operations Guide,Steps: 1. Check logs 2. Verify CPU 3. Review recent changes,0.89,ops-team
INC972,CONF1480,Payment Troubleshooting Guide,For status: 1. Check disk status 2. Verify parameters 3. Review logs,0.77,payments-team
INC973,CONF1481,Container-Registry Configuration Guide,"Monitor logs, check for memory, review limits settings",0.7,platform-team
INC974,CONF1482,Reporting Architecture,configuration uses disk that can be intensive. Monitor settings and consider pagination for large batches,0.96,observability-team
INC975,CONF1483,Reporting Troubleshooting Guide,Steps: 1. Check configuration 2. Verify network 3. Review recent changes,0.93,payments-team
INC976,CONF1484,Fluentd Troubleshooting Guide,"For health issues, first check the network dashboard",0.94,security-team
INC977,CONF1485,Payment Monitoring Setup,For logs: 1. Check disk status 2. Verify limits 3. Review logs,0.74,security-team
INC977,CONF1486,User Performance Tuning,"For health issues, first check the disk dashboard",0.72,api-team
INC978,CONF1487,Rabbitmq Configuration Guide,"For status issues, first check the memory dashboard",0.85,search-team
INC979,CONF1488,Checkout Configuration Guide,Steps: 1. Check configuration 2. Verify CPU 3. Review recent changes,0.79,payments-team
INC979,CONF1489,Rabbitmq Service Runbook,For health: 1. Check disk status 2. Verify settings 3. Review logs,0.92,ops-team
INC980,CONF1490,Elasticsearch Incident Response,"For status issues, first check the CPU dashboard",0.87,search-team
INC981,CONF1491,Search Architecture,For status: 1. Check CPU status 2. Verify limits 3. Review logs,0.74,search-team
INC981,CONF1492,Notification Configuration Guide,For logs: 1. Check CPU status 2. Verify limits 3. Review logs,0.78,devops-team
INC982,CONF1493,Fulfillment Troubleshooting Guide,"For status issues, first check the memory dashboard",0.79,payments-team
INC983,CONF1494,Kubernetes Incident Response,"For status issues, first check the CPU dashboard",0.87,ops-team
INC983,CONF1495,Load-Balancer Monitoring Setup,For health: 1. Check disk status 2. Verify settings 3. Review logs,0.87,identity-team
INC984,CONF1496,Search SLA Requirements,For logs: 1. Check CPU status 2. Verify settings 3. Review logs,0.7,platform-team
INC985,CONF1497,Frontend Disaster Recovery,Steps: 1. Check configuration 2. Verify network 3. Review recent changes,0.92,payments-team
INC986,CONF1498,Frontend Service Runbook,configuration uses memory that can be intensive. Monitor limits and consider pagination for large batches,0.71,devops-team
INC986,CONF1499,Fulfillment Incident Response,For health: 1. Check CPU status 2. Verify parameters 3. Review logs,0.92,platform-team
INC987,CONF1500,Reporting Service Runbook,For health: 1. Check disk status 2. Verify limits 3. Review logs,0.74,security-team
INC988,CONF1501,Rate-Limiter SLA Requirements,For configuration: 1. Check disk status 2. Verify parameters 3. Review logs,0.85,platform-team
INC988,CONF1502,Load-Balancer Troubleshooting Guide,Steps: 1. Check status 2. Verify disk 3. Review recent changes,0.84,devops-team
INC989,CONF1503,Elasticsearch SLA Requirements,For health: 1. Check disk status 2. Verify limits 3. Review logs,0.75,infra-team
INC989,CONF1504,Load-Balancer Troubleshooting Guide,Steps: 1. Check health 2. Verify CPU 3. Review recent changes,0.91,infra-team
INC990,CONF1505,Database Disaster Recovery,"Monitor status, check for CPU, review parameters settings",0.78,api-team
INC991,CONF1506,Payment Disaster Recovery,"Monitor configuration, check for CPU, review limits settings",0.81,infra-team
INC992,CONF1507,Cache Monitoring Setup,health uses network that can be intensive. Monitor settings and consider pagination for large batches,0.79,devops-team
INC993,CONF1508,Logging Performance Tuning,"For logs issues, first check the memory dashboard",0.88,identity-team
INC994,CONF1509,Container-Registry Disaster Recovery,"Monitor logs, check for network, review settings settings",0.74,observability-team
INC994,CONF1510,Order SLA Requirements,For health: 1. Check disk status 2. Verify limits 3. Review logs,0.82,search-team
INC995,CONF1511,Fluentd Operations Guide,"Monitor logs, check for network, review limits settings",0.94,payments-team
INC996,CONF1512,Checkout Incident Response,"Monitor logs, check for disk, review parameters settings",0.82,observability-team
INC996,CONF1513,User Architecture,For status: 1. Check CPU status 2. Verify parameters 3. Review logs,0.73,security-team
INC997,CONF1514,Order Disaster Recovery,Steps: 1. Check health 2. Verify disk 3. Review recent changes,0.77,ops-team
INC998,CONF1515,Container-Registry Operations Guide,Steps: 1. Check health 2. Verify CPU 3. Review recent changes,0.71,identity-team
INC998,CONF1516,Checkout Performance Tuning,"For health issues, first check the CPU dashboard",0.82,payments-team
INC999,CONF1517,Email Incident Response,"For logs issues, first check the memory dashboard",0.92,dba-team
INC999,CONF1518,Product Configuration Guide,configuration uses CPU that can be intensive. Monitor parameters and consider pagination for large batches,0.74,devops-team
INC1000,CONF1519,Search Monitoring Setup,configuration uses network that can be intensive. Monitor limits and consider pagination for large batches,0.95,security-team
INC1000,CONF1520,Cache Configuration Guide,For logs: 1. Check memory status 2. Verify limits 3. Review logs,0.8,devops-team
INC1001,CONF1521,Email Service Runbook,Steps: 1. Check health 2. Verify network 3. Review recent changes,0.79,api-team
INC1001,CONF1522,Cdn Operations Guide,"Monitor configuration, check for memory, review settings settings",0.77,infra-team
INC1002,CONF1523,Rabbitmq Performance Tuning,"Monitor configuration, check for CPU, review parameters settings",0.7,devops-team
INC1002,CONF1524,Fluentd Service Runbook,"Monitor configuration, check for network, review parameters settings",0.87,infra-team
INC1003,CONF1525,Logging Architecture,"For logs issues, first check the network dashboard",0.86,devops-team
INC1003,CONF1526,Container-Registry SLA Requirements,Steps: 1. Check health 2. Verify network 3. Review recent changes,0.8,security-team
INC1004,CONF1527,Reporting Architecture,configuration uses CPU that can be intensive. Monitor parameters and consider pagination for large batches,0.85,security-team
INC1005,CONF1528,Rabbitmq Performance Tuning,For health: 1. Check memory status 2. Verify settings 3. Review logs,0.93,payments-team
INC1006,CONF1529,Api-Gateway Operations Guide,For logs: 1. Check disk status 2. Verify limits 3. Review logs,0.72,payments-team
INC1007,CONF1530,Fluentd Service Runbook,logs uses disk that can be intensive. Monitor parameters and consider pagination for large batches,0.94,payments-team
INC1008,CONF1531,User Configuration Guide,"Monitor health, check for CPU, review limits settings",0.74,security-team
INC1009,CONF1532,Email Operations Guide,configuration uses disk that can be intensive. Monitor parameters and consider pagination for large batches,0.96,observability-team
INC1010,CONF1533,Logging Operations Guide,logs uses memory that can be intensive. Monitor limits and consider pagination for large batches,0.83,dba-team
INC1011,CONF1534,Container-Registry Configuration Guide,Steps: 1. Check logs 2. Verify disk 3. Review recent changes,0.78,observability-team
INC1012,CONF1535,Ci-Cd Monitoring Setup,Steps: 1. Check configuration 2. Verify memory 3. Review recent changes,0.91,security-team
INC1012,CONF1536,Container-Registry Configuration Guide,"Monitor status, check for network, review limits settings",0.82,dba-team
INC1013,CONF1537,Kubernetes Troubleshooting Guide,"Monitor status, check for network, review settings settings",0.96,api-team
INC1014,CONF1538,Search SLA Requirements,configuration uses network that can be intensive. Monitor settings and consider pagination for large batches,0.94,platform-team
INC1015,CONF1539,Fulfillment SLA Requirements,"Monitor logs, check for disk, review limits settings",0.78,platform-team
INC1015,CONF1540,Kubernetes Disaster Recovery,Steps: 1. Check status 2. Verify disk 3. Review recent changes,0.72,payments-team
INC1016,CONF1541,Read-Replica Incident Response,"For logs issues, first check the memory dashboard",0.9,infra-team
INC1017,CONF1542,Rabbitmq SLA Requirements,"Monitor health, check for memory, review limits settings",0.76,infra-team
INC1018,CONF1543,Rabbitmq SLA Requirements,"For status issues, first check the memory dashboard",0.88,search-team
INC1018,CONF1544,Elasticsearch Troubleshooting Guide,"For configuration issues, first check the CPU dashboard",0.92,api-team
INC1019,CONF1545,Logging Service Runbook,status uses disk that can be intensive. Monitor parameters and consider pagination for large batches,0.9,api-team
INC1020,CONF1546,Rate-Limiter Service Runbook,"Monitor status, check for disk, review settings settings",0.73,observability-team
INC1020,CONF1547,Payment Troubleshooting Guide,"For health issues, first check the disk dashboard",0.86,dba-team
INC1021,CONF1548,Read-Replica Performance Tuning,Steps: 1. Check health 2. Verify disk 3. Review recent changes,0.9,dba-team
INC1022,CONF1549,Email Configuration Guide,"Monitor configuration, check for memory, review settings settings",0.77,search-team
INC1022,CONF1550,Auth Configuration Guide,"For logs issues, first check the memory dashboard",0.89,api-team
INC1023,CONF1551,Api-Gateway Operations Guide,status uses disk that can be intensive. Monitor settings and consider pagination for large batches,0.91,observability-team
INC1023,CONF1552,Payment SLA Requirements,Steps: 1. Check configuration 2. Verify network 3. Review recent changes,0.88,api-team
INC1024,CONF1553,Kubernetes SLA Requirements,Steps: 1. Check logs 2. Verify memory 3. Review recent changes,0.75,ops-team
INC1025,CONF1554,Product Monitoring Setup,Steps: 1. Check configuration 2. Verify CPU 3. Review recent changes,0.79,ops-team
INC1025,CONF1555,User Configuration Guide,"For status issues, first check the CPU dashboard",0.87,search-team
INC1026,CONF1556,Cache Performance Tuning,Steps: 1. Check configuration 2. Verify CPU 3. Review recent changes,0.71,ops-team
INC1027,CONF1557,Order Service Runbook,"For health issues, first check the network dashboard",0.8,devops-team
INC1027,CONF1558,Fulfillment Monitoring Setup,"For logs issues, first check the CPU dashboard",0.74,platform-team
INC1028,CONF1559,Read-Replica Troubleshooting Guide,health uses CPU that can be intensive. Monitor parameters and consider pagination for large batches,0.85,dba-team
INC1028,CONF1560,Email Architecture,"Monitor configuration, check for CPU, review parameters settings",0.76,api-team
INC1029,CONF1561,Reporting Disaster Recovery,Steps: 1. Check status 2. Verify CPU 3. Review recent changes,0.86,api-team
INC1029,CONF1562,Session Incident Response,For logs: 1. Check network status 2. Verify settings 3. Review logs,0.93,infra-team
INC1030,CONF1563,Fluentd Incident Response,"For status issues, first check the network dashboard",0.86,observability-team
INC1030,CONF1564,Cdn Performance Tuning,health uses CPU that can be intensive. Monitor settings and consider pagination for large batches,0.78,ops-team
INC1031,CONF1565,Auth SLA Requirements,Steps: 1. Check logs 2. Verify CPU 3. Review recent changes,0.79,observability-team
INC1031,CONF1566,Product Configuration Guide,"Monitor health, check for disk, review parameters settings",0.84,search-team
INC1032,CONF1567,Database Disaster Recovery,"For status issues, first check the memory dashboard",0.78,api-team
INC1032,CONF1568,Cache Troubleshooting Guide,"For health issues, first check the network dashboard",0.76,dba-team
INC1033,CONF1569,Order Disaster Recovery,Steps: 1. Check logs 2. Verify disk 3. Review recent changes,0.89,platform-team
INC1034,CONF1570,Logging Configuration Guide,"For configuration issues, first check the network dashboard",0.91,infra-team
INC1035,CONF1571,Fluentd Operations Guide,"For health issues, first check the memory dashboard",0.8,observability-team
INC1036,CONF1572,Notification Performance Tuning,"For logs issues, first check the network dashboard",0.7,platform-team
INC1037,CONF1573,Search Operations Guide,"Monitor status, check for memory, review parameters settings",0.89,security-team
INC1038,CONF1574,Session Performance Tuning,"For health issues, first check the memory dashboard",0.88,api-team
INC1039,CONF1575,Auth Troubleshooting Guide,Steps: 1. Check status 2. Verify memory 3. Review recent changes,0.84,infra-team
INC1040,CONF1576,Ci-Cd Monitoring Setup,"For configuration issues, first check the memory dashboard",0.72,identity-team
INC1041,CONF1577,Order Disaster Recovery,"For configuration issues, first check the memory dashboard",0.86,ops-team
INC1041,CONF1578,Order Configuration Guide,logs uses memory that can be intensive. Monitor limits and consider pagination for large batches,0.77,security-team
INC1042,CONF1579,Elasticsearch Configuration Guide,logs uses CPU that can be intensive. Monitor settings and consider pagination for large batches,0.93,identity-team
INC1042,CONF1580,Logging Monitoring Setup,For logs: 1. Check disk status 2. Verify limits 3. Review logs,0.94,dba-team
INC1043,CONF1581,Api-Gateway Configuration Guide,"Monitor health, check for memory, review settings settings",0.87,devops-team
INC1044,CONF1582,User Disaster Recovery,status uses memory that can be intensive. Monitor parameters and consider pagination for large batches,0.71,devops-team
INC1045,CONF1583,Order Architecture,"Monitor logs, check for disk, review limits settings",0.74,identity-team
INC1045,CONF1584,Database Service Runbook,"For logs issues, first check the memory dashboard",0.74,security-team
INC1046,CONF1585,Ci-Cd Disaster Recovery,For logs: 1. Check disk status 2. Verify parameters 3. Review logs,0.75,ops-team
INC1046,CONF1586,Fluentd Performance Tuning,"Monitor status, check for memory, review settings settings",0.77,observability-team
INC1047,CONF1587,Checkout Disaster Recovery,"For status issues, first check the memory dashboard",0.92,devops-team
INC1048,CONF1588,Elasticsearch Monitoring Setup,Steps: 1. Check status 2. Verify CPU 3. Review recent changes,0.89,payments-team
INC1049,CONF1589,Fulfillment SLA Requirements,Steps: 1. Check logs 2. Verify memory 3. Review recent changes,0.88,infra-team
INC1050,CONF1590,Elasticsearch Troubleshooting Guide,Steps: 1. Check configuration 2. Verify CPU 3. Review recent changes,0.74,platform-team
INC1050,CONF1591,Checkout SLA Requirements,"For status issues, first check the CPU dashboard",0.8,devops-team
INC1051,CONF1592,Ci-Cd Monitoring Setup,For status: 1. Check memory status 2. Verify limits 3. Review logs,0.87,api-team
INC1052,CONF1593,Frontend Operations Guide,"For status issues, first check the memory dashboard",0.95,search-team
INC1053,CONF1594,Product Service Runbook,"For configuration issues, first check the memory dashboard",0.89,platform-team
INC1053,CONF1595,Read-Replica Incident Response,For configuration: 1. Check network status 2. Verify limits 3. Review logs,0.94,payments-team
INC1054,CONF1596,Email SLA Requirements,Steps: 1. Check configuration 2. Verify CPU 3. Review recent changes,0.83,search-team
INC1055,CONF1597,Read-Replica Troubleshooting Guide,"For configuration issues, first check the disk dashboard",0.76,identity-team
INC1055,CONF1598,Auth Architecture,Steps: 1. Check logs 2. Verify network 3. Review recent changes,0.81,devops-team
INC1056,CONF1599,Frontend Monitoring Setup,For configuration: 1. Check CPU status 2. Verify parameters 3. Review logs,0.88,ops-team
INC1057,CONF1600,Elasticsearch Incident Response,"Monitor status, check for network, review parameters settings",0.84,infra-team
INC1057,CONF1601,Container-Registry SLA Requirements,configuration uses network that can be intensive. Monitor limits and consider pagination for large batches,0.87,devops-team
INC1058,CONF1602,Payment Disaster Recovery,"For logs issues, first check the network dashboard",0.74,dba-team
INC1058,CONF1603,Ci-Cd Performance Tuning,"Monitor configuration, check for network, review settings settings",0.89,security-team
INC1059,CONF1604,Product SLA Requirements,status uses CPU that can be intensive. Monitor settings and consider pagination for large batches,0.74,security-team
INC1060,CONF1605,Frontend Incident Response,For health: 1. Check CPU status 2. Verify settings 3. Review logs,0.89,observability-team
INC1060,CONF1606,Cdn Disaster Recovery,"Monitor logs, check for network, review settings settings",0.75,search-team
INC1061,CONF1607,Load-Balancer Performance Tuning,"Monitor configuration, check for memory, review limits settings",0.74,payments-team
INC1061,CONF1608,Search Configuration Guide,"Monitor status, check for memory, review parameters settings",0.86,payments-team
INC1062,CONF1609,Session Architecture,Steps: 1. Check status 2. Verify disk 3. Review recent changes,0.79,platform-team
INC1062,CONF1610,Notification Operations Guide,Steps: 1. Check health 2. Verify network 3. Review recent changes,0.88,platform-team
INC1063,CONF1611,Email Monitoring Setup,Steps: 1. Check configuration 2. Verify memory 3. Review recent changes,0.95,security-team
INC1063,CONF1612,Elasticsearch Service Runbook,"For status issues, first check the CPU dashboard",0.89,observability-team
INC1064,CONF1613,Rabbitmq Operations Guide,configuration uses disk that can be intensive. Monitor limits and consider pagination for large batches,0.82,ops-team
INC1064,CONF1614,Oauth-Provider Configuration Guide,configuration uses CPU that can be intensive. Monitor settings and consider pagination for large batches,0.83,infra-team
INC1065,CONF1615,Oauth-Provider Troubleshooting Guide,Steps: 1. Check logs 2. Verify network 3. Review recent changes,0.71,observability-team
INC1066,CONF1616,Order Troubleshooting Guide,"For configuration issues, first check the CPU dashboard",0.9,dba-team
INC1067,CONF1617,Fulfillment Configuration Guide,"Monitor status, check for network, review settings settings",0.89,devops-team
INC1067,CONF1618,Session Incident Response,For health: 1. Check network status 2. Verify parameters 3. Review logs,0.77,security-team
INC1068,CONF1619,Ci-Cd Troubleshooting Guide,Steps: 1. Check logs 2. Verify memory 3. Review recent changes,0.75,infra-team
INC1069,CONF1620,Rabbitmq Operations Guide,"For health issues, first check the CPU dashboard",0.86,ops-team
INC1070,CONF1621,Session Configuration Guide,Steps: 1. Check configuration 2. Verify network 3. Review recent changes,0.72,ops-team
INC1071,CONF1622,Ci-Cd Troubleshooting Guide,"Monitor status, check for network, review settings settings",0.91,platform-team
INC1071,CONF1623,Rate-Limiter SLA Requirements,Steps: 1. Check status 2. Verify network 3. Review recent changes,0.89,security-team
INC1072,CONF1624,Search Monitoring Setup,Steps: 1. Check logs 2. Verify disk 3. Review recent changes,0.9,security-team
INC1072,CONF1625,Rate-Limiter Incident Response,"Monitor health, check for CPU, review settings settings",0.77,search-team
INC1073,CONF1626,Api-Gateway SLA Requirements,"Monitor logs, check for network, review limits settings",0.79,platform-team
INC1074,CONF1627,Oauth-Provider Performance Tuning,health uses memory that can be intensive. Monitor settings and consider pagination for large batches,0.79,security-team
INC1074,CONF1628,Reporting Architecture,health uses network that can be intensive. Monitor parameters and consider pagination for large batches,0.73,security-team
INC1075,CONF1629,Checkout Configuration Guide,health uses CPU that can be intensive. Monitor settings and consider pagination for large batches,0.9,dba-team
INC1076,CONF1630,Order Operations Guide,Steps: 1. Check logs 2. Verify network 3. Review recent changes,0.92,dba-team
INC1077,CONF1631,Container-Registry Troubleshooting Guide,"Monitor logs, check for memory, review parameters settings",0.79,security-team
INC1077,CONF1632,Kubernetes Service Runbook,Steps: 1. Check logs 2. Verify memory 3. Review recent changes,0.93,search-team
INC1078,CONF1633,Auth Performance Tuning,status uses CPU that can be intensive. Monitor limits and consider pagination for large batches,0.71,ops-team
INC1079,CONF1634,Load-Balancer SLA Requirements,"For configuration issues, first check the network dashboard",0.83,infra-team
INC1079,CONF1635,Elasticsearch Troubleshooting Guide,For logs: 1. Check memory status 2. Verify parameters 3. Review logs,0.9,api-team
INC1080,CONF1636,Frontend Architecture,Steps: 1. Check health 2. Verify network 3. Review recent changes,0.89,ops-team
INC1081,CONF1637,Load-Balancer Service Runbook,For health: 1. Check CPU status 2. Verify settings 3. Review logs,0.71,payments-team
INC1082,CONF1638,Load-Balancer Performance Tuning,For logs: 1. Check network status 2. Verify limits 3. Review logs,0.74,identity-team
INC1083,CONF1639,Read-Replica Monitoring Setup,configuration uses network that can be intensive. Monitor parameters and consider pagination for large batches,0.88,infra-team
INC1084,CONF1640,Payment Disaster Recovery,"Monitor configuration, check for memory, review parameters settings",0.88,devops-team
INC1084,CONF1641,Payment Troubleshooting Guide,logs uses CPU that can be intensive. Monitor limits and consider pagination for large batches,0.75,api-team
INC1085,CONF1642,Fluentd Monitoring Setup,logs uses disk that can be intensive. Monitor parameters and consider pagination for large batches,0.84,infra-team
INC1086,CONF1643,Search Troubleshooting Guide,Steps: 1. Check status 2. Verify memory 3. Review recent changes,0.93,identity-team
INC1087,CONF1644,Notification Operations Guide,Steps: 1. Check logs 2. Verify disk 3. Review recent changes,0.83,platform-team
INC1088,CONF1645,Oauth-Provider Configuration Guide,health uses network that can be intensive. Monitor parameters and consider pagination for large batches,0.7,search-team
INC1089,CONF1646,User Operations Guide,For status: 1. Check CPU status 2. Verify settings 3. Review logs,0.89,dba-team
INC1090,CONF1647,Elasticsearch Architecture,Steps: 1. Check configuration 2. Verify disk 3. Review recent changes,0.75,ops-team
INC1091,CONF1648,Rate-Limiter Architecture,logs uses network that can be intensive. Monitor limits and consider pagination for large batches,0.8,security-team
INC1092,CONF1649,Api-Gateway Troubleshooting Guide,status uses CPU that can be intensive. Monitor limits and consider pagination for large batches,0.73,ops-team
INC1093,CONF1650,Container-Registry Configuration Guide,health uses disk that can be intensive. Monitor limits and consider pagination for large batches,0.81,observability-team
INC1094,CONF1651,Kubernetes Service Runbook,Steps: 1. Check configuration 2. Verify network 3. Review recent changes,0.76,ops-team
INC1095,CONF1652,Checkout Disaster Recovery,logs uses disk that can be intensive. Monitor settings and consider pagination for large batches,0.9,ops-team
INC1096,CONF1653,Frontend Monitoring Setup,"For status issues, first check the memory dashboard",0.85,ops-team
INC1097,CONF1654,Cdn Troubleshooting Guide,logs uses disk that can be intensive. Monitor parameters and consider pagination for large batches,0.7,security-team
INC1097,CONF1655,Product SLA Requirements,Steps: 1. Check health 2. Verify network 3. Review recent changes,0.92,dba-team
INC1098,CONF1656,User Disaster Recovery,For status: 1. Check network status 2. Verify parameters 3. Review logs,0.86,api-team
INC1099,CONF1657,User SLA Requirements,For health: 1. Check CPU status 2. Verify parameters 3. Review logs,0.93,platform-team
INC1100,CONF1658,Rate-Limiter Operations Guide,Steps: 1. Check configuration 2. Verify network 3. Review recent changes,0.77,ops-team
INC1100,CONF1659,Api-Gateway Configuration Guide,health uses CPU that can be intensive. Monitor settings and consider pagination for large batches,0.88,platform-team
INC1101,CONF1660,Cdn Incident Response,Steps: 1. Check health 2. Verify network 3. Review recent changes,0.93,identity-team
INC1102,CONF1661,Reporting Disaster Recovery,"For logs issues, first check the disk dashboard",0.77,identity-team
INC1102,CONF1662,Email Troubleshooting Guide,"For health issues, first check the disk dashboard",0.77,dba-team
INC1103,CONF1663,Logging Service Runbook,logs uses disk that can be intensive. Monitor parameters and consider pagination for large batches,0.8,security-team
INC1104,CONF1664,Notification Operations Guide,configuration uses memory that can be intensive. Monitor limits and consider pagination for large batches,0.93,search-team
INC1105,CONF1665,Product Incident Response,"For status issues, first check the CPU dashboard",0.89,identity-team
INC1105,CONF1666,Load-Balancer Architecture,For logs: 1. Check network status 2. Verify settings 3. Review logs,0.95,api-team
INC1106,CONF1667,Frontend Architecture,configuration uses disk that can be intensive. Monitor parameters and consider pagination for large batches,0.92,security-team
INC1107,CONF1668,Product Incident Response,"For configuration issues, first check the network dashboard",0.76,payments-team
INC1107,CONF1669,Session Incident Response,"For status issues, first check the disk dashboard",0.83,ops-team
INC1108,CONF1670,Oauth-Provider Troubleshooting Guide,For health: 1. Check network status 2. Verify settings 3. Review logs,0.83,infra-team
INC1109,CONF1671,Order Troubleshooting Guide,Steps: 1. Check status 2. Verify memory 3. Review recent changes,0.83,payments-team
INC1110,CONF1672,Order Operations Guide,health uses network that can be intensive. Monitor limits and consider pagination for large batches,0.82,api-team
INC1111,CONF1673,Reporting Monitoring Setup,"Monitor health, check for disk, review parameters settings",0.72,dba-team
INC1111,CONF1674,Database Troubleshooting Guide,configuration uses CPU that can be intensive. Monitor parameters and consider pagination for large batches,0.93,ops-team
INC1112,CONF1675,Email Operations Guide,For configuration: 1. Check disk status 2. Verify limits 3. Review logs,0.72,dba-team
INC1113,CONF1676,Fluentd Performance Tuning,"For logs issues, first check the disk dashboard",0.81,dba-team
INC1114,CONF1677,Cache SLA Requirements,Steps: 1. Check status 2. Verify disk 3. Review recent changes,0.89,devops-team
INC1115,CONF1678,Container-Registry Monitoring Setup,"Monitor logs, check for CPU, review limits settings",0.79,devops-team
INC1116,CONF1679,Fluentd Service Runbook,For configuration: 1. Check disk status 2. Verify limits 3. Review logs,0.83,devops-team
INC1117,CONF1680,Kubernetes Operations Guide,For status: 1. Check memory status 2. Verify limits 3. Review logs,0.85,identity-team
INC1117,CONF1681,Product Operations Guide,"For health issues, first check the network dashboard",0.76,observability-team
INC1118,CONF1682,Oauth-Provider Monitoring Setup,health uses CPU that can be intensive. Monitor parameters and consider pagination for large batches,0.77,observability-team
INC1118,CONF1683,Ci-Cd Architecture,status uses disk that can be intensive. Monitor limits and consider pagination for large batches,0.87,search-team
INC1119,CONF1684,Search Monitoring Setup,configuration uses memory that can be intensive. Monitor limits and consider pagination for large batches,0.82,observability-team
INC1120,CONF1685,Cdn Incident Response,"For health issues, first check the memory dashboard",0.77,dba-team
INC1120,CONF1686,Auth Disaster Recovery,Steps: 1. Check status 2. Verify CPU 3. Review recent changes,0.74,infra-team
INC1121,CONF1687,Rate-Limiter Monitoring Setup,"Monitor status, check for memory, review parameters settings",0.8,search-team
INC1121,CONF1688,Search Service Runbook,Steps: 1. Check status 2. Verify network 3. Review recent changes,0.83,platform-team
INC1122,CONF1689,Fulfillment Monitoring Setup,health uses network that can be intensive. Monitor settings and consider pagination for large batches,0.8,devops-team
INC1123,CONF1690,Read-Replica SLA Requirements,For logs: 1. Check memory status 2. Verify limits 3. Review logs,0.78,dba-team
INC1123,CONF1691,Kubernetes SLA Requirements,configuration uses memory that can be intensive. Monitor limits and consider pagination for large batches,0.76,ops-team
INC1124,CONF1692,Fluentd Operations Guide,Steps: 1. Check configuration 2. Verify CPU 3. Review recent changes,0.79,ops-team
INC1124,CONF1693,Rabbitmq Architecture,For logs: 1. Check memory status 2. Verify limits 3. Review logs,0.93,infra-team
INC1125,CONF1694,Cdn Operations Guide,health uses network that can be intensive. Monitor parameters and consider pagination for large batches,0.78,infra-team
INC1126,CONF1695,Payment Troubleshooting Guide,For logs: 1. Check CPU status 2. Verify settings 3. Review logs,0.75,identity-team
INC1126,CONF1696,Fluentd Monitoring Setup,"For health issues, first check the CPU dashboard",0.94,ops-team
INC1127,CONF1697,Auth Incident Response,health uses network that can be intensive. Monitor parameters and consider pagination for large batches,0.88,payments-team
INC1128,CONF1698,Frontend Monitoring Setup,Steps: 1. Check health 2. Verify CPU 3. Review recent changes,0.83,infra-team
INC1128,CONF1699,Email Architecture,"Monitor configuration, check for network, review settings settings",0.86,infra-team
INC1129,CONF1700,Container-Registry Disaster Recovery,"Monitor configuration, check for CPU, review settings settings",0.83,identity-team
INC1130,CONF1701,Reporting Incident Response,For health: 1. Check CPU status 2. Verify limits 3. Review logs,0.83,ops-team
INC1131,CONF1702,Product Performance Tuning,Steps: 1. Check logs 2. Verify CPU 3. Review recent changes,0.84,identity-team
INC1131,CONF1703,User Performance Tuning,"For configuration issues, first check the network dashboard",0.88,platform-team
INC1132,CONF1704,Read-Replica Incident Response,logs uses disk that can be intensive. Monitor parameters and consider pagination for large batches,0.79,devops-team
INC1133,CONF1705,Notification SLA Requirements,"Monitor logs, check for disk, review limits settings",0.72,dba-team
INC1134,CONF1706,Kubernetes Configuration Guide,status uses memory that can be intensive. Monitor parameters and consider pagination for large batches,0.72,devops-team
INC1135,CONF1707,Database Operations Guide,"Monitor health, check for CPU, review settings settings",0.92,infra-team
INC1136,CONF1708,Fulfillment Performance Tuning,"Monitor logs, check for disk, review limits settings",0.72,ops-team
INC1137,CONF1709,Logging Monitoring Setup,"For configuration issues, first check the memory dashboard",0.78,devops-team
INC1137,CONF1710,Api-Gateway SLA Requirements,status uses disk that can be intensive. Monitor limits and consider pagination for large batches,0.79,identity-team
INC1138,CONF1711,Notification Incident Response,Steps: 1. Check logs 2. Verify network 3. Review recent changes,0.93,platform-team
INC1138,CONF1712,Auth Configuration Guide,Steps: 1. Check logs 2. Verify CPU 3. Review recent changes,0.85,observability-team
INC1139,CONF1713,Elasticsearch Troubleshooting Guide,Steps: 1. Check health 2. Verify memory 3. Review recent changes,0.81,api-team
INC1139,CONF1714,Rate-Limiter Monitoring Setup,"For configuration issues, first check the disk dashboard",0.82,ops-team
INC1140,CONF1715,Database Monitoring Setup,logs uses disk that can be intensive. Monitor parameters and consider pagination for large batches,0.77,api-team
INC1141,CONF1716,Session Architecture,health uses CPU that can be intensive. Monitor parameters and consider pagination for large batches,0.73,search-team
INC1142,CONF1717,Cache Incident Response,Steps: 1. Check status 2. Verify memory 3. Review recent changes,0.91,observability-team
INC1143,CONF1718,Checkout SLA Requirements,For status: 1. Check disk status 2. Verify parameters 3. Review logs,0.79,infra-team
INC1143,CONF1719,Oauth-Provider Performance Tuning,"Monitor configuration, check for CPU, review limits settings",0.91,dba-team
INC1144,CONF1720,Logging Architecture,"Monitor status, check for disk, review parameters settings",0.86,infra-team
INC1145,CONF1721,Cdn Architecture,"Monitor status, check for memory, review limits settings",0.71,identity-team
INC1145,CONF1722,Cache Disaster Recovery,health uses CPU that can be intensive. Monitor parameters and consider pagination for large batches,0.93,observability-team
INC1146,CONF1723,Product Configuration Guide,For status: 1. Check network status 2. Verify settings 3. Review logs,0.95,search-team
INC1146,CONF1724,Cdn Incident Response,For status: 1. Check disk status 2. Verify settings 3. Review logs,0.77,security-team
INC1147,CONF1725,Reporting Monitoring Setup,"Monitor status, check for disk, review settings settings",0.92,infra-team
INC1148,CONF1726,Email Monitoring Setup,"Monitor configuration, check for memory, review settings settings",0.73,identity-team
INC1148,CONF1727,Fulfillment Disaster Recovery,status uses CPU that can be intensive. Monitor parameters and consider pagination for large batches,0.77,payments-team
INC1149,CONF1728,User Operations Guide,"For configuration issues, first check the network dashboard",0.88,api-team
INC1150,CONF1729,Fluentd Disaster Recovery,For health: 1. Check disk status 2. Verify parameters 3. Review logs,0.75,identity-team
INC1150,CONF1730,Ci-Cd Operations Guide,"For logs issues, first check the memory dashboard",0.81,platform-team
INC1151,CONF1731,Order Service Runbook,"Monitor logs, check for disk, review settings settings",0.82,ops-team
INC1151,CONF1732,Api-Gateway Monitoring Setup,"Monitor logs, check for network, review parameters settings",0.74,api-team
INC1152,CONF1733,Cdn Architecture,health uses memory that can be intensive. Monitor limits and consider pagination for large batches,0.84,infra-team
INC1152,CONF1734,Notification Incident Response,Steps: 1. Check configuration 2. Verify network 3. Review recent changes,0.87,infra-team
INC1153,CONF1735,Rabbitmq Service Runbook,Steps: 1. Check logs 2. Verify disk 3. Review recent changes,0.93,infra-team
INC1154,CONF1736,Checkout Configuration Guide,"Monitor logs, check for disk, review parameters settings",0.93,ops-team
INC1155,CONF1737,Elasticsearch Performance Tuning,Steps: 1. Check status 2. Verify memory 3. Review recent changes,0.82,platform-team
INC1155,CONF1738,Payment Performance Tuning,"Monitor logs, check for disk, review limits settings",0.95,ops-team
INC1156,CONF1739,User Incident Response,health uses disk that can be intensive. Monitor parameters and consider pagination for large batches,0.72,payments-team
INC1156,CONF1740,Read-Replica Operations Guide,For configuration: 1. Check disk status 2. Verify limits 3. Review logs,0.74,platform-team
INC1157,CONF1741,Product Monitoring Setup,"For status issues, first check the CPU dashboard",0.86,search-team
INC1157,CONF1742,Auth Troubleshooting Guide,For status: 1. Check CPU status 2. Verify settings 3. Review logs,0.76,identity-team
INC1158,CONF1743,Cache Architecture,"Monitor configuration, check for memory, review parameters settings",0.82,dba-team
INC1158,CONF1744,Api-Gateway Service Runbook,"Monitor configuration, check for memory, review settings settings",0.95,ops-team
INC1159,CONF1745,Search Disaster Recovery,Steps: 1. Check logs 2. Verify network 3. Review recent changes,0.95,dba-team
INC1160,CONF1746,Frontend Troubleshooting Guide,logs uses disk that can be intensive. Monitor limits and consider pagination for large batches,0.86,ops-team
INC1160,CONF1747,Notification Service Runbook,Steps: 1. Check logs 2. Verify CPU 3. Review recent changes,0.76,dba-team
INC1161,CONF1748,Cdn Architecture,"Monitor status, check for CPU, review parameters settings",0.96,identity-team
INC1162,CONF1749,Email SLA Requirements,"For status issues, first check the network dashboard",0.73,ops-team
INC1163,CONF1750,Fluentd Operations Guide,logs uses CPU that can be intensive. Monitor limits and consider pagination for large batches,0.72,devops-team
INC1163,CONF1751,Rabbitmq Disaster Recovery,For configuration: 1. Check disk status 2. Verify parameters 3. Review logs,0.71,infra-team
INC1164,CONF1752,Auth Incident Response,"Monitor logs, check for memory, review parameters settings",0.84,search-team
INC1165,CONF1753,Api-Gateway Troubleshooting Guide,"Monitor status, check for CPU, review parameters settings",0.8,infra-team
INC1166,CONF1754,Kubernetes Configuration Guide,status uses disk that can be intensive. Monitor limits and consider pagination for large batches,0.81,observability-team
INC1167,CONF1755,Ci-Cd Operations Guide,"Monitor configuration, check for network, review settings settings",0.87,infra-team
INC1167,CONF1756,Logging Architecture,"For logs issues, first check the disk dashboard",0.85,identity-team
INC1168,CONF1757,Load-Balancer Configuration Guide,Steps: 1. Check configuration 2. Verify memory 3. Review recent changes,0.78,dba-team
INC1169,CONF1758,Api-Gateway Service Runbook,For status: 1. Check CPU status 2. Verify parameters 3. Review logs,0.77,observability-team
INC1170,CONF1759,User SLA Requirements,logs uses memory that can be intensive. Monitor settings and consider pagination for large batches,0.85,api-team
INC1171,CONF1760,Database Monitoring Setup,"For health issues, first check the network dashboard",0.94,dba-team
INC1172,CONF1761,Payment Monitoring Setup,For status: 1. Check network status 2. Verify settings 3. Review logs,0.8,identity-team
INC1173,CONF1762,Fulfillment SLA Requirements,"Monitor configuration, check for disk, review parameters settings",0.72,identity-team
INC1174,CONF1763,Read-Replica Configuration Guide,Steps: 1. Check status 2. Verify network 3. Review recent changes,0.89,identity-team
INC1175,CONF1764,Kubernetes Troubleshooting Guide,"Monitor configuration, check for disk, review limits settings",0.7,api-team
INC1176,CONF1765,Load-Balancer Service Runbook,"Monitor status, check for memory, review parameters settings",0.7,payments-team
INC1177,CONF1766,Cache Incident Response,"For status issues, first check the network dashboard",0.93,platform-team
INC1177,CONF1767,Product Service Runbook,"Monitor configuration, check for memory, review limits settings",0.72,identity-team
INC1178,CONF1768,Elasticsearch Disaster Recovery,Steps: 1. Check logs 2. Verify network 3. Review recent changes,0.92,platform-team
INC1178,CONF1769,Cdn Architecture,"Monitor health, check for disk, review limits settings",0.81,identity-team
INC1179,CONF1770,Load-Balancer Troubleshooting Guide,"Monitor configuration, check for memory, review parameters settings",0.71,infra-team
INC1180,CONF1771,Frontend Service Runbook,For health: 1. Check network status 2. Verify settings 3. Review logs,0.79,platform-team
INC1181,CONF1772,Auth Configuration Guide,For logs: 1. Check CPU status 2. Verify settings 3. Review logs,0.86,infra-team
INC1182,CONF1773,Container-Registry Architecture,"Monitor logs, check for memory, review settings settings",0.72,security-team
INC1182,CONF1774,Frontend Disaster Recovery,Steps: 1. Check health 2. Verify CPU 3. Review recent changes,0.79,identity-team
INC1183,CONF1775,Email SLA Requirements,"For configuration issues, first check the disk dashboard",0.74,observability-team
INC1184,CONF1776,Reporting Monitoring Setup,For health: 1. Check CPU status 2. Verify limits 3. Review logs,0.83,ops-team
INC1184,CONF1777,Frontend Operations Guide,"Monitor configuration, check for CPU, review parameters settings",0.96,dba-team
INC1185,CONF1778,Rabbitmq Configuration Guide,"For status issues, first check the CPU dashboard",0.92,payments-team
INC1186,CONF1779,Order Operations Guide,Steps: 1. Check status 2. Verify CPU 3. Review recent changes,0.85,devops-team
INC1186,CONF1780,Email Troubleshooting Guide,For health: 1. Check disk status 2. Verify parameters 3. Review logs,0.83,security-team
INC1187,CONF1781,Kubernetes Disaster Recovery,"Monitor status, check for network, review limits settings",0.94,api-team
INC1188,CONF1782,Kubernetes Monitoring Setup,health uses CPU that can be intensive. Monitor limits and consider pagination for large batches,0.96,payments-team
INC1188,CONF1783,Cache Disaster Recovery,"For health issues, first check the network dashboard",0.88,infra-team
INC1189,CONF1784,Logging SLA Requirements,For configuration: 1. Check disk status 2. Verify limits 3. Review logs,0.91,dba-team
INC1190,CONF1785,Database Architecture,Steps: 1. Check status 2. Verify disk 3. Review recent changes,0.75,devops-team
INC1191,CONF1786,User Performance Tuning,"Monitor logs, check for CPU, review limits settings",0.79,ops-team
INC1192,CONF1787,Cache Incident Response,For logs: 1. Check network status 2. Verify settings 3. Review logs,0.77,platform-team
INC1193,CONF1788,Product Disaster Recovery,Steps: 1. Check configuration 2. Verify network 3. Review recent changes,0.71,ops-team
INC1194,CONF1789,Order Monitoring Setup,"For logs issues, first check the network dashboard",0.93,infra-team
INC1195,CONF1790,Cache Troubleshooting Guide,For configuration: 1. Check CPU status 2. Verify limits 3. Review logs,0.87,identity-team
INC1196,CONF1791,Ci-Cd Architecture,"Monitor health, check for network, review limits settings",0.85,api-team
INC1197,CONF1792,Search Performance Tuning,"Monitor status, check for disk, review settings settings",0.78,identity-team
INC1197,CONF1793,Frontend SLA Requirements,Steps: 1. Check configuration 2. Verify CPU 3. Review recent changes,0.94,dba-team
INC1198,CONF1794,Api-Gateway Troubleshooting Guide,Steps: 1. Check status 2. Verify memory 3. Review recent changes,0.79,identity-team
INC1198,CONF1795,Cache Disaster Recovery,Steps: 1. Check logs 2. Verify disk 3. Review recent changes,0.73,ops-team
INC1199,CONF1796,Email Monitoring Setup,"For configuration issues, first check the network dashboard",0.81,devops-team
INC1199,CONF1797,Logging SLA Requirements,"For logs issues, first check the network dashboard",0.73,search-team
INC1200,CONF1798,Session Disaster Recovery,For health: 1. Check network status 2. Verify settings 3. Review logs,0.72,dba-team
INC1200,CONF1799,Fluentd Performance Tuning,"For status issues, first check the network dashboard",0.81,devops-team
INC1201,CONF1800,Product SLA Requirements,logs uses memory that can be intensive. Monitor settings and consider pagination for large batches,0.76,platform-team
INC1201,CONF1801,Cdn Architecture,For configuration: 1. Check network status 2. Verify parameters 3. Review logs,0.76,devops-team
INC1202,CONF1802,Checkout Configuration Guide,"For health issues, first check the disk dashboard",0.87,dba-team
INC1202,CONF1803,Search Troubleshooting Guide,"For health issues, first check the CPU dashboard",0.86,payments-team
INC1203,CONF1804,Logging Disaster Recovery,"Monitor status, check for network, review parameters settings",0.84,platform-team
INC1204,CONF1805,Search Performance Tuning,logs uses memory that can be intensive. Monitor settings and consider pagination for large batches,0.71,platform-team
INC1204,CONF1806,Database Monitoring Setup,"For logs issues, first check the CPU dashboard",0.95,platform-team
INC1205,CONF1807,Api-Gateway Disaster Recovery,"Monitor logs, check for network, review parameters settings",0.79,search-team
INC1205,CONF1808,Reporting Service Runbook,"Monitor configuration, check for CPU, review settings settings",0.86,devops-team
INC1206,CONF1809,Container-Registry Architecture,"Monitor status, check for memory, review settings settings",0.83,search-team
INC1206,CONF1810,Reporting Performance Tuning,"Monitor status, check for CPU, review limits settings",0.82,ops-team
INC1207,CONF1811,Reporting Disaster Recovery,Steps: 1. Check status 2. Verify network 3. Review recent changes,0.86,dba-team
INC1208,CONF1812,Cdn Performance Tuning,"Monitor health, check for memory, review limits settings",0.77,platform-team
INC1208,CONF1813,Session Troubleshooting Guide,"Monitor logs, check for network, review settings settings",0.73,security-team
INC1209,CONF1814,Payment Configuration Guide,"Monitor status, check for network, review settings settings",0.72,security-team
INC1209,CONF1815,Cache Performance Tuning,Steps: 1. Check status 2. Verify network 3. Review recent changes,0.73,ops-team
INC1210,CONF1816,Session Service Runbook,configuration uses CPU that can be intensive. Monitor settings and consider pagination for large batches,0.72,search-team
INC1211,CONF1817,Container-Registry Incident Response,health uses CPU that can be intensive. Monitor parameters and consider pagination for large batches,0.87,ops-team
INC1212,CONF1818,Database Performance Tuning,health uses memory that can be intensive. Monitor parameters and consider pagination for large batches,0.71,devops-team
INC1213,CONF1819,Oauth-Provider Disaster Recovery,logs uses disk that can be intensive. Monitor limits and consider pagination for large batches,0.75,platform-team
INC1213,CONF1820,Ci-Cd Configuration Guide,For logs: 1. Check CPU status 2. Verify settings 3. Review logs,0.72,ops-team
INC1214,CONF1821,Kubernetes Troubleshooting Guide,logs uses CPU that can be intensive. Monitor limits and consider pagination for large batches,0.86,security-team
INC1214,CONF1822,Checkout Incident Response,logs uses memory that can be intensive. Monitor settings and consider pagination for large batches,0.85,ops-team
INC1215,CONF1823,Oauth-Provider Troubleshooting Guide,Steps: 1. Check health 2. Verify CPU 3. Review recent changes,0.78,ops-team
INC1216,CONF1824,Payment Performance Tuning,Steps: 1. Check health 2. Verify network 3. Review recent changes,0.93,payments-team
INC1216,CONF1825,Load-Balancer Incident Response,Steps: 1. Check configuration 2. Verify memory 3. Review recent changes,0.95,devops-team
INC1217,CONF1826,Elasticsearch Disaster Recovery,"For status issues, first check the memory dashboard",0.9,infra-team
INC1217,CONF1827,Rate-Limiter Service Runbook,"Monitor status, check for memory, review settings settings",0.81,security-team
INC1218,CONF1828,Cdn Configuration Guide,For logs: 1. Check CPU status 2. Verify limits 3. Review logs,0.78,infra-team
INC1219,CONF1829,Database Disaster Recovery,Steps: 1. Check logs 2. Verify network 3. Review recent changes,0.86,observability-team
INC1219,CONF1830,Rate-Limiter Monitoring Setup,For configuration: 1. Check network status 2. Verify settings 3. Review logs,0.73,platform-team
INC1220,CONF1831,Oauth-Provider Monitoring Setup,"For status issues, first check the network dashboard",0.83,identity-team
INC1220,CONF1832,Container-Registry SLA Requirements,"Monitor logs, check for network, review settings settings",0.8,identity-team
INC1221,CONF1833,Cdn Architecture,"For configuration issues, first check the CPU dashboard",0.84,infra-team
INC1222,CONF1834,Elasticsearch Configuration Guide,For status: 1. Check disk status 2. Verify settings 3. Review logs,0.91,payments-team
INC1222,CONF1835,Container-Registry Incident Response,For logs: 1. Check CPU status 2. Verify settings 3. Review logs,0.83,infra-team
INC1223,CONF1836,Container-Registry SLA Requirements,health uses network that can be intensive. Monitor parameters and consider pagination for large batches,0.84,api-team
INC1224,CONF1837,User Operations Guide,Steps: 1. Check status 2. Verify disk 3. Review recent changes,0.9,security-team
INC1224,CONF1838,Cache Disaster Recovery,"For configuration issues, first check the CPU dashboard",0.81,infra-team
INC1225,CONF1839,Cdn Configuration Guide,health uses CPU that can be intensive. Monitor parameters and consider pagination for large batches,0.84,payments-team
INC1226,CONF1840,Order Incident Response,Steps: 1. Check health 2. Verify disk 3. Review recent changes,0.84,api-team
INC1226,CONF1841,Fluentd Incident Response,status uses CPU that can be intensive. Monitor parameters and consider pagination for large batches,0.82,ops-team
INC1227,CONF1842,Read-Replica Incident Response,"Monitor configuration, check for memory, review parameters settings",0.93,identity-team
INC1227,CONF1843,Container-Registry Architecture,Steps: 1. Check health 2. Verify CPU 3. Review recent changes,0.83,observability-team
INC1228,CONF1844,Load-Balancer Service Runbook,"For configuration issues, first check the CPU dashboard",0.9,api-team
INC1228,CONF1845,Search SLA Requirements,logs uses network that can be intensive. Monitor limits and consider pagination for large batches,0.82,infra-team
INC1229,CONF1846,Oauth-Provider Incident Response,Steps: 1. Check configuration 2. Verify CPU 3. Review recent changes,0.95,identity-team
INC1230,CONF1847,Api-Gateway Troubleshooting Guide,status uses network that can be intensive. Monitor parameters and consider pagination for large batches,0.73,observability-team
INC1231,CONF1848,Product Performance Tuning,For status: 1. Check network status 2. Verify limits 3. Review logs,0.75,payments-team
INC1231,CONF1849,Product Monitoring Setup,logs uses memory that can be intensive. Monitor parameters and consider pagination for large batches,0.71,payments-team
INC1232,CONF1850,Rate-Limiter SLA Requirements,"For configuration issues, first check the network dashboard",0.82,platform-team
INC1232,CONF1851,Product Monitoring Setup,configuration uses memory that can be intensive. Monitor limits and consider pagination for large batches,0.8,payments-team
INC1233,CONF1852,Notification Operations Guide,configuration uses memory that can be intensive. Monitor limits and consider pagination for large batches,0.89,observability-team
INC1234,CONF1853,Checkout Troubleshooting Guide,"For health issues, first check the CPU dashboard",0.7,security-team
INC1235,CONF1854,Cdn Disaster Recovery,Steps: 1. Check logs 2. Verify memory 3. Review recent changes,0.79,dba-team
INC1235,CONF1855,Load-Balancer Troubleshooting Guide,Steps: 1. Check configuration 2. Verify disk 3. Review recent changes,0.71,infra-team
INC1236,CONF1856,Email Incident Response,status uses CPU that can be intensive. Monitor settings and consider pagination for large batches,0.71,api-team
INC1236,CONF1857,Checkout Architecture,Steps: 1. Check configuration 2. Verify disk 3. Review recent changes,0.92,ops-team
INC1237,CONF1858,User Performance Tuning,"Monitor health, check for disk, review limits settings",0.79,payments-team
INC1238,CONF1859,Cdn Disaster Recovery,Steps: 1. Check configuration 2. Verify CPU 3. Review recent changes,0.87,observability-team
INC1238,CONF1860,Notification Performance Tuning,configuration uses CPU that can be intensive. Monitor settings and consider pagination for large batches,0.73,identity-team
INC1239,CONF1861,Rate-Limiter Troubleshooting Guide,"For health issues, first check the disk dashboard",0.81,dba-team
INC1240,CONF1862,User Operations Guide,status uses memory that can be intensive. Monitor settings and consider pagination for large batches,0.73,api-team
INC1241,CONF1863,Fluentd Service Runbook,configuration uses network that can be intensive. Monitor limits and consider pagination for large batches,0.8,platform-team
INC1241,CONF1864,Rate-Limiter Disaster Recovery,"For logs issues, first check the network dashboard",0.84,devops-team
INC1242,CONF1865,Api-Gateway Architecture,"Monitor status, check for CPU, review settings settings",0.75,infra-team
INC1242,CONF1866,Load-Balancer Incident Response,Steps: 1. Check configuration 2. Verify memory 3. Review recent changes,0.91,payments-team
INC1243,CONF1867,Oauth-Provider Incident Response,"For status issues, first check the memory dashboard",0.82,ops-team
INC1244,CONF1868,Rabbitmq Monitoring Setup,"For logs issues, first check the disk dashboard",0.74,platform-team
INC1244,CONF1869,User Configuration Guide,Steps: 1. Check logs 2. Verify disk 3. Review recent changes,0.87,platform-team
INC1245,CONF1870,Read-Replica Architecture,For health: 1. Check network status 2. Verify settings 3. Review logs,0.72,search-team
INC1245,CONF1871,User Architecture,"Monitor status, check for memory, review settings settings",0.84,search-team
INC1246,CONF1872,Payment Performance Tuning,"For logs issues, first check the disk dashboard",0.71,security-team
INC1246,CONF1873,Rate-Limiter Operations Guide,For health: 1. Check disk status 2. Verify limits 3. Review logs,0.76,platform-team
INC1247,CONF1874,Cache Operations Guide,For logs: 1. Check CPU status 2. Verify parameters 3. Review logs,0.71,security-team
INC1248,CONF1875,Frontend Performance Tuning,Steps: 1. Check logs 2. Verify CPU 3. Review recent changes,0.86,infra-team
INC1249,CONF1876,Rabbitmq Incident Response,"For status issues, first check the disk dashboard",0.73,observability-team
INC1250,CONF1877,Api-Gateway Configuration Guide,health uses CPU that can be intensive. Monitor parameters and consider pagination for large batches,0.87,infra-team
INC1250,CONF1878,User Service Runbook,"For logs issues, first check the CPU dashboard",0.78,observability-team
INC1251,CONF1879,Notification Operations Guide,logs uses network that can be intensive. Monitor settings and consider pagination for large batches,0.86,observability-team
INC1252,CONF1880,User Incident Response,"Monitor health, check for memory, review parameters settings",0.81,api-team
INC1252,CONF1881,Email Performance Tuning,status uses CPU that can be intensive. Monitor parameters and consider pagination for large batches,0.87,search-team
INC1253,CONF1882,Auth Configuration Guide,"Monitor configuration, check for network, review settings settings",0.85,ops-team
INC1253,CONF1883,Cdn Troubleshooting Guide,"Monitor logs, check for memory, review settings settings",0.92,identity-team
INC1254,CONF1884,Fulfillment Incident Response,Steps: 1. Check health 2. Verify network 3. Review recent changes,0.83,search-team
INC1254,CONF1885,Checkout Service Runbook,"Monitor status, check for disk, review settings settings",0.91,identity-team
INC1255,CONF1886,Fulfillment Configuration Guide,"Monitor status, check for memory, review settings settings",0.93,identity-team
INC1256,CONF1887,Email SLA Requirements,For configuration: 1. Check network status 2. Verify limits 3. Review logs,0.82,devops-team
INC1257,CONF1888,Api-Gateway Configuration Guide,logs uses CPU that can be intensive. Monitor limits and consider pagination for large batches,0.83,devops-team
INC1257,CONF1889,Ci-Cd Performance Tuning,"Monitor configuration, check for memory, review parameters settings",0.81,identity-team
INC1258,CONF1890,Reporting Disaster Recovery,"For status issues, first check the CPU dashboard",0.83,observability-team
INC1258,CONF1891,Database Architecture,For status: 1. Check disk status 2. Verify limits 3. Review logs,0.73,search-team
INC1259,CONF1892,Frontend Configuration Guide,For logs: 1. Check disk status 2. Verify limits 3. Review logs,0.83,infra-team
INC1260,CONF1893,Rabbitmq Incident Response,"Monitor logs, check for CPU, review settings settings",0.71,observability-team
INC1261,CONF1894,Rate-Limiter Performance Tuning,"For logs issues, first check the CPU dashboard",0.86,security-team
INC1262,CONF1895,Cache Troubleshooting Guide,health uses memory that can be intensive. Monitor limits and consider pagination for large batches,0.71,security-team
INC1262,CONF1896,Oauth-Provider Architecture,Steps: 1. Check configuration 2. Verify memory 3. Review recent changes,0.73,dba-team
INC1263,CONF1897,Oauth-Provider Operations Guide,"For logs issues, first check the memory dashboard",0.75,identity-team
INC1263,CONF1898,Ci-Cd Performance Tuning,configuration uses CPU that can be intensive. Monitor parameters and consider pagination for large batches,0.74,ops-team
INC1264,CONF1899,Fulfillment Performance Tuning,"For status issues, first check the disk dashboard",0.85,security-team
INC1264,CONF1900,Notification Monitoring Setup,"For configuration issues, first check the network dashboard",0.82,security-team
INC1265,CONF1901,Load-Balancer Disaster Recovery,"Monitor health, check for disk, review settings settings",0.87,dba-team
INC1266,CONF1902,Rate-Limiter Disaster Recovery,For health: 1. Check network status 2. Verify parameters 3. Review logs,0.71,search-team
INC1267,CONF1903,Cdn Architecture,"For logs issues, first check the memory dashboard",0.9,payments-team
INC1268,CONF1904,Checkout Performance Tuning,configuration uses CPU that can be intensive. Monitor settings and consider pagination for large batches,0.8,ops-team
INC1268,CONF1905,Rate-Limiter Architecture,"For logs issues, first check the memory dashboard",0.93,observability-team
INC1269,CONF1906,Product SLA Requirements,"For status issues, first check the CPU dashboard",0.9,search-team
INC1270,CONF1907,Kubernetes Disaster Recovery,For status: 1. Check memory status 2. Verify limits 3. Review logs,0.94,ops-team
INC1270,CONF1908,Cache Incident Response,"Monitor health, check for network, review limits settings",0.87,infra-team
INC1271,CONF1909,Frontend Service Runbook,Steps: 1. Check logs 2. Verify memory 3. Review recent changes,0.92,search-team
INC1271,CONF1910,Order SLA Requirements,"For status issues, first check the disk dashboard",0.91,observability-team
INC1272,CONF1911,Load-Balancer SLA Requirements,configuration uses memory that can be intensive. Monitor limits and consider pagination for large batches,0.85,api-team
INC1273,CONF1912,Database Operations Guide,Steps: 1. Check health 2. Verify network 3. Review recent changes,0.94,dba-team
INC1273,CONF1913,Ci-Cd Performance Tuning,Steps: 1. Check logs 2. Verify memory 3. Review recent changes,0.89,infra-team
INC1274,CONF1914,Fluentd Disaster Recovery,Steps: 1. Check configuration 2. Verify disk 3. Review recent changes,0.94,search-team
INC1275,CONF1915,Notification Configuration Guide,configuration uses network that can be intensive. Monitor parameters and consider pagination for large batches,0.82,platform-team
INC1276,CONF1916,Product SLA Requirements,For health: 1. Check disk status 2. Verify parameters 3. Review logs,0.85,identity-team
INC1276,CONF1917,User Configuration Guide,"For status issues, first check the memory dashboard",0.77,platform-team
INC1277,CONF1918,Fluentd Disaster Recovery,For configuration: 1. Check network status 2. Verify parameters 3. Review logs,0.76,identity-team
INC1277,CONF1919,Elasticsearch Troubleshooting Guide,"Monitor status, check for CPU, review settings settings",0.78,identity-team
INC1278,CONF1920,Payment Configuration Guide,status uses network that can be intensive. Monitor parameters and consider pagination for large batches,0.82,security-team
INC1279,CONF1921,Payment Operations Guide,"For status issues, first check the network dashboard",0.88,dba-team
INC1279,CONF1922,Container-Registry Performance Tuning,Steps: 1. Check logs 2. Verify memory 3. Review recent changes,0.72,security-team
INC1280,CONF1923,Cache Architecture,status uses network that can be intensive. Monitor parameters and consider pagination for large batches,0.78,ops-team
INC1281,CONF1924,Rabbitmq Performance Tuning,"Monitor status, check for CPU, review settings settings",0.83,dba-team
INC1282,CONF1925,Checkout Architecture,health uses network that can be intensive. Monitor parameters and consider pagination for large batches,0.78,identity-team
INC1283,CONF1926,Notification Service Runbook,"Monitor logs, check for memory, review limits settings",0.88,ops-team
INC1283,CONF1927,Api-Gateway Architecture,health uses network that can be intensive. Monitor parameters and consider pagination for large batches,0.76,observability-team
INC1284,CONF1928,Cache SLA Requirements,health uses CPU that can be intensive. Monitor parameters and consider pagination for large batches,0.92,ops-team
INC1285,CONF1929,Container-Registry Architecture,For status: 1. Check CPU status 2. Verify parameters 3. Review logs,0.73,platform-team
INC1286,CONF1930,Rabbitmq Monitoring Setup,"For status issues, first check the network dashboard",0.94,api-team
INC1286,CONF1931,Rabbitmq Performance Tuning,For configuration: 1. Check CPU status 2. Verify limits 3. Review logs,0.88,api-team
INC1287,CONF1932,Session Monitoring Setup,"Monitor logs, check for network, review limits settings",0.84,observability-team
INC1288,CONF1933,Ci-Cd Disaster Recovery,For health: 1. Check disk status 2. Verify limits 3. Review logs,0.75,dba-team
INC1289,CONF1934,Fulfillment Disaster Recovery,"For health issues, first check the CPU dashboard",0.76,payments-team
INC1289,CONF1935,Search Configuration Guide,Steps: 1. Check status 2. Verify memory 3. Review recent changes,0.95,observability-team
INC1290,CONF1936,Frontend Architecture,configuration uses disk that can be intensive. Monitor settings and consider pagination for large batches,0.81,api-team
INC1291,CONF1937,Search Troubleshooting Guide,"Monitor status, check for memory, review parameters settings",0.88,platform-team
INC1291,CONF1938,Logging Incident Response,"For logs issues, first check the disk dashboard",0.73,ops-team
INC1292,CONF1939,Auth Incident Response,configuration uses memory that can be intensive. Monitor settings and consider pagination for large batches,0.75,search-team
INC1292,CONF1940,Rate-Limiter Incident Response,For configuration: 1. Check network status 2. Verify limits 3. Review logs,0.88,ops-team
INC1293,CONF1941,Fulfillment Performance Tuning,logs uses memory that can be intensive. Monitor settings and consider pagination for large batches,0.77,infra-team
INC1293,CONF1942,Frontend Monitoring Setup,"For status issues, first check the network dashboard",0.9,security-team
INC1294,CONF1943,Oauth-Provider Configuration Guide,For logs: 1. Check CPU status 2. Verify limits 3. Review logs,0.88,search-team
INC1295,CONF1944,Database Operations Guide,"Monitor health, check for network, review limits settings",0.91,devops-team
INC1295,CONF1945,Product SLA Requirements,"For health issues, first check the disk dashboard",0.78,observability-team
INC1296,CONF1946,Cdn Operations Guide,Steps: 1. Check logs 2. Verify network 3. Review recent changes,0.88,api-team
INC1297,CONF1947,Email Troubleshooting Guide,For logs: 1. Check memory status 2. Verify parameters 3. Review logs,0.82,search-team
INC1297,CONF1948,Product Operations Guide,logs uses network that can be intensive. Monitor limits and consider pagination for large batches,0.78,search-team
INC1298,CONF1949,Product Performance Tuning,Steps: 1. Check configuration 2. Verify disk 3. Review recent changes,0.81,api-team
INC1298,CONF1950,Notification Troubleshooting Guide,For configuration: 1. Check CPU status 2. Verify settings 3. Review logs,0.83,payments-team
INC1299,CONF1951,Order Architecture,"For status issues, first check the disk dashboard",0.83,identity-team
INC1300,CONF1952,Product Architecture,For configuration: 1. Check network status 2. Verify limits 3. Review logs,0.82,observability-team
INC1300,CONF1953,Frontend Incident Response,"For configuration issues, first check the disk dashboard",0.91,devops-team
INC1301,CONF1954,Search Performance Tuning,"Monitor status, check for disk, review limits settings",0.81,platform-team
INC1302,CONF1955,Checkout Configuration Guide,For logs: 1. Check network status 2. Verify settings 3. Review logs,0.82,payments-team
INC1302,CONF1956,Rate-Limiter Service Runbook,configuration uses memory that can be intensive. Monitor limits and consider pagination for large batches,0.79,api-team
INC1303,CONF1957,Notification SLA Requirements,For configuration: 1. Check CPU status 2. Verify settings 3. Review logs,0.81,platform-team
INC1303,CONF1958,Read-Replica Disaster Recovery,For configuration: 1. Check memory status 2. Verify limits 3. Review logs,0.77,ops-team
INC1304,CONF1959,Rate-Limiter Architecture,Steps: 1. Check logs 2. Verify memory 3. Review recent changes,0.79,search-team
INC1304,CONF1960,Order Operations Guide,status uses CPU that can be intensive. Monitor settings and consider pagination for large batches,0.72,identity-team
INC1305,CONF1961,Checkout Operations Guide,Steps: 1. Check configuration 2. Verify CPU 3. Review recent changes,0.89,payments-team
INC1306,CONF1962,Cdn Disaster Recovery,logs uses memory that can be intensive. Monitor parameters and consider pagination for large batches,0.94,api-team
INC1307,CONF1963,Cache Incident Response,Steps: 1. Check configuration 2. Verify network 3. Review recent changes,0.74,api-team
INC1307,CONF1964,Container-Registry Incident Response,health uses memory that can be intensive. Monitor parameters and consider pagination for large batches,0.77,identity-team
INC1308,CONF1965,Cdn Configuration Guide,"For health issues, first check the disk dashboard",0.93,payments-team
INC1308,CONF1966,Rate-Limiter Disaster Recovery,For logs: 1. Check CPU status 2. Verify settings 3. Review logs,0.87,search-team
INC1309,CONF1967,Auth Disaster Recovery,configuration uses network that can be intensive. Monitor limits and consider pagination for large batches,0.92,search-team
INC1310,CONF1968,Checkout Incident Response,"For configuration issues, first check the disk dashboard",0.79,dba-team
INC1311,CONF1969,Order Operations Guide,Steps: 1. Check logs 2. Verify network 3. Review recent changes,0.74,identity-team
INC1312,CONF1970,User Performance Tuning,For status: 1. Check CPU status 2. Verify settings 3. Review logs,0.9,ops-team
INC1313,CONF1971,Auth Disaster Recovery,Steps: 1. Check status 2. Verify CPU 3. Review recent changes,0.72,dba-team
INC1314,CONF1972,Oauth-Provider Operations Guide,"Monitor logs, check for memory, review limits settings",0.85,security-team
INC1315,CONF1973,Search SLA Requirements,"For status issues, first check the disk dashboard",0.75,payments-team
INC1315,CONF1974,Auth Disaster Recovery,"Monitor logs, check for CPU, review parameters settings",0.88,devops-team
INC1316,CONF1975,Cdn SLA Requirements,For configuration: 1. Check CPU status 2. Verify settings 3. Review logs,0.91,devops-team
INC1316,CONF1976,Notification Architecture,"For status issues, first check the CPU dashboard",0.93,infra-team
INC1317,CONF1977,Rabbitmq Service Runbook,Steps: 1. Check status 2. Verify CPU 3. Review recent changes,0.75,api-team
INC1317,CONF1978,Reporting Troubleshooting Guide,"For configuration issues, first check the network dashboard",0.71,payments-team
INC1318,CONF1979,Cdn Troubleshooting Guide,"Monitor configuration, check for network, review settings settings",0.8,api-team
INC1318,CONF1980,Email Disaster Recovery,"Monitor health, check for disk, review limits settings",0.83,dba-team
INC1319,CONF1981,Session Architecture,"For health issues, first check the disk dashboard",0.84,ops-team
INC1320,CONF1982,Container-Registry Service Runbook,For status: 1. Check network status 2. Verify parameters 3. Review logs,0.87,security-team
INC1321,CONF1983,Rabbitmq Architecture,"For status issues, first check the network dashboard",0.94,search-team
INC1321,CONF1984,Container-Registry Incident Response,For health: 1. Check network status 2. Verify limits 3. Review logs,0.91,api-team
INC1322,CONF1985,Rate-Limiter Monitoring Setup,Steps: 1. Check status 2. Verify memory 3. Review recent changes,0.84,ops-team
INC1323,CONF1986,Ci-Cd Disaster Recovery,health uses memory that can be intensive. Monitor limits and consider pagination for large batches,0.91,devops-team
INC1323,CONF1987,Fulfillment Incident Response,"Monitor status, check for CPU, review parameters settings",0.78,search-team
INC1324,CONF1988,Fulfillment Service Runbook,"For configuration issues, first check the CPU dashboard",0.88,identity-team
INC1325,CONF1989,Rabbitmq Architecture,For logs: 1. Check memory status 2. Verify parameters 3. Review logs,0.91,search-team
INC1325,CONF1990,Email Performance Tuning,For configuration: 1. Check memory status 2. Verify settings 3. Review logs,0.76,ops-team
INC1326,CONF1991,Fulfillment SLA Requirements,Steps: 1. Check configuration 2. Verify CPU 3. Review recent changes,0.86,security-team
INC1326,CONF1992,Container-Registry Disaster Recovery,Steps: 1. Check status 2. Verify CPU 3. Review recent changes,0.74,infra-team
INC1327,CONF1993,Email Disaster Recovery,For configuration: 1. Check memory status 2. Verify limits 3. Review logs,0.95,payments-team
INC1327,CONF1994,Auth Service Runbook,logs uses memory that can be intensive. Monitor settings and consider pagination for large batches,0.76,security-team
INC1328,CONF1995,Cdn Incident Response,"Monitor status, check for CPU, review limits settings",0.87,dba-team
INC1329,CONF1996,Rabbitmq Operations Guide,logs uses memory that can be intensive. Monitor settings and consider pagination for large batches,0.95,devops-team
INC1330,CONF1997,Product Monitoring Setup,"Monitor status, check for network, review settings settings",0.7,ops-team
INC1330,CONF1998,Container-Registry Service Runbook,"Monitor configuration, check for CPU, review parameters settings",0.84,ops-team
INC1331,CONF1999,Fulfillment Incident Response,"For health issues, first check the disk dashboard",0.71,identity-team
INC1331,CONF2000,Rate-Limiter Service Runbook,For logs: 1. Check network status 2. Verify settings 3. Review logs,0.88,security-team
INC1332,CONF2001,Elasticsearch Service Runbook,logs uses CPU that can be intensive. Monitor limits and consider pagination for large batches,0.86,dba-team
INC1333,CONF2002,Logging SLA Requirements,"Monitor status, check for network, review settings settings",0.95,platform-team
INC1334,CONF2003,Auth Performance Tuning,"Monitor health, check for network, review settings settings",0.87,observability-team
INC1335,CONF2004,Logging Monitoring Setup,Steps: 1. Check health 2. Verify memory 3. Review recent changes,0.82,infra-team
INC1336,CONF2005,Search Incident Response,"Monitor health, check for memory, review parameters settings",0.76,dba-team
INC1336,CONF2006,Container-Registry Troubleshooting Guide,Steps: 1. Check logs 2. Verify disk 3. Review recent changes,0.89,search-team
INC1337,CONF2007,Rate-Limiter Troubleshooting Guide,"For status issues, first check the CPU dashboard",0.82,infra-team
INC1338,CONF2008,Load-Balancer Configuration Guide,For status: 1. Check network status 2. Verify settings 3. Review logs,0.83,platform-team
INC1338,CONF2009,Checkout Configuration Guide,Steps: 1. Check status 2. Verify memory 3. Review recent changes,0.79,platform-team
INC1339,CONF2010,Checkout Monitoring Setup,For configuration: 1. Check disk status 2. Verify parameters 3. Review logs,0.8,identity-team
INC1339,CONF2011,Rabbitmq Service Runbook,"For configuration issues, first check the network dashboard",0.93,identity-team
INC1340,CONF2012,Api-Gateway Operations Guide,"Monitor logs, check for CPU, review settings settings",0.9,platform-team
INC1340,CONF2013,Kubernetes Configuration Guide,"For logs issues, first check the memory dashboard",0.95,security-team
INC1341,CONF2014,Product Monitoring Setup,For logs: 1. Check CPU status 2. Verify parameters 3. Review logs,0.81,infra-team
INC1341,CONF2015,Product Disaster Recovery,"Monitor logs, check for disk, review limits settings",0.7,search-team
INC1342,CONF2016,Frontend Monitoring Setup,"Monitor health, check for disk, review parameters settings",0.86,platform-team
INC1343,CONF2017,Kubernetes Operations Guide,"Monitor health, check for network, review parameters settings",0.85,devops-team
INC1343,CONF2018,Search Troubleshooting Guide,For status: 1. Check CPU status 2. Verify parameters 3. Review logs,0.83,infra-team
INC1344,CONF2019,Kubernetes Operations Guide,"For logs issues, first check the CPU dashboard",0.95,api-team
INC1345,CONF2020,Product Disaster Recovery,Steps: 1. Check health 2. Verify CPU 3. Review recent changes,0.8,platform-team
INC1345,CONF2021,Fluentd Troubleshooting Guide,status uses memory that can be intensive. Monitor limits and consider pagination for large batches,0.8,platform-team
INC1346,CONF2022,Frontend Service Runbook,"For logs issues, first check the CPU dashboard",0.92,ops-team
INC1346,CONF2023,Auth Performance Tuning,For status: 1. Check memory status 2. Verify parameters 3. Review logs,0.75,search-team
INC1347,CONF2024,Reporting Architecture,Steps: 1. Check status 2. Verify CPU 3. Review recent changes,0.88,dba-team
INC1348,CONF2025,Database Performance Tuning,status uses CPU that can be intensive. Monitor limits and consider pagination for large batches,0.72,infra-team
INC1348,CONF2026,Read-Replica Operations Guide,configuration uses disk that can be intensive. Monitor limits and consider pagination for large batches,0.72,observability-team
INC1349,CONF2027,Ci-Cd Performance Tuning,For configuration: 1. Check CPU status 2. Verify parameters 3. Review logs,0.9,identity-team
INC1350,CONF2028,Search Monitoring Setup,"For status issues, first check the CPU dashboard",0.92,security-team
INC1351,CONF2029,Fulfillment Disaster Recovery,For health: 1. Check disk status 2. Verify limits 3. Review logs,0.79,api-team
INC1351,CONF2030,Logging SLA Requirements,For configuration: 1. Check memory status 2. Verify settings 3. Review logs,0.84,platform-team
INC1352,CONF2031,Api-Gateway SLA Requirements,"For health issues, first check the network dashboard",0.84,identity-team
INC1352,CONF2032,Ci-Cd Incident Response,"Monitor logs, check for memory, review settings settings",0.73,platform-team
INC1353,CONF2033,Frontend Disaster Recovery,"For status issues, first check the disk dashboard",0.85,platform-team
INC1353,CONF2034,Fluentd Disaster Recovery,Steps: 1. Check health 2. Verify CPU 3. Review recent changes,0.7,observability-team
INC1354,CONF2035,Logging Disaster Recovery,health uses disk that can be intensive. Monitor limits and consider pagination for large batches,0.95,dba-team
INC1354,CONF2036,Auth Troubleshooting Guide,"Monitor logs, check for CPU, review limits settings",0.75,security-team
INC1355,CONF2037,Fulfillment SLA Requirements,"Monitor status, check for network, review settings settings",0.89,security-team
INC1355,CONF2038,Auth Performance Tuning,For configuration: 1. Check network status 2. Verify limits 3. Review logs,0.75,infra-team
INC1356,CONF2039,Cache SLA Requirements,For health: 1. Check disk status 2. Verify limits 3. Review logs,0.82,payments-team
INC1356,CONF2040,Search SLA Requirements,Steps: 1. Check configuration 2. Verify CPU 3. Review recent changes,0.79,security-team
INC1357,CONF2041,User Disaster Recovery,For status: 1. Check disk status 2. Verify parameters 3. Review logs,0.92,payments-team
INC1358,CONF2042,Load-Balancer Troubleshooting Guide,logs uses network that can be intensive. Monitor limits and consider pagination for large batches,0.8,api-team
INC1358,CONF2043,Rabbitmq Configuration Guide,"Monitor health, check for memory, review parameters settings",0.91,platform-team
INC1359,CONF2044,Cache Monitoring Setup,For status: 1. Check disk status 2. Verify limits 3. Review logs,0.78,search-team
INC1360,CONF2045,Load-Balancer Disaster Recovery,"Monitor status, check for disk, review parameters settings",0.89,identity-team
INC1360,CONF2046,Rabbitmq Configuration Guide,For status: 1. Check memory status 2. Verify parameters 3. Review logs,0.86,dba-team
INC1361,CONF2047,Cdn SLA Requirements,For configuration: 1. Check network status 2. Verify parameters 3. Review logs,0.93,identity-team
INC1362,CONF2048,Frontend Incident Response,Steps: 1. Check health 2. Verify network 3. Review recent changes,0.89,infra-team
INC1363,CONF2049,Ci-Cd Service Runbook,"For health issues, first check the CPU dashboard",0.96,platform-team
INC1363,CONF2050,Rabbitmq Configuration Guide,Steps: 1. Check configuration 2. Verify disk 3. Review recent changes,0.88,identity-team
INC1364,CONF2051,Reporting Architecture,"Monitor logs, check for memory, review settings settings",0.82,security-team
INC1364,CONF2052,Kubernetes Disaster Recovery,For configuration: 1. Check network status 2. Verify settings 3. Review logs,0.89,infra-team
INC1365,CONF2053,Database Monitoring Setup,Steps: 1. Check health 2. Verify network 3. Review recent changes,0.9,security-team
INC1365,CONF2054,Order Service Runbook,"For status issues, first check the disk dashboard",0.78,devops-team
INC1366,CONF2055,Notification Architecture,Steps: 1. Check configuration 2. Verify memory 3. Review recent changes,0.77,api-team
INC1367,CONF2056,Ci-Cd Troubleshooting Guide,health uses memory that can be intensive. Monitor parameters and consider pagination for large batches,0.83,identity-team
INC1367,CONF2057,Frontend Disaster Recovery,"For status issues, first check the disk dashboard",0.87,search-team
INC1368,CONF2058,Ci-Cd Architecture,"For status issues, first check the network dashboard",0.94,api-team
INC1369,CONF2059,Session Troubleshooting Guide,"Monitor configuration, check for memory, review parameters settings",0.73,observability-team
INC1370,CONF2060,Logging Monitoring Setup,For health: 1. Check disk status 2. Verify parameters 3. Review logs,0.85,observability-team
INC1370,CONF2061,Order Incident Response,Steps: 1. Check configuration 2. Verify memory 3. Review recent changes,0.93,identity-team
INC1371,CONF2062,Fluentd Troubleshooting Guide,"For configuration issues, first check the memory dashboard",0.77,observability-team
INC1372,CONF2063,User Incident Response,Steps: 1. Check status 2. Verify network 3. Review recent changes,0.83,api-team
INC1373,CONF2064,Cache Architecture,Steps: 1. Check status 2. Verify network 3. Review recent changes,0.89,payments-team
INC1373,CONF2065,Rabbitmq Incident Response,"For configuration issues, first check the network dashboard",0.76,devops-team
INC1374,CONF2066,Read-Replica SLA Requirements,Steps: 1. Check status 2. Verify disk 3. Review recent changes,0.74,infra-team
INC1375,CONF2067,Api-Gateway Troubleshooting Guide,"Monitor status, check for disk, review limits settings",0.81,ops-team
INC1376,CONF2068,Cdn Operations Guide,"For health issues, first check the network dashboard",0.95,dba-team
INC1376,CONF2069,Container-Registry Troubleshooting Guide,Steps: 1. Check logs 2. Verify memory 3. Review recent changes,0.83,platform-team
INC1377,CONF2070,Cache Performance Tuning,Steps: 1. Check logs 2. Verify disk 3. Review recent changes,0.77,devops-team
INC1378,CONF2071,Cdn Architecture,"For status issues, first check the network dashboard",0.76,ops-team
INC1378,CONF2072,User SLA Requirements,Steps: 1. Check health 2. Verify memory 3. Review recent changes,0.77,platform-team
INC1379,CONF2073,Fluentd Monitoring Setup,For configuration: 1. Check network status 2. Verify limits 3. Review logs,0.73,devops-team
INC1379,CONF2074,Api-Gateway Disaster Recovery,For configuration: 1. Check CPU status 2. Verify parameters 3. Review logs,0.77,search-team
INC1380,CONF2075,Oauth-Provider Disaster Recovery,"For configuration issues, first check the CPU dashboard",0.92,ops-team
INC1380,CONF2076,Session Troubleshooting Guide,configuration uses CPU that can be intensive. Monitor settings and consider pagination for large batches,0.88,devops-team
INC1381,CONF2077,Frontend SLA Requirements,"For configuration issues, first check the network dashboard",0.91,infra-team
INC1381,CONF2078,Order SLA Requirements,"Monitor configuration, check for CPU, review parameters settings",0.81,identity-team
INC1382,CONF2079,Session Incident Response,For health: 1. Check CPU status 2. Verify limits 3. Review logs,0.78,search-team
INC1382,CONF2080,Payment SLA Requirements,For logs: 1. Check CPU status 2. Verify parameters 3. Review logs,0.78,dba-team
INC1383,CONF2081,Fulfillment Monitoring Setup,"For health issues, first check the CPU dashboard",0.96,dba-team
INC1384,CONF2082,Session Monitoring Setup,"For health issues, first check the memory dashboard",0.73,devops-team
INC1384,CONF2083,Fluentd Configuration Guide,For logs: 1. Check CPU status 2. Verify parameters 3. Review logs,0.84,identity-team
INC1385,CONF2084,Database Incident Response,status uses disk that can be intensive. Monitor limits and consider pagination for large batches,0.73,devops-team
INC1386,CONF2085,Load-Balancer Operations Guide,"For status issues, first check the CPU dashboard",0.74,security-team
INC1386,CONF2086,Logging SLA Requirements,Steps: 1. Check status 2. Verify memory 3. Review recent changes,0.9,dba-team
INC1387,CONF2087,Database Operations Guide,"For status issues, first check the memory dashboard",0.94,payments-team
INC1388,CONF2088,Session Incident Response,Steps: 1. Check logs 2. Verify CPU 3. Review recent changes,0.91,security-team
INC1389,CONF2089,Kubernetes Troubleshooting Guide,status uses memory that can be intensive. Monitor settings and consider pagination for large batches,0.85,devops-team
INC1390,CONF2090,Notification Incident Response,"For configuration issues, first check the memory dashboard",0.96,ops-team
INC1390,CONF2091,Search Monitoring Setup,For status: 1. Check disk status 2. Verify parameters 3. Review logs,0.79,api-team
INC1391,CONF2092,Email Configuration Guide,"For health issues, first check the CPU dashboard",0.93,devops-team
INC1392,CONF2093,Read-Replica Monitoring Setup,"Monitor health, check for network, review settings settings",0.91,platform-team
INC1393,CONF2094,Reporting Performance Tuning,Steps: 1. Check logs 2. Verify memory 3. Review recent changes,0.74,dba-team
INC1393,CONF2095,Frontend Troubleshooting Guide,"Monitor status, check for memory, review limits settings",0.94,payments-team
INC1394,CONF2096,Notification SLA Requirements,"Monitor status, check for memory, review parameters settings",0.85,dba-team
INC1394,CONF2097,Fluentd Incident Response,Steps: 1. Check logs 2. Verify memory 3. Review recent changes,0.7,dba-team
INC1395,CONF2098,Ci-Cd Disaster Recovery,"For status issues, first check the CPU dashboard",0.77,devops-team
INC1396,CONF2099,Kubernetes Troubleshooting Guide,Steps: 1. Check health 2. Verify disk 3. Review recent changes,0.73,payments-team
INC1397,CONF2100,Payment Architecture,"Monitor status, check for network, review limits settings",0.83,api-team
INC1398,CONF2101,Session Performance Tuning,"Monitor logs, check for memory, review limits settings",0.89,ops-team
INC1398,CONF2102,Order Incident Response,"For health issues, first check the memory dashboard",0.83,platform-team
INC1399,CONF2103,Api-Gateway Disaster Recovery,Steps: 1. Check status 2. Verify CPU 3. Review recent changes,0.85,ops-team
INC1399,CONF2104,Load-Balancer Monitoring Setup,"For logs issues, first check the memory dashboard",0.78,observability-team
INC1400,CONF2105,User Performance Tuning,logs uses network that can be intensive. Monitor parameters and consider pagination for large batches,0.74,payments-team
INC1400,CONF2106,Notification Monitoring Setup,Steps: 1. Check health 2. Verify disk 3. Review recent changes,0.83,identity-team
INC1401,CONF2107,Frontend Service Runbook,configuration uses network that can be intensive. Monitor settings and consider pagination for large batches,0.93,payments-team
INC1401,CONF2108,User Troubleshooting Guide,"Monitor configuration, check for CPU, review settings settings",0.9,payments-team
INC1402,CONF2109,Cdn Incident Response,Steps: 1. Check health 2. Verify memory 3. Review recent changes,0.73,devops-team
INC1402,CONF2110,Search Performance Tuning,configuration uses network that can be intensive. Monitor settings and consider pagination for large batches,0.96,security-team
INC1403,CONF2111,Cdn Architecture,configuration uses disk that can be intensive. Monitor parameters and consider pagination for large batches,0.76,api-team
INC1404,CONF2112,Reporting Architecture,"Monitor logs, check for network, review limits settings",0.88,platform-team
INC1404,CONF2113,Rate-Limiter Operations Guide,"Monitor health, check for disk, review settings settings",0.92,identity-team
INC1405,CONF2114,Checkout Service Runbook,For health: 1. Check memory status 2. Verify settings 3. Review logs,0.81,security-team
INC1406,CONF2115,Search Performance Tuning,Steps: 1. Check health 2. Verify memory 3. Review recent changes,0.87,dba-team
INC1406,CONF2116,Elasticsearch Troubleshooting Guide,"For health issues, first check the network dashboard",0.8,ops-team
INC1407,CONF2117,Auth Incident Response,"Monitor health, check for disk, review parameters settings",0.88,observability-team
INC1408,CONF2118,Checkout SLA Requirements,"For status issues, first check the CPU dashboard",0.92,platform-team
INC1409,CONF2119,Load-Balancer SLA Requirements,"Monitor logs, check for disk, review settings settings",0.91,api-team
INC1409,CONF2120,Fulfillment Configuration Guide,Steps: 1. Check configuration 2. Verify CPU 3. Review recent changes,0.93,observability-team
INC1410,CONF2121,Cdn Architecture,"Monitor status, check for CPU, review limits settings",0.94,infra-team
INC1411,CONF2122,Load-Balancer Performance Tuning,"For logs issues, first check the memory dashboard",0.81,api-team
INC1411,CONF2123,Kubernetes Incident Response,status uses memory that can be intensive. Monitor parameters and consider pagination for large batches,0.94,payments-team
INC1412,CONF2124,Api-Gateway Configuration Guide,configuration uses disk that can be intensive. Monitor limits and consider pagination for large batches,0.7,api-team
INC1412,CONF2125,Logging SLA Requirements,"Monitor status, check for memory, review parameters settings",0.89,identity-team
INC1413,CONF2126,Product Troubleshooting Guide,For logs: 1. Check CPU status 2. Verify settings 3. Review logs,0.8,infra-team
INC1414,CONF2127,User Monitoring Setup,configuration uses memory that can be intensive. Monitor parameters and consider pagination for large batches,0.72,infra-team
INC1414,CONF2128,User Configuration Guide,"For configuration issues, first check the disk dashboard",0.72,security-team
INC1415,CONF2129,Order Troubleshooting Guide,"Monitor logs, check for CPU, review settings settings",0.93,payments-team
INC1415,CONF2130,Fulfillment Disaster Recovery,"Monitor status, check for network, review settings settings",0.9,search-team
INC1416,CONF2131,Rate-Limiter Operations Guide,"For configuration issues, first check the network dashboard",0.79,api-team
INC1416,CONF2132,Notification Operations Guide,health uses disk that can be intensive. Monitor limits and consider pagination for large batches,0.71,observability-team
INC1417,CONF2133,Read-Replica SLA Requirements,"Monitor configuration, check for memory, review parameters settings",0.77,identity-team
INC1418,CONF2134,Oauth-Provider Monitoring Setup,"Monitor logs, check for disk, review parameters settings",0.73,platform-team
INC1418,CONF2135,Checkout Operations Guide,For health: 1. Check CPU status 2. Verify settings 3. Review logs,0.8,search-team
INC1419,CONF2136,Search Incident Response,configuration uses disk that can be intensive. Monitor limits and consider pagination for large batches,0.84,identity-team
INC1420,CONF2137,Read-Replica Incident Response,logs uses memory that can be intensive. Monitor parameters and consider pagination for large batches,0.76,api-team
INC1421,CONF2138,Read-Replica SLA Requirements,Steps: 1. Check logs 2. Verify disk 3. Review recent changes,0.88,payments-team
INC1422,CONF2139,Order SLA Requirements,Steps: 1. Check status 2. Verify memory 3. Review recent changes,0.81,ops-team
INC1422,CONF2140,Container-Registry Service Runbook,For status: 1. Check disk status 2. Verify parameters 3. Review logs,0.74,api-team
INC1423,CONF2141,Auth Service Runbook,Steps: 1. Check status 2. Verify CPU 3. Review recent changes,0.87,api-team
INC1423,CONF2142,Search Architecture,Steps: 1. Check logs 2. Verify CPU 3. Review recent changes,0.71,identity-team
INC1424,CONF2143,User Performance Tuning,For status: 1. Check disk status 2. Verify settings 3. Review logs,0.76,infra-team
INC1425,CONF2144,Session Service Runbook,"Monitor logs, check for CPU, review settings settings",0.86,search-team
INC1426,CONF2145,Fluentd Performance Tuning,For configuration: 1. Check network status 2. Verify limits 3. Review logs,0.71,api-team
INC1426,CONF2146,Database Configuration Guide,"Monitor health, check for disk, review limits settings",0.9,search-team
INC1427,CONF2147,Fluentd Performance Tuning,For configuration: 1. Check network status 2. Verify settings 3. Review logs,0.95,identity-team
INC1428,CONF2148,Load-Balancer Service Runbook,"For health issues, first check the memory dashboard",0.83,search-team
INC1428,CONF2149,Oauth-Provider Disaster Recovery,Steps: 1. Check configuration 2. Verify disk 3. Review recent changes,0.85,api-team
INC1429,CONF2150,Rate-Limiter Incident Response,"For logs issues, first check the memory dashboard",0.73,api-team
INC1429,CONF2151,Rate-Limiter Configuration Guide,For status: 1. Check disk status 2. Verify parameters 3. Review logs,0.86,devops-team
INC1430,CONF2152,Frontend Operations Guide,Steps: 1. Check health 2. Verify network 3. Review recent changes,0.95,platform-team
INC1430,CONF2153,Container-Registry Disaster Recovery,logs uses CPU that can be intensive. Monitor settings and consider pagination for large batches,0.7,ops-team
INC1431,CONF2154,Api-Gateway Troubleshooting Guide,For status: 1. Check memory status 2. Verify parameters 3. Review logs,0.86,search-team
INC1431,CONF2155,Cdn Configuration Guide,Steps: 1. Check health 2. Verify disk 3. Review recent changes,0.7,observability-team
INC1432,CONF2156,Rate-Limiter Architecture,health uses network that can be intensive. Monitor parameters and consider pagination for large batches,0.72,payments-team
INC1432,CONF2157,Order Troubleshooting Guide,Steps: 1. Check status 2. Verify memory 3. Review recent changes,0.89,observability-team
INC1433,CONF2158,Reporting Configuration Guide,"For health issues, first check the CPU dashboard",0.92,platform-team
INC1434,CONF2159,Load-Balancer Service Runbook,Steps: 1. Check health 2. Verify disk 3. Review recent changes,0.75,payments-team
INC1435,CONF2160,Order Disaster Recovery,Steps: 1. Check logs 2. Verify disk 3. Review recent changes,0.86,security-team
INC1435,CONF2161,Load-Balancer Incident Response,Steps: 1. Check health 2. Verify network 3. Review recent changes,0.86,observability-team
INC1436,CONF2162,Rate-Limiter Service Runbook,status uses memory that can be intensive. Monitor limits and consider pagination for large batches,0.74,identity-team
INC1437,CONF2163,Order SLA Requirements,For logs: 1. Check CPU status 2. Verify settings 3. Review logs,0.94,observability-team
INC1438,CONF2164,Container-Registry Monitoring Setup,health uses disk that can be intensive. Monitor parameters and consider pagination for large batches,0.74,ops-team
INC1438,CONF2165,Kubernetes Service Runbook,health uses memory that can be intensive. Monitor parameters and consider pagination for large batches,0.77,identity-team
INC1439,CONF2166,Cdn Disaster Recovery,"Monitor configuration, check for network, review settings settings",0.88,dba-team
INC1439,CONF2167,Fluentd Performance Tuning,Steps: 1. Check status 2. Verify CPU 3. Review recent changes,0.87,dba-team
INC1440,CONF2168,Fluentd SLA Requirements,configuration uses CPU that can be intensive. Monitor settings and consider pagination for large batches,0.96,dba-team
INC1441,CONF2169,Payment Operations Guide,"Monitor status, check for disk, review settings settings",0.76,platform-team
INC1442,CONF2170,Email Performance Tuning,Steps: 1. Check logs 2. Verify CPU 3. Review recent changes,0.83,search-team
INC1442,CONF2171,Order Incident Response,"For status issues, first check the network dashboard",0.7,devops-team
INC1443,CONF2172,Fulfillment Architecture,"For health issues, first check the memory dashboard",0.9,observability-team
INC1444,CONF2173,Frontend Incident Response,configuration uses CPU that can be intensive. Monitor limits and consider pagination for large batches,0.93,dba-team
INC1444,CONF2174,Read-Replica Performance Tuning,health uses disk that can be intensive. Monitor settings and consider pagination for large batches,0.86,observability-team
INC1445,CONF2175,Fulfillment Operations Guide,status uses network that can be intensive. Monitor limits and consider pagination for large batches,0.85,search-team
INC1446,CONF2176,Cdn Configuration Guide,logs uses memory that can be intensive. Monitor limits and consider pagination for large batches,0.8,devops-team
INC1446,CONF2177,Rate-Limiter Performance Tuning,For logs: 1. Check CPU status 2. Verify limits 3. Review logs,0.86,security-team
INC1447,CONF2178,Rate-Limiter Operations Guide,health uses disk that can be intensive. Monitor parameters and consider pagination for large batches,0.91,infra-team
INC1448,CONF2179,Load-Balancer Operations Guide,"Monitor configuration, check for CPU, review parameters settings",0.79,search-team
INC1448,CONF2180,Fluentd Incident Response,Steps: 1. Check status 2. Verify disk 3. Review recent changes,0.79,api-team
INC1449,CONF2181,Oauth-Provider Performance Tuning,For status: 1. Check memory status 2. Verify limits 3. Review logs,0.94,payments-team
INC1449,CONF2182,Logging Incident Response,"For status issues, first check the memory dashboard",0.9,search-team
INC1450,CONF2183,Cache SLA Requirements,For configuration: 1. Check memory status 2. Verify parameters 3. Review logs,0.92,devops-team
INC1450,CONF2184,Logging Disaster Recovery,"Monitor logs, check for CPU, review parameters settings",0.86,dba-team
INC1451,CONF2185,Elasticsearch Architecture,Steps: 1. Check health 2. Verify memory 3. Review recent changes,0.73,infra-team
INC1452,CONF2186,Cdn Architecture,configuration uses CPU that can be intensive. Monitor parameters and consider pagination for large batches,0.93,devops-team
INC1452,CONF2187,Reporting Architecture,For status: 1. Check memory status 2. Verify settings 3. Review logs,0.95,observability-team
INC1453,CONF2188,Elasticsearch SLA Requirements,"For status issues, first check the CPU dashboard",0.81,identity-team
INC1453,CONF2189,Payment Performance Tuning,For logs: 1. Check CPU status 2. Verify parameters 3. Review logs,0.87,infra-team
INC1454,CONF2190,Container-Registry Disaster Recovery,"For health issues, first check the memory dashboard",0.86,search-team
INC1454,CONF2191,Order Troubleshooting Guide,"For status issues, first check the disk dashboard",0.8,observability-team
INC1455,CONF2192,Ci-Cd SLA Requirements,logs uses network that can be intensive. Monitor settings and consider pagination for large batches,0.94,dba-team
INC1456,CONF2193,Api-Gateway Service Runbook,"Monitor health, check for disk, review settings settings",0.76,ops-team
INC1457,CONF2194,Fulfillment Architecture,"Monitor status, check for network, review settings settings",0.79,platform-team
INC1457,CONF2195,Elasticsearch Incident Response,configuration uses network that can be intensive. Monitor limits and consider pagination for large batches,0.9,infra-team
INC1458,CONF2196,Fulfillment Architecture,configuration uses network that can be intensive. Monitor parameters and consider pagination for large batches,0.93,infra-team
INC1458,CONF2197,Logging Disaster Recovery,"For health issues, first check the CPU dashboard",0.71,platform-team
INC1459,CONF2198,Auth Troubleshooting Guide,For configuration: 1. Check CPU status 2. Verify settings 3. Review logs,0.7,identity-team
INC1460,CONF2199,Database Incident Response,"For status issues, first check the network dashboard",0.8,identity-team
INC1461,CONF2200,Session Disaster Recovery,"For logs issues, first check the disk dashboard",0.75,infra-team
INC1461,CONF2201,Load-Balancer Troubleshooting Guide,For status: 1. Check disk status 2. Verify settings 3. Review logs,0.94,ops-team
INC1462,CONF2202,Frontend Incident Response,"For health issues, first check the network dashboard",0.76,observability-team
INC1462,CONF2203,Oauth-Provider Troubleshooting Guide,"Monitor status, check for disk, review settings settings",0.77,platform-team
INC1463,CONF2204,Frontend Performance Tuning,"Monitor status, check for memory, review settings settings",0.91,observability-team
INC1463,CONF2205,Elasticsearch Operations Guide,health uses CPU that can be intensive. Monitor settings and consider pagination for large batches,0.83,infra-team
INC1464,CONF2206,Kubernetes Monitoring Setup,Steps: 1. Check logs 2. Verify disk 3. Review recent changes,0.88,infra-team
INC1465,CONF2207,Elasticsearch Monitoring Setup,For configuration: 1. Check CPU status 2. Verify settings 3. Review logs,0.79,observability-team
INC1466,CONF2208,Cache Incident Response,"For configuration issues, first check the disk dashboard",0.73,infra-team
INC1466,CONF2209,Rabbitmq Monitoring Setup,status uses CPU that can be intensive. Monitor parameters and consider pagination for large batches,0.91,search-team
INC1467,CONF2210,Reporting Disaster Recovery,For status: 1. Check memory status 2. Verify parameters 3. Review logs,0.79,dba-team
INC1467,CONF2211,Auth Operations Guide,"Monitor status, check for network, review settings settings",0.7,ops-team
INC1468,CONF2212,Fulfillment Disaster Recovery,health uses network that can be intensive. Monitor parameters and consider pagination for large batches,0.82,ops-team
INC1468,CONF2213,Rate-Limiter SLA Requirements,"Monitor configuration, check for memory, review limits settings",0.89,search-team
INC1469,CONF2214,Oauth-Provider SLA Requirements,For logs: 1. Check disk status 2. Verify settings 3. Review logs,0.95,identity-team
INC1470,CONF2215,Checkout Disaster Recovery,"For status issues, first check the CPU dashboard",0.94,api-team
INC1470,CONF2216,User Troubleshooting Guide,"For configuration issues, first check the CPU dashboard",0.85,dba-team
INC1471,CONF2217,Cdn SLA Requirements,"For logs issues, first check the disk dashboard",0.89,dba-team
INC1472,CONF2218,Load-Balancer Performance Tuning,"Monitor status, check for CPU, review parameters settings",0.84,payments-team
INC1473,CONF2219,Order Troubleshooting Guide,"For health issues, first check the network dashboard",0.82,platform-team
INC1473,CONF2220,Database Service Runbook,"For status issues, first check the CPU dashboard",0.75,ops-team
INC1474,CONF2221,Load-Balancer Operations Guide,For status: 1. Check network status 2. Verify parameters 3. Review logs,0.72,api-team
INC1475,CONF2222,Session Disaster Recovery,"Monitor status, check for disk, review limits settings",0.82,infra-team
INC1475,CONF2223,Api-Gateway Incident Response,"For configuration issues, first check the memory dashboard",0.93,api-team
INC1476,CONF2224,Product Troubleshooting Guide,"Monitor status, check for CPU, review parameters settings",0.74,platform-team
INC1477,CONF2225,Fulfillment Architecture,configuration uses memory that can be intensive. Monitor limits and consider pagination for large batches,0.9,payments-team
INC1477,CONF2226,Frontend Service Runbook,Steps: 1. Check status 2. Verify network 3. Review recent changes,0.86,dba-team
INC1478,CONF2227,Frontend Monitoring Setup,For logs: 1. Check CPU status 2. Verify settings 3. Review logs,0.87,api-team
INC1479,CONF2228,Search Incident Response,Steps: 1. Check configuration 2. Verify memory 3. Review recent changes,0.87,observability-team
INC1479,CONF2229,User Performance Tuning,For logs: 1. Check CPU status 2. Verify settings 3. Review logs,0.91,devops-team
INC1480,CONF2230,Rabbitmq Disaster Recovery,Steps: 1. Check status 2. Verify CPU 3. Review recent changes,0.8,payments-team
INC1480,CONF2231,Rabbitmq SLA Requirements,"Monitor configuration, check for network, review parameters settings",0.77,observability-team
INC1481,CONF2232,Order Architecture,Steps: 1. Check health 2. Verify CPU 3. Review recent changes,0.9,platform-team
INC1482,CONF2233,Auth Operations Guide,"For logs issues, first check the memory dashboard",0.83,infra-team
INC1482,CONF2234,Fluentd Configuration Guide,Steps: 1. Check status 2. Verify disk 3. Review recent changes,0.74,identity-team
INC1483,CONF2235,Reporting Service Runbook,"Monitor status, check for memory, review limits settings",0.87,devops-team
INC1483,CONF2236,Load-Balancer Configuration Guide,"Monitor logs, check for network, review settings settings",0.88,security-team
INC1484,CONF2237,Elasticsearch Incident Response,"For logs issues, first check the network dashboard",0.87,api-team
INC1485,CONF2238,Cache SLA Requirements,"Monitor status, check for network, review settings settings",0.82,identity-team
INC1485,CONF2239,Rate-Limiter Operations Guide,"Monitor logs, check for disk, review parameters settings",0.94,dba-team
INC1486,CONF2240,Frontend Operations Guide,"Monitor health, check for memory, review settings settings",0.8,payments-team
INC1487,CONF2241,Product Performance Tuning,"For status issues, first check the disk dashboard",0.71,api-team
INC1488,CONF2242,Oauth-Provider SLA Requirements,For logs: 1. Check disk status 2. Verify settings 3. Review logs,0.82,infra-team
INC1488,CONF2243,Checkout Troubleshooting Guide,"Monitor health, check for disk, review limits settings",0.96,devops-team
INC1489,CONF2244,User Configuration Guide,configuration uses network that can be intensive. Monitor limits and consider pagination for large batches,0.94,api-team
INC1489,CONF2245,Frontend Performance Tuning,Steps: 1. Check health 2. Verify disk 3. Review recent changes,0.86,identity-team
INC1490,CONF2246,Kubernetes SLA Requirements,"For status issues, first check the disk dashboard",0.83,dba-team
INC1490,CONF2247,Container-Registry Service Runbook,"Monitor health, check for memory, review limits settings",0.77,ops-team
INC1491,CONF2248,Rabbitmq Architecture,configuration uses memory that can be intensive. Monitor parameters and consider pagination for large batches,0.85,payments-team
INC1491,CONF2249,User Configuration Guide,Steps: 1. Check health 2. Verify network 3. Review recent changes,0.87,devops-team
INC1492,CONF2250,Read-Replica Troubleshooting Guide,health uses disk that can be intensive. Monitor limits and consider pagination for large batches,0.76,platform-team
INC1493,CONF2251,Notification Disaster Recovery,For status: 1. Check disk status 2. Verify settings 3. Review logs,0.85,api-team
INC1494,CONF2252,Load-Balancer Monitoring Setup,Steps: 1. Check logs 2. Verify memory 3. Review recent changes,0.81,identity-team
INC1495,CONF2253,Kubernetes Service Runbook,For health: 1. Check disk status 2. Verify limits 3. Review logs,0.79,search-team
INC1496,CONF2254,Order Troubleshooting Guide,For health: 1. Check disk status 2. Verify limits 3. Review logs,0.81,search-team
INC1496,CONF2255,Elasticsearch SLA Requirements,"For status issues, first check the disk dashboard",0.78,identity-team
INC1497,CONF2256,Payment SLA Requirements,For status: 1. Check memory status 2. Verify limits 3. Review logs,0.73,security-team
INC1498,CONF2257,Search Configuration Guide,Steps: 1. Check logs 2. Verify disk 3. Review recent changes,0.72,identity-team
INC1498,CONF2258,Kubernetes Service Runbook,For logs: 1. Check CPU status 2. Verify limits 3. Review logs,0.76,platform-team
INC1499,CONF2259,Payment SLA Requirements,logs uses memory that can be intensive. Monitor parameters and consider pagination for large batches,0.79,security-team
INC1500,CONF2260,Frontend Incident Response,"Monitor health, check for network, review limits settings",0.93,infra-team
