id,title,description,severity,status,created_at,updated_at,resolved_at,affected_services,assignee,category
INC001,Memory leak in auth service,Memory leak in auth service affecting production environment with intermittent failures,medium,open,2026-01-17T22:09:56.376226,,,reporting-service|api-gateway|rabbitmq,search-team,Application
INC002,API response latency spike,API response latency spike affecting production environment,medium,open,2026-01-15T13:27:56.376226,,,notification-service|fluentd|container-registry,dba-team,Network
INC003,Log aggregation pipeline broken,Log aggregation pipeline broken affecting production environment,high,open,2026-01-19T00:10:56.376226,,,search-service|cache-service,payments-team,Monitoring
INC004,Redis cache connection failures,Redis cache connection failures affecting production environment with consistent failures,low,open,2026-01-12T21:48:56.376226,,,fulfillment-service|cache-service,ops-team,Cache
INC005,Rate limiting misconfiguration,Rate limiting misconfiguration affecting production environment with consistent failures,low,resolved,2026-01-11T15:05:56.376226,2026-01-12T15:41:56.376226,2026-01-11T20:17:56.376226,fluentd,api-team,Application
INC006,API response latency spike,API response latency spike affecting production environment with consistent failures,low,open,2026-01-19T21:50:56.376226,,,oauth-provider|container-registry,infra-team,Network
INC007,Kubernetes cluster node failure,Kubernetes cluster node failure affecting production environment,medium,resolved,2026-01-11T17:25:56.376226,2026-01-13T14:06:56.376226,2026-01-11T19:53:56.376226,fulfillment-service,observability-team,Infrastructure
INC008,Kubernetes cluster node failure,Kubernetes cluster node failure affecting production environment with intermittent failures,medium,investigating,2026-01-13T03:25:56.376226,,,fluentd|reporting-service|email-service,observability-team,Infrastructure
INC009,Database replica lag critical,Database replica lag critical affecting production environment with intermittent failures,medium,open,2026-01-19T04:51:56.376226,,,api-gateway|notification-service,devops-team,Database
INC010,Database replica lag critical,Database replica lag critical affecting production environment,critical,resolved,2026-01-09T02:34:56.376226,2026-01-09T19:21:56.376226,2026-01-09T16:52:56.376226,reporting-service|cache-service|elasticsearch,devops-team,Database
INC011,Log aggregation pipeline broken,Log aggregation pipeline broken affecting production environment with consistent failures,high,open,2026-01-09T10:57:56.376226,,,logging-service,ops-team,Monitoring
INC012,Memory leak in payment service,Memory leak in payment service affecting production environment with sporadic failures,critical,resolved,2026-01-13T13:55:56.376226,2026-01-15T00:11:56.376226,2026-01-13T17:28:56.376226,kubernetes|auth-service|ci-cd,api-team,Application
INC013,Network latency to logging region,Network latency to logging region affecting production environment,high,open,2026-01-11T07:36:56.376226,,,auth-service|elasticsearch,security-team,Network
INC014,Disk space critical on logging nodes,Disk space critical on logging nodes affecting production environment,low,resolved,2026-01-11T14:58:56.376226,2026-01-13T06:10:56.376226,2026-01-11T16:30:56.376226,product-service,payments-team,Storage
INC015,Network latency to logging region,Network latency to logging region affecting production environment with intermittent failures,high,investigating,2026-01-06T22:25:56.376226,,,load-balancer|rate-limiter,security-team,Network
INC016,Elasticsearch indexing delays,Elasticsearch indexing delays affecting production environment,low,open,2026-01-18T10:18:56.376226,,,logging-service,dba-team,Monitoring
INC017,SSL certificate expiration warning,SSL certificate expiration warning affecting production environment,critical,resolved,2026-01-15T13:53:56.376226,2026-01-16T04:52:56.376226,2026-01-15T21:03:56.376226,logging-service|elasticsearch|fluentd,platform-team,Security
INC018,Third-party OAuth provider timeout,Third-party OAuth provider timeout affecting production environment,high,investigating,2026-01-21T10:54:56.376226,,,email-service,platform-team,Security
INC019,Payment service 500 errors,Payment service 500 errors affecting production environment,medium,resolved,2026-01-09T18:30:56.376226,2026-01-11T17:10:56.376226,2026-01-09T19:46:56.376226,email-service,api-team,Payments
INC020,API response latency spike,API response latency spike affecting production environment with intermittent failures,medium,investigating,2026-01-17T09:39:56.376226,,,payment-service|elasticsearch|rabbitmq,devops-team,Network
INC021,Load balancer health check failing,Load balancer health check failing affecting production environment,critical,investigating,2026-01-08T15:53:56.376226,,,frontend|oauth-provider,ops-team,Infrastructure
INC022,Memory leak in user service,Memory leak in user service affecting production environment,high,open,2026-01-10T00:38:56.376226,,,oauth-provider|payment-service|frontend,payments-team,Application
INC023,CDN cache invalidation stuck,CDN cache invalidation stuck affecting production environment,low,investigating,2026-01-19T11:32:56.376226,,,container-registry,dba-team,Cache
INC024,Database connection timeout,Database connection timeout affecting production environment with intermittent failures,medium,investigating,2026-01-14T09:39:56.376226,,,user-service|checkout-service,search-team,Database
INC025,Database connection timeout,Database connection timeout affecting production environment with consistent failures,critical,resolved,2026-01-19T12:08:56.376226,2026-01-21T10:39:56.376226,2026-01-20T11:19:56.376226,notification-service,security-team,Database
INC026,Redis cache connection failures,Redis cache connection failures affecting production environment with sporadic failures,low,resolved,2026-01-11T19:29:56.376226,2026-01-13T09:59:56.376226,2026-01-11T22:25:56.376226,kubernetes|read-replica|checkout-service,ops-team,Cache
INC027,Disk space critical on api-gateway nodes,Disk space critical on api-gateway nodes affecting production environment with intermittent failures,low,resolved,2026-01-20T01:51:56.376226,2026-01-20T10:47:56.376226,2026-01-20T15:09:56.376226,email-service|rabbitmq|fulfillment-service,ops-team,Storage
INC028,Certificate authority unreachable,Certificate authority unreachable affecting production environment,high,investigating,2026-01-10T16:11:56.376226,,,email-service|cache-service,search-team,Security
INC029,SSL certificate expiration warning,SSL certificate expiration warning affecting production environment with consistent failures,critical,resolved,2026-01-07T09:05:56.376226,2026-01-08T22:11:56.376226,2026-01-08T03:26:56.376226,reporting-service,platform-team,Security
INC030,Disk space critical on cache nodes,Disk space critical on cache nodes affecting production environment,high,open,2026-01-21T01:49:56.376226,,,checkout-service|oauth-provider,dba-team,Storage
INC031,Third-party OAuth provider timeout,Third-party OAuth provider timeout affecting production environment with sporadic failures,low,resolved,2026-01-20T11:45:56.376226,2026-01-22T06:51:56.376226,2026-01-21T16:23:56.376226,cache-service,api-team,Security
INC032,Memory leak in elasticsearch service,Memory leak in elasticsearch service affecting production environment with consistent failures,high,resolved,2026-01-10T16:47:56.376226,2026-01-11T07:30:56.376226,2026-01-12T09:56:56.376226,kubernetes|cache-service|read-replica,identity-team,Application
INC033,CDN cache invalidation stuck,CDN cache invalidation stuck affecting production environment with intermittent failures,low,resolved,2026-01-13T02:28:56.376226,2026-01-13T03:49:56.376226,2026-01-13T05:01:56.376226,container-registry,security-team,Cache
INC034,Kubernetes cluster node failure,Kubernetes cluster node failure affecting production environment with sporadic failures,critical,resolved,2026-01-08T17:23:56.376226,2026-01-09T03:57:56.376226,2026-01-09T11:19:56.376226,load-balancer,infra-team,Infrastructure
INC035,Service mesh configuration error,Service mesh configuration error affecting production environment with consistent failures,medium,open,2026-01-11T06:23:56.376226,,,product-service,platform-team,Infrastructure
INC036,Elasticsearch indexing delays,Elasticsearch indexing delays affecting production environment with consistent failures,critical,resolved,2026-01-10T00:17:56.376226,2026-01-10T13:13:56.376226,2026-01-10T17:59:56.376226,auth-service|checkout-service,infra-team,Monitoring
INC037,Log aggregation pipeline broken,Log aggregation pipeline broken affecting production environment with sporadic failures,medium,investigating,2026-01-09T16:32:56.376226,,,kubernetes|user-service,identity-team,Monitoring
INC038,Elasticsearch indexing delays,Elasticsearch indexing delays affecting production environment,critical,resolved,2026-01-10T01:27:56.376226,2026-01-11T20:39:56.376226,2026-01-10T07:20:56.376226,search-service|cache-service,api-team,Monitoring
INC039,CDN cache invalidation stuck,CDN cache invalidation stuck affecting production environment,critical,resolved,2026-01-06T22:22:56.376226,2026-01-07T15:33:56.376226,2026-01-07T00:28:56.376226,cache-service|user-service|order-service,devops-team,Cache
INC040,Log aggregation pipeline broken,Log aggregation pipeline broken affecting production environment,high,investigating,2026-01-16T10:33:56.376226,,,rabbitmq|notification-service,security-team,Monitoring
INC041,API response latency spike,API response latency spike affecting production environment with intermittent failures,medium,investigating,2026-01-12T21:08:56.376226,,,fulfillment-service|search-service,observability-team,Network
INC042,Memory leak in elasticsearch service,Memory leak in elasticsearch service affecting production environment with sporadic failures,high,resolved,2026-01-13T04:51:56.376226,2026-01-15T02:09:56.376226,2026-01-13T06:26:56.376226,payment-service|notification-service|frontend,observability-team,Application
INC043,Container registry unavailable,Container registry unavailable affecting production environment with intermittent failures,high,investigating,2026-01-14T18:45:56.376226,,,notification-service|frontend,devops-team,Infrastructure
INC044,Certificate authority unreachable,Certificate authority unreachable affecting production environment with consistent failures,critical,resolved,2026-01-19T17:36:56.376226,2026-01-21T12:41:56.376226,2026-01-19T19:10:56.376226,read-replica|ci-cd,observability-team,Security
INC045,Certificate authority unreachable,Certificate authority unreachable affecting production environment,medium,resolved,2026-01-11T02:17:56.376226,2026-01-11T15:26:56.376226,2026-01-11T08:10:56.376226,user-service,platform-team,Security
INC046,Load balancer health check failing,Load balancer health check failing affecting production environment with intermittent failures,critical,resolved,2026-01-18T16:50:56.376226,2026-01-20T01:15:56.376226,2026-01-18T19:54:56.376226,payment-service,observability-team,Infrastructure
INC047,Database connection timeout,Database connection timeout affecting production environment with intermittent failures,critical,open,2026-01-18T10:55:56.376226,,,reporting-service,platform-team,Database
INC048,Memory leak in oauth-provider service,Memory leak in oauth-provider service affecting production environment,critical,resolved,2026-01-12T09:05:56.376226,2026-01-14T09:02:56.376226,2026-01-12T16:53:56.376226,frontend|load-balancer|reporting-service,identity-team,Application
INC049,Kubernetes cluster node failure,Kubernetes cluster node failure affecting production environment with consistent failures,critical,resolved,2026-01-11T10:57:56.376226,2026-01-13T04:12:56.376226,2026-01-11T11:27:56.376226,oauth-provider|api-gateway,security-team,Infrastructure
INC050,Elasticsearch indexing delays,Elasticsearch indexing delays affecting production environment,high,resolved,2026-01-07T22:35:56.376226,2026-01-08T13:59:56.376226,2026-01-08T00:11:56.376226,payment-service|fluentd|notification-service,api-team,Monitoring
INC051,Log aggregation pipeline broken,Log aggregation pipeline broken affecting production environment,critical,investigating,2026-01-20T07:50:56.376226,,,fluentd|auth-service|kubernetes,devops-team,Monitoring
INC052,Container registry unavailable,Container registry unavailable affecting production environment,high,investigating,2026-01-19T07:20:56.376226,,,reporting-service|elasticsearch,dba-team,Infrastructure
INC053,Certificate authority unreachable,Certificate authority unreachable affecting production environment with consistent failures,medium,investigating,2026-01-13T09:27:56.376226,,,search-service|ci-cd,observability-team,Security
INC054,Container registry unavailable,Container registry unavailable affecting production environment with consistent failures,medium,resolved,2026-01-14T19:24:56.376226,2026-01-15T22:01:56.376226,2026-01-15T00:57:56.376226,ci-cd|auth-service|api-gateway,observability-team,Infrastructure
INC055,Log aggregation pipeline broken,Log aggregation pipeline broken affecting production environment,critical,open,2026-01-13T04:39:56.376226,,,search-service|logging-service,search-team,Monitoring
INC056,CDN cache invalidation stuck,CDN cache invalidation stuck affecting production environment with consistent failures,high,open,2026-01-13T19:13:56.376226,,,user-service|product-service|email-service,observability-team,Cache
INC057,Payment service 500 errors,Payment service 500 errors affecting production environment with sporadic failures,low,open,2026-01-10T01:19:56.376226,,,fulfillment-service,payments-team,Payments
INC058,Elasticsearch indexing delays,Elasticsearch indexing delays affecting production environment,low,resolved,2026-01-10T09:10:56.376226,2026-01-11T02:59:56.376226,2026-01-10T11:48:56.376226,checkout-service|fulfillment-service,devops-team,Monitoring
INC059,Memory leak in logging service,Memory leak in logging service affecting production environment with consistent failures,low,resolved,2026-01-07T04:02:56.376226,2026-01-09T01:00:56.376226,2026-01-07T14:29:56.376226,cdn|fluentd,platform-team,Application
INC060,Payment service 500 errors,Payment service 500 errors affecting production environment with sporadic failures,medium,open,2026-01-18T04:20:56.376226,,,fulfillment-service|rate-limiter|order-service,devops-team,Payments
INC061,API response latency spike,API response latency spike affecting production environment,critical,resolved,2026-01-11T19:20:56.376226,2026-01-12T23:12:56.376226,2026-01-12T01:40:56.376226,order-service|frontend,infra-team,Network
INC062,Rate limiting misconfiguration,Rate limiting misconfiguration affecting production environment with consistent failures,medium,resolved,2026-01-15T14:43:56.376226,2026-01-17T07:34:56.376226,2026-01-16T05:53:56.376226,logging-service|database|oauth-provider,search-team,Application
INC063,Service mesh configuration error,Service mesh configuration error affecting production environment,medium,open,2026-01-11T08:41:56.376226,,,rabbitmq|fulfillment-service,observability-team,Infrastructure
INC064,Container registry unavailable,Container registry unavailable affecting production environment,critical,investigating,2026-01-10T06:17:56.376226,,,search-service|cache-service,devops-team,Infrastructure
INC065,CDN cache invalidation stuck,CDN cache invalidation stuck affecting production environment with sporadic failures,medium,open,2026-01-10T17:52:56.376226,,,reporting-service|logging-service,platform-team,Cache
INC066,Load balancer health check failing,Load balancer health check failing affecting production environment with consistent failures,critical,open,2026-01-10T07:10:56.376226,,,session-service,observability-team,Infrastructure
INC067,Service mesh configuration error,Service mesh configuration error affecting production environment,high,investigating,2026-01-18T11:47:56.376226,,,fluentd|oauth-provider,security-team,Infrastructure
INC068,Third-party OAuth provider timeout,Third-party OAuth provider timeout affecting production environment,low,resolved,2026-01-10T04:33:56.376226,2026-01-12T05:07:56.376226,2026-01-10T06:56:56.376226,checkout-service|notification-service|elasticsearch,identity-team,Security
INC069,CDN cache invalidation stuck,CDN cache invalidation stuck affecting production environment with sporadic failures,high,open,2026-01-20T00:44:56.376226,,,product-service,payments-team,Cache
INC070,Third-party OAuth provider timeout,Third-party OAuth provider timeout affecting production environment,medium,investigating,2026-01-06T20:01:56.376226,,,fluentd|payment-service,observability-team,Security
INC071,Load balancer health check failing,Load balancer health check failing affecting production environment,low,resolved,2026-01-11T09:56:56.376226,2026-01-12T15:17:56.376226,2026-01-11T14:38:56.376226,user-service,security-team,Infrastructure
INC072,Load balancer health check failing,Load balancer health check failing affecting production environment,low,investigating,2026-01-13T21:02:56.376226,,,ci-cd|user-service|payment-service,payments-team,Infrastructure
INC073,Service mesh configuration error,Service mesh configuration error affecting production environment with intermittent failures,medium,open,2026-01-15T08:04:56.376226,,,rate-limiter|fulfillment-service|email-service,dba-team,Infrastructure
INC074,Container registry unavailable,Container registry unavailable affecting production environment,critical,resolved,2026-01-11T13:05:56.376226,2026-01-11T17:44:56.376226,2026-01-12T05:57:56.376226,order-service|logging-service|notification-service,observability-team,Infrastructure
INC075,Redis cache connection failures,Redis cache connection failures affecting production environment,low,open,2026-01-10T00:01:56.376226,,,checkout-service,ops-team,Cache
INC076,Log aggregation pipeline broken,Log aggregation pipeline broken affecting production environment,critical,investigating,2026-01-11T16:44:56.376226,,,kubernetes|oauth-provider|api-gateway,observability-team,Monitoring
INC077,Elasticsearch indexing delays,Elasticsearch indexing delays affecting production environment with sporadic failures,medium,investigating,2026-01-08T11:40:56.376226,,,payment-service|cache-service|load-balancer,payments-team,Monitoring
INC078,Payment service 500 errors,Payment service 500 errors affecting production environment,high,resolved,2026-01-18T13:24:56.376226,2026-01-19T08:52:56.376226,2026-01-18T16:40:56.376226,oauth-provider,security-team,Payments
INC079,Container registry unavailable,Container registry unavailable affecting production environment with sporadic failures,critical,investigating,2026-01-07T08:13:56.376226,,,fulfillment-service|cache-service,ops-team,Infrastructure
INC080,Payment service 500 errors,Payment service 500 errors affecting production environment,low,resolved,2026-01-20T03:02:56.376226,2026-01-20T06:50:56.376226,2026-01-20T03:42:56.376226,database,dba-team,Payments
INC081,Rate limiting misconfiguration,Rate limiting misconfiguration affecting production environment with intermittent failures,critical,resolved,2026-01-14T05:52:56.376226,2026-01-15T04:12:56.376226,2026-01-14T15:34:56.376226,order-service|kubernetes|checkout-service,infra-team,Application
INC082,Log aggregation pipeline broken,Log aggregation pipeline broken affecting production environment with consistent failures,critical,resolved,2026-01-08T04:42:56.376226,2026-01-09T01:49:56.376226,2026-01-08T05:54:56.376226,kubernetes|read-replica,ops-team,Monitoring
INC083,Network latency to oauth-provider region,Network latency to oauth-provider region affecting production environment,medium,resolved,2026-01-12T14:14:56.376226,2026-01-13T22:54:56.376226,2026-01-12T22:13:56.376226,logging-service|user-service,platform-team,Network
INC084,CDN cache invalidation stuck,CDN cache invalidation stuck affecting production environment with consistent failures,critical,investigating,2026-01-17T14:17:56.376226,,,fluentd,payments-team,Cache
INC085,Third-party OAuth provider timeout,Third-party OAuth provider timeout affecting production environment with sporadic failures,critical,open,2026-01-19T21:55:56.376226,,,container-registry,payments-team,Security
INC086,Load balancer health check failing,Load balancer health check failing affecting production environment with consistent failures,high,investigating,2026-01-20T09:56:56.376226,,,oauth-provider,dba-team,Infrastructure
INC087,SSL certificate expiration warning,SSL certificate expiration warning affecting production environment,medium,open,2026-01-11T07:47:56.376226,,,cache-service|load-balancer|auth-service,security-team,Security
INC088,Third-party OAuth provider timeout,Third-party OAuth provider timeout affecting production environment with sporadic failures,critical,investigating,2026-01-12T12:14:56.376226,,,cdn|oauth-provider|search-service,platform-team,Security
INC089,Elasticsearch indexing delays,Elasticsearch indexing delays affecting production environment with intermittent failures,critical,investigating,2026-01-21T06:50:56.376226,,,rate-limiter|load-balancer|container-registry,payments-team,Monitoring
INC090,Load balancer health check failing,Load balancer health check failing affecting production environment with intermittent failures,high,open,2026-01-20T08:32:56.376226,,,oauth-provider|auth-service|elasticsearch,payments-team,Infrastructure
INC091,Log aggregation pipeline broken,Log aggregation pipeline broken affecting production environment with intermittent failures,low,investigating,2026-01-19T02:47:56.376226,,,fluentd|cdn|container-registry,api-team,Monitoring
INC092,Database replica lag critical,Database replica lag critical affecting production environment with sporadic failures,critical,resolved,2026-01-14T11:28:56.376226,2026-01-16T03:32:56.376226,2026-01-14T12:48:56.376226,container-registry,observability-team,Database
INC093,Third-party OAuth provider timeout,Third-party OAuth provider timeout affecting production environment with sporadic failures,low,investigating,2026-01-08T15:11:56.376226,,,oauth-provider,payments-team,Security
INC094,Third-party OAuth provider timeout,Third-party OAuth provider timeout affecting production environment with intermittent failures,high,open,2026-01-11T05:49:56.376226,,,payment-service|email-service,dba-team,Security
INC095,Log aggregation pipeline broken,Log aggregation pipeline broken affecting production environment with intermittent failures,medium,open,2026-01-08T14:21:56.376226,,,fulfillment-service|ci-cd,platform-team,Monitoring
INC096,Load balancer health check failing,Load balancer health check failing affecting production environment with intermittent failures,medium,investigating,2026-01-17T02:55:56.376226,,,ci-cd|auth-service,identity-team,Infrastructure
INC097,Third-party OAuth provider timeout,Third-party OAuth provider timeout affecting production environment with intermittent failures,low,investigating,2026-01-12T12:45:56.376226,,,frontend|fluentd|cache-service,identity-team,Security
INC098,Third-party OAuth provider timeout,Third-party OAuth provider timeout affecting production environment,critical,investigating,2026-01-13T12:48:56.376226,,,session-service|fluentd|auth-service,observability-team,Security
INC099,Container registry unavailable,Container registry unavailable affecting production environment,low,resolved,2026-01-18T10:19:56.376226,2026-01-19T06:08:56.376226,2026-01-18T11:34:56.376226,fulfillment-service,infra-team,Infrastructure
INC100,Elasticsearch indexing delays,Elasticsearch indexing delays affecting production environment with sporadic failures,high,resolved,2026-01-19T18:15:56.376226,2026-01-21T13:58:56.376226,2026-01-19T18:58:56.376226,container-registry,api-team,Monitoring
INC101,API response latency spike,API response latency spike affecting production environment,critical,resolved,2026-01-08T03:46:56.376226,2026-01-10T04:12:56.376226,2026-01-08T13:33:56.376226,notification-service,payments-team,Network
INC102,Network latency to product region,Network latency to product region affecting production environment with consistent failures,medium,investigating,2026-01-21T10:17:56.376226,,,elasticsearch|kubernetes,infra-team,Network
INC103,Memory leak in oauth-provider service,Memory leak in oauth-provider service affecting production environment with intermittent failures,medium,resolved,2026-01-18T15:51:56.376226,2026-01-20T04:14:56.376226,2026-01-18T19:55:56.376226,rate-limiter,search-team,Application
INC104,Database connection timeout,Database connection timeout affecting production environment,low,investigating,2026-01-12T16:13:56.376226,,,cache-service|rabbitmq|cdn,observability-team,Database
INC105,Message queue backlog growing,Message queue backlog growing affecting production environment,medium,investigating,2026-01-07T14:22:56.376226,,,search-service|fulfillment-service|email-service,observability-team,Monitoring
INC106,Payment service 500 errors,Payment service 500 errors affecting production environment with consistent failures,high,resolved,2026-01-12T21:34:56.376226,2026-01-13T00:36:56.376226,2026-01-12T23:07:56.376226,database|order-service,api-team,Payments
INC107,Elasticsearch indexing delays,Elasticsearch indexing delays affecting production environment with intermittent failures,critical,resolved,2026-01-18T11:52:56.376226,2026-01-20T02:39:56.376226,2026-01-18T16:57:56.376226,payment-service|frontend|container-registry,api-team,Monitoring
INC108,Load balancer health check failing,Load balancer health check failing affecting production environment with consistent failures,low,resolved,2026-01-12T00:54:56.376226,2026-01-13T06:09:56.376226,2026-01-12T11:44:56.376226,order-service|ci-cd,infra-team,Infrastructure
INC109,Network latency to container-registry region,Network latency to container-registry region affecting production environment,critical,investigating,2026-01-08T08:31:56.376226,,,notification-service|container-registry|fulfillment-service,ops-team,Infrastructure
INC110,API response latency spike,API response latency spike affecting production environment with intermittent failures,medium,resolved,2026-01-09T21:19:56.376226,2026-01-11T09:32:56.376226,2026-01-10T08:36:56.376226,notification-service|load-balancer|kubernetes,platform-team,Network
INC111,Database replica lag critical,Database replica lag critical affecting production environment with sporadic failures,low,investigating,2026-01-19T22:34:56.376226,,,cache-service|rate-limiter|checkout-service,api-team,Database
INC112,Database connection timeout,Database connection timeout affecting production environment,high,open,2026-01-16T04:27:56.376226,,,cache-service,ops-team,Database
INC113,SSL certificate expiration warning,SSL certificate expiration warning affecting production environment with sporadic failures,low,resolved,2026-01-08T09:54:56.376226,2026-01-09T10:26:56.376226,2026-01-08T12:46:56.376226,order-service|oauth-provider|read-replica,platform-team,Security
INC114,Certificate authority unreachable,Certificate authority unreachable affecting production environment,high,investigating,2026-01-16T18:29:56.376226,,,kubernetes|cdn,search-team,Security
INC115,Memory leak in database service,Memory leak in database service affecting production environment with consistent failures,low,open,2026-01-12T13:35:56.376226,,,payment-service,security-team,Database
INC116,Certificate authority unreachable,Certificate authority unreachable affecting production environment with sporadic failures,high,investigating,2026-01-16T10:44:56.376226,,,read-replica|fulfillment-service,search-team,Security
INC117,Memory leak in rate-limiter service,Memory leak in rate-limiter service affecting production environment with sporadic failures,medium,investigating,2026-01-14T01:52:56.376226,,,load-balancer|oauth-provider,search-team,Application
INC118,Log aggregation pipeline broken,Log aggregation pipeline broken affecting production environment with consistent failures,critical,investigating,2026-01-09T16:25:56.376226,,,api-gateway|load-balancer,api-team,Monitoring
INC119,Payment service 500 errors,Payment service 500 errors affecting production environment,high,open,2026-01-14T20:03:56.376226,,,reporting-service|search-service|ci-cd,api-team,Payments
INC120,Log aggregation pipeline broken,Log aggregation pipeline broken affecting production environment,critical,resolved,2026-01-11T13:45:56.376226,2026-01-12T12:51:56.376226,2026-01-11T14:46:56.376226,read-replica|notification-service|payment-service,observability-team,Monitoring
INC121,Load balancer health check failing,Load balancer health check failing affecting production environment,low,investigating,2026-01-20T11:49:56.376226,,,logging-service,security-team,Infrastructure
INC122,Service mesh configuration error,Service mesh configuration error affecting production environment,critical,resolved,2026-01-16T16:07:56.376226,2026-01-18T04:08:56.376226,2026-01-16T22:59:56.376226,ci-cd|load-balancer|fluentd,security-team,Infrastructure
INC123,Database connection timeout,Database connection timeout affecting production environment,high,investigating,2026-01-11T18:37:56.376226,,,rabbitmq,observability-team,Database
INC124,Container registry unavailable,Container registry unavailable affecting production environment,low,open,2026-01-18T10:39:56.376226,,,frontend|oauth-provider,infra-team,Infrastructure
INC125,Kubernetes cluster node failure,Kubernetes cluster node failure affecting production environment,high,resolved,2026-01-15T21:22:56.376226,2026-01-16T01:31:56.376226,2026-01-16T01:04:56.376226,logging-service,devops-team,Infrastructure
INC126,API response latency spike,API response latency spike affecting production environment with consistent failures,critical,resolved,2026-01-13T02:39:56.376226,2026-01-14T11:46:56.376226,2026-01-13T06:05:56.376226,frontend|order-service,security-team,Network
INC127,Service mesh configuration error,Service mesh configuration error affecting production environment,high,open,2026-01-10T07:04:56.376226,,,auth-service,platform-team,Infrastructure
INC128,Third-party OAuth provider timeout,Third-party OAuth provider timeout affecting production environment with intermittent failures,high,investigating,2026-01-11T21:26:56.376226,,,elasticsearch|frontend,payments-team,Security
INC129,SSL certificate expiration warning,SSL certificate expiration warning affecting production environment,medium,resolved,2026-01-15T16:17:56.376226,2026-01-16T15:21:56.376226,2026-01-15T21:31:56.376226,kubernetes|elasticsearch,ops-team,Security
INC130,Log aggregation pipeline broken,Log aggregation pipeline broken affecting production environment,low,investigating,2026-01-16T08:02:56.376226,,,fluentd|container-registry,search-team,Monitoring
INC131,Third-party OAuth provider timeout,Third-party OAuth provider timeout affecting production environment,low,investigating,2026-01-09T13:55:56.376226,,,product-service|api-gateway|frontend,api-team,Security
INC132,Elasticsearch indexing delays,Elasticsearch indexing delays affecting production environment,critical,resolved,2026-01-20T04:13:56.376226,2026-01-21T02:27:56.376226,2026-01-20T06:09:56.376226,logging-service|checkout-service,api-team,Monitoring
INC133,Disk space critical on container-registry nodes,Disk space critical on container-registry nodes affecting production environment,medium,investigating,2026-01-12T18:18:56.376226,,,load-balancer|payment-service|email-service,api-team,Infrastructure
INC134,SSL certificate expiration warning,SSL certificate expiration warning affecting production environment,medium,resolved,2026-01-09T14:30:56.376226,2026-01-10T03:19:56.376226,2026-01-09T17:46:56.376226,database|oauth-provider|logging-service,devops-team,Security
INC135,Service mesh configuration error,Service mesh configuration error affecting production environment,high,resolved,2026-01-11T22:54:56.376226,2026-01-12T04:24:56.376226,2026-01-12T00:39:56.376226,container-registry|session-service,security-team,Infrastructure
INC136,Service mesh configuration error,Service mesh configuration error affecting production environment,low,investigating,2026-01-14T08:28:56.376226,,,product-service,security-team,Infrastructure
INC137,Payment service 500 errors,Payment service 500 errors affecting production environment with intermittent failures,critical,resolved,2026-01-17T19:54:56.376226,2026-01-19T09:35:56.376226,2026-01-17T21:58:56.376226,search-service,devops-team,Payments
INC138,Load balancer health check failing,Load balancer health check failing affecting production environment with intermittent failures,critical,resolved,2026-01-17T20:58:56.376226,2026-01-19T15:09:56.376226,2026-01-17T23:13:56.376226,email-service,identity-team,Infrastructure
INC139,Rate limiting misconfiguration,Rate limiting misconfiguration affecting production environment with sporadic failures,medium,investigating,2026-01-12T03:50:56.376226,,,logging-service|search-service,observability-team,Application
INC140,Certificate authority unreachable,Certificate authority unreachable affecting production environment,high,open,2026-01-11T22:01:56.376226,,,cdn|session-service|cache-service,observability-team,Security
INC141,Certificate authority unreachable,Certificate authority unreachable affecting production environment with consistent failures,low,resolved,2026-01-16T23:24:56.376226,2026-01-17T22:43:56.376226,2026-01-16T23:57:56.376226,fluentd|ci-cd|cdn,payments-team,Security
INC142,Certificate authority unreachable,Certificate authority unreachable affecting production environment with intermittent failures,high,resolved,2026-01-13T15:16:56.376226,2026-01-14T14:08:56.376226,2026-01-13T16:18:56.376226,ci-cd,observability-team,Security
INC143,Disk space critical on api-gateway nodes,Disk space critical on api-gateway nodes affecting production environment with consistent failures,high,open,2026-01-12T03:37:56.376226,,,search-service,identity-team,Storage
INC144,Redis cache connection failures,Redis cache connection failures affecting production environment,medium,open,2026-01-08T04:20:56.376226,,,read-replica,dba-team,Cache
INC145,Disk space critical on user nodes,Disk space critical on user nodes affecting production environment with sporadic failures,medium,resolved,2026-01-12T22:36:56.376226,2026-01-13T11:29:56.376226,2026-01-13T00:55:56.376226,logging-service|fulfillment-service|rate-limiter,payments-team,Storage
INC146,Rate limiting misconfiguration,Rate limiting misconfiguration affecting production environment,high,resolved,2026-01-18T01:54:56.376226,2026-01-19T18:12:56.376226,2026-01-19T01:10:56.376226,rate-limiter|oauth-provider|email-service,dba-team,Application
INC147,Elasticsearch indexing delays,Elasticsearch indexing delays affecting production environment,critical,resolved,2026-01-14T09:15:56.376226,2026-01-15T05:04:56.376226,2026-01-14T12:31:56.376226,read-replica|frontend,payments-team,Monitoring
INC148,Redis cache connection failures,Redis cache connection failures affecting production environment with intermittent failures,high,open,2026-01-17T10:21:56.376226,,,reporting-service|order-service,dba-team,Cache
INC149,Memory leak in session service,Memory leak in session service affecting production environment,medium,investigating,2026-01-14T10:35:56.376226,,,api-gateway|email-service,identity-team,Application
INC150,Message queue backlog growing,Message queue backlog growing affecting production environment with consistent failures,low,investigating,2026-01-15T05:41:56.376226,,,api-gateway|product-service,platform-team,Monitoring
INC151,Database connection timeout,Database connection timeout affecting production environment,low,resolved,2026-01-17T05:16:56.376226,2026-01-17T15:24:56.376226,2026-01-17T13:05:56.376226,session-service,identity-team,Database
INC152,SSL certificate expiration warning,SSL certificate expiration warning affecting production environment with consistent failures,critical,resolved,2026-01-07T18:42:56.376226,2026-01-08T09:35:56.376226,2026-01-07T19:54:56.376226,reporting-service,devops-team,Security
INC153,Disk space critical on frontend nodes,Disk space critical on frontend nodes affecting production environment,high,open,2026-01-10T21:29:56.376226,,,frontend,observability-team,Storage
INC154,Certificate authority unreachable,Certificate authority unreachable affecting production environment,low,investigating,2026-01-16T11:27:56.376226,,,read-replica|rabbitmq|email-service,payments-team,Security
INC155,Third-party OAuth provider timeout,Third-party OAuth provider timeout affecting production environment,high,open,2026-01-16T07:37:56.376226,,,ci-cd|api-gateway|read-replica,infra-team,Security
INC156,Payment service 500 errors,Payment service 500 errors affecting production environment with sporadic failures,low,investigating,2026-01-20T09:28:56.376226,,,cdn|product-service|cache-service,ops-team,Payments
INC157,Message queue backlog growing,Message queue backlog growing affecting production environment with consistent failures,medium,resolved,2026-01-17T14:32:56.376226,2026-01-19T05:19:56.376226,2026-01-17T17:43:56.376226,payment-service|user-service,infra-team,Monitoring
INC158,Network latency to search region,Network latency to search region affecting production environment with intermittent failures,critical,investigating,2026-01-08T21:11:56.376226,,,user-service|session-service,platform-team,Network
INC159,API response latency spike,API response latency spike affecting production environment with intermittent failures,high,investigating,2026-01-15T07:18:56.376226,,,database|cache-service|user-service,observability-team,Network
INC160,Redis cache connection failures,Redis cache connection failures affecting production environment,low,resolved,2026-01-12T02:33:56.376226,2026-01-13T03:00:56.376226,2026-01-12T16:07:56.376226,elasticsearch|oauth-provider,search-team,Cache
INC161,Database replica lag critical,Database replica lag critical affecting production environment with consistent failures,critical,resolved,2026-01-18T21:12:56.376226,2026-01-20T01:17:56.376226,2026-01-19T00:22:56.376226,fulfillment-service|load-balancer,payments-team,Database
INC162,Network latency to session region,Network latency to session region affecting production environment,low,investigating,2026-01-17T03:45:56.376226,,,fulfillment-service|fluentd,search-team,Network
INC163,Kubernetes cluster node failure,Kubernetes cluster node failure affecting production environment with consistent failures,critical,resolved,2026-01-16T07:43:56.376226,2026-01-18T01:33:56.376226,2026-01-16T17:01:56.376226,api-gateway,observability-team,Infrastructure
INC164,Container registry unavailable,Container registry unavailable affecting production environment,medium,open,2026-01-09T14:09:56.376226,,,user-service|payment-service,api-team,Infrastructure
INC165,Elasticsearch indexing delays,Elasticsearch indexing delays affecting production environment with consistent failures,high,investigating,2026-01-15T20:04:56.376226,,,ci-cd,identity-team,Monitoring
INC166,Message queue backlog growing,Message queue backlog growing affecting production environment,low,resolved,2026-01-09T10:49:56.376226,2026-01-10T13:09:56.376226,2026-01-09T12:22:56.376226,cache-service|email-service|order-service,ops-team,Monitoring
INC167,Kubernetes cluster node failure,Kubernetes cluster node failure affecting production environment,critical,resolved,2026-01-19T03:11:56.376226,2026-01-20T08:24:56.376226,2026-01-19T06:34:56.376226,session-service|fluentd|database,platform-team,Infrastructure
INC168,Memory leak in payment service,Memory leak in payment service affecting production environment with consistent failures,medium,resolved,2026-01-13T21:17:56.376226,2026-01-15T18:11:56.376226,2026-01-13T23:18:56.376226,ci-cd|product-service,api-team,Application
INC169,Network latency to reporting region,Network latency to reporting region affecting production environment,high,open,2026-01-18T17:25:56.376226,,,container-registry|checkout-service|rate-limiter,infra-team,Network
INC170,Disk space critical on email nodes,Disk space critical on email nodes affecting production environment,medium,open,2026-01-10T09:27:56.376226,,,reporting-service|rabbitmq,infra-team,Storage
INC171,Rate limiting misconfiguration,Rate limiting misconfiguration affecting production environment with sporadic failures,medium,resolved,2026-01-20T20:30:56.376226,2026-01-21T16:55:56.376226,2026-01-21T00:57:56.376226,elasticsearch|database|read-replica,search-team,Application
INC172,Log aggregation pipeline broken,Log aggregation pipeline broken affecting production environment with intermittent failures,medium,investigating,2026-01-16T20:54:56.376226,,,ci-cd|read-replica,infra-team,Monitoring
INC173,SSL certificate expiration warning,SSL certificate expiration warning affecting production environment with sporadic failures,medium,open,2026-01-13T11:24:56.376226,,,load-balancer,api-team,Security
INC174,Disk space critical on payment nodes,Disk space critical on payment nodes affecting production environment,medium,investigating,2026-01-21T16:40:56.376226,,,read-replica|session-service,api-team,Storage
INC175,CDN cache invalidation stuck,CDN cache invalidation stuck affecting production environment,high,open,2026-01-17T04:05:56.376226,,,api-gateway|read-replica|container-registry,payments-team,Cache
INC176,Service mesh configuration error,Service mesh configuration error affecting production environment with intermittent failures,medium,resolved,2026-01-16T18:23:56.376226,2026-01-18T09:44:56.376226,2026-01-17T02:44:56.376226,user-service|load-balancer|kubernetes,ops-team,Infrastructure
INC177,Payment service 500 errors,Payment service 500 errors affecting production environment,high,resolved,2026-01-10T12:52:56.376226,2026-01-12T05:32:56.376226,2026-01-10T16:49:56.376226,database,observability-team,Payments
INC178,Network latency to session region,Network latency to session region affecting production environment with consistent failures,critical,resolved,2026-01-11T08:30:56.376226,2026-01-13T05:33:56.376226,2026-01-11T11:54:56.376226,oauth-provider,search-team,Network
INC179,Load balancer health check failing,Load balancer health check failing affecting production environment,high,resolved,2026-01-09T05:21:56.376226,2026-01-11T03:41:56.376226,2026-01-09T05:58:56.376226,kubernetes|product-service|cdn,payments-team,Infrastructure
INC180,Message queue backlog growing,Message queue backlog growing affecting production environment with intermittent failures,high,open,2026-01-13T21:43:56.376226,,,email-service|payment-service,api-team,Monitoring
INC181,API response latency spike,API response latency spike affecting production environment,critical,resolved,2026-01-21T00:18:56.376226,2026-01-21T22:17:56.376226,2026-01-21T03:52:56.376226,elasticsearch|search-service|notification-service,payments-team,Network
INC182,Load balancer health check failing,Load balancer health check failing affecting production environment with consistent failures,critical,investigating,2026-01-13T10:55:56.376226,,,notification-service,devops-team,Infrastructure
INC183,Message queue backlog growing,Message queue backlog growing affecting production environment,high,investigating,2026-01-16T15:09:56.376226,,,session-service|reporting-service,ops-team,Monitoring
INC184,Memory leak in frontend service,Memory leak in frontend service affecting production environment,high,resolved,2026-01-12T06:49:56.376226,2026-01-12T10:14:56.376226,2026-01-12T12:32:56.376226,rabbitmq,dba-team,Application
INC185,Redis cache connection failures,Redis cache connection failures affecting production environment,high,open,2026-01-13T10:54:56.376226,,,cache-service|load-balancer|fulfillment-service,observability-team,Cache
INC186,Certificate authority unreachable,Certificate authority unreachable affecting production environment,low,investigating,2026-01-12T05:01:56.376226,,,logging-service|payment-service,platform-team,Security
INC187,Certificate authority unreachable,Certificate authority unreachable affecting production environment with sporadic failures,low,open,2026-01-06T23:11:56.376226,,,rate-limiter|database,dba-team,Security
INC188,Rate limiting misconfiguration,Rate limiting misconfiguration affecting production environment,medium,investigating,2026-01-21T13:46:56.376226,,,cdn,devops-team,Application
INC189,Third-party OAuth provider timeout,Third-party OAuth provider timeout affecting production environment with sporadic failures,critical,investigating,2026-01-07T05:47:56.376226,,,order-service|frontend|rabbitmq,security-team,Security
INC190,Database connection timeout,Database connection timeout affecting production environment with consistent failures,medium,resolved,2026-01-07T12:56:56.376226,2026-01-08T00:29:56.376226,2026-01-07T14:41:56.376226,elasticsearch|fulfillment-service|logging-service,search-team,Database
INC191,SSL certificate expiration warning,SSL certificate expiration warning affecting production environment with intermittent failures,low,resolved,2026-01-17T21:38:56.376226,2026-01-18T00:06:56.376226,2026-01-18T03:04:56.376226,frontend|payment-service,search-team,Security
INC192,Redis cache connection failures,Redis cache connection failures affecting production environment,critical,resolved,2026-01-15T01:01:56.376226,2026-01-15T22:43:56.376226,2026-01-15T01:40:56.376226,read-replica|cdn,infra-team,Cache
INC193,Kubernetes cluster node failure,Kubernetes cluster node failure affecting production environment,high,resolved,2026-01-12T16:15:56.376226,2026-01-14T15:58:56.376226,2026-01-12T20:27:56.376226,rate-limiter|fluentd|cache-service,devops-team,Infrastructure
INC194,Load balancer health check failing,Load balancer health check failing affecting production environment,medium,investigating,2026-01-15T03:40:56.376226,,,logging-service|session-service,platform-team,Infrastructure
INC195,Load balancer health check failing,Load balancer health check failing affecting production environment,high,resolved,2026-01-21T17:43:56.376226,2026-01-22T12:50:56.376226,2026-01-21T19:24:56.376226,ci-cd|reporting-service|cdn,search-team,Infrastructure
INC196,Message queue backlog growing,Message queue backlog growing affecting production environment with intermittent failures,high,open,2026-01-11T16:31:56.376226,,,oauth-provider|container-registry,security-team,Monitoring
INC197,Load balancer health check failing,Load balancer health check failing affecting production environment,high,resolved,2026-01-18T02:34:56.376226,2026-01-18T10:13:56.376226,2026-01-18T09:18:56.376226,rabbitmq|email-service|user-service,observability-team,Infrastructure
INC198,Disk space critical on email nodes,Disk space critical on email nodes affecting production environment with intermittent failures,low,investigating,2026-01-12T16:56:56.376226,,,ci-cd,payments-team,Storage
INC199,Database connection timeout,Database connection timeout affecting production environment with intermittent failures,critical,resolved,2026-01-14T14:38:56.376226,2026-01-15T09:58:56.376226,2026-01-14T17:04:56.376226,container-registry|user-service,api-team,Database
INC200,Service mesh configuration error,Service mesh configuration error affecting production environment,low,open,2026-01-13T00:25:56.376226,,,load-balancer,search-team,Infrastructure
INC201,Load balancer health check failing,Load balancer health check failing affecting production environment,high,open,2026-01-07T04:02:56.376226,,,order-service|search-service|session-service,identity-team,Infrastructure
INC202,Network latency to read-replica region,Network latency to read-replica region affecting production environment,medium,resolved,2026-01-14T02:38:56.376226,2026-01-14T10:59:56.376226,2026-01-14T12:32:56.376226,elasticsearch,identity-team,Network
INC203,CDN cache invalidation stuck,CDN cache invalidation stuck affecting production environment with intermittent failures,high,investigating,2026-01-16T16:14:56.376226,,,checkout-service,devops-team,Cache
INC204,Container registry unavailable,Container registry unavailable affecting production environment with sporadic failures,high,open,2026-01-13T15:32:56.376226,,,payment-service,identity-team,Infrastructure
INC205,Database replica lag critical,Database replica lag critical affecting production environment with intermittent failures,high,investigating,2026-01-10T09:14:56.376226,,,search-service|session-service,devops-team,Database
INC206,Service mesh configuration error,Service mesh configuration error affecting production environment,high,resolved,2026-01-09T20:08:56.376226,2026-01-10T04:37:56.376226,2026-01-10T02:22:56.376226,checkout-service|cdn,observability-team,Infrastructure
INC207,Disk space critical on fluentd nodes,Disk space critical on fluentd nodes affecting production environment with sporadic failures,low,resolved,2026-01-21T03:49:56.376226,2026-01-22T20:03:56.376226,2026-01-21T06:44:56.376226,payment-service,identity-team,Storage
INC208,SSL certificate expiration warning,SSL certificate expiration warning affecting production environment,high,investigating,2026-01-18T12:24:56.376226,,,logging-service|reporting-service,observability-team,Security
INC209,Redis cache connection failures,Redis cache connection failures affecting production environment with sporadic failures,low,resolved,2026-01-14T11:11:56.376226,2026-01-15T11:15:56.376226,2026-01-14T18:36:56.376226,order-service|user-service|load-balancer,dba-team,Cache
INC210,Disk space critical on notification nodes,Disk space critical on notification nodes affecting production environment with intermittent failures,medium,investigating,2026-01-20T10:54:56.376226,,,ci-cd,platform-team,Storage
INC211,Service mesh configuration error,Service mesh configuration error affecting production environment,critical,resolved,2026-01-14T12:29:56.376226,2026-01-16T00:58:56.376226,2026-01-14T13:09:56.376226,rate-limiter|session-service|elasticsearch,ops-team,Infrastructure
INC212,Container registry unavailable,Container registry unavailable affecting production environment,low,resolved,2026-01-10T12:30:56.376226,2026-01-10T15:57:56.376226,2026-01-10T14:26:56.376226,fluentd|api-gateway,dba-team,Infrastructure
INC213,API response latency spike,API response latency spike affecting production environment with intermittent failures,critical,open,2026-01-08T23:15:56.376226,,,elasticsearch|container-registry|frontend,infra-team,Network
INC214,Container registry unavailable,Container registry unavailable affecting production environment,critical,investigating,2026-01-17T11:34:56.376226,,,kubernetes|product-service|order-service,payments-team,Infrastructure
INC215,Network latency to cdn region,Network latency to cdn region affecting production environment with sporadic failures,medium,open,2026-01-18T18:45:56.376226,,,ci-cd|elasticsearch,dba-team,Network
INC216,Log aggregation pipeline broken,Log aggregation pipeline broken affecting production environment with intermittent failures,medium,investigating,2026-01-11T22:43:56.376226,,,elasticsearch,api-team,Monitoring
INC217,API response latency spike,API response latency spike affecting production environment with consistent failures,low,open,2026-01-09T20:32:56.376226,,,user-service|oauth-provider|fulfillment-service,observability-team,Network
INC218,API response latency spike,API response latency spike affecting production environment,low,investigating,2026-01-14T02:00:56.376226,,,logging-service,ops-team,Network
INC219,SSL certificate expiration warning,SSL certificate expiration warning affecting production environment with consistent failures,medium,resolved,2026-01-16T05:02:56.376226,2026-01-17T20:51:56.376226,2026-01-16T11:14:56.376226,load-balancer|search-service|email-service,security-team,Security
INC220,SSL certificate expiration warning,SSL certificate expiration warning affecting production environment with sporadic failures,medium,investigating,2026-01-11T02:29:56.376226,,,rabbitmq|elasticsearch|checkout-service,observability-team,Security
INC221,Log aggregation pipeline broken,Log aggregation pipeline broken affecting production environment with intermittent failures,high,resolved,2026-01-17T07:16:56.376226,2026-01-18T17:36:56.376226,2026-01-17T08:24:56.376226,frontend|payment-service|session-service,search-team,Monitoring
INC222,Kubernetes cluster node failure,Kubernetes cluster node failure affecting production environment with consistent failures,medium,open,2026-01-11T16:35:56.376226,,,user-service|reporting-service,search-team,Infrastructure
INC223,Log aggregation pipeline broken,Log aggregation pipeline broken affecting production environment with intermittent failures,critical,open,2026-01-12T14:31:56.376226,,,kubernetes|product-service,api-team,Monitoring
INC224,Network latency to elasticsearch region,Network latency to elasticsearch region affecting production environment with intermittent failures,high,investigating,2026-01-17T14:04:56.376226,,,kubernetes,api-team,Network
INC225,Redis cache connection failures,Redis cache connection failures affecting production environment with sporadic failures,medium,investigating,2026-01-10T04:45:56.376226,,,notification-service,platform-team,Cache
INC226,Memory leak in elasticsearch service,Memory leak in elasticsearch service affecting production environment with consistent failures,medium,resolved,2026-01-16T16:39:56.376226,2026-01-17T19:37:56.376226,2026-01-16T17:42:56.376226,reporting-service,infra-team,Application
INC227,Third-party OAuth provider timeout,Third-party OAuth provider timeout affecting production environment,high,investigating,2026-01-11T05:58:56.376226,,,oauth-provider|order-service,identity-team,Security
INC228,Database replica lag critical,Database replica lag critical affecting production environment with consistent failures,high,investigating,2026-01-07T13:21:56.376226,,,elasticsearch,payments-team,Database
INC229,Database connection timeout,Database connection timeout affecting production environment,critical,investigating,2026-01-12T01:50:56.376226,,,load-balancer|email-service|database,dba-team,Database
INC230,Database replica lag critical,Database replica lag critical affecting production environment,critical,investigating,2026-01-09T18:16:56.376226,,,checkout-service|payment-service,dba-team,Database
INC231,Load balancer health check failing,Load balancer health check failing affecting production environment,low,resolved,2026-01-06T21:18:56.376226,2026-01-08T16:21:56.376226,2026-01-06T22:54:56.376226,frontend,payments-team,Infrastructure
INC232,Elasticsearch indexing delays,Elasticsearch indexing delays affecting production environment,medium,open,2026-01-10T10:55:56.376226,,,user-service|fulfillment-service,observability-team,Monitoring
INC233,Certificate authority unreachable,Certificate authority unreachable affecting production environment with sporadic failures,critical,open,2026-01-15T07:26:56.376226,,,read-replica,security-team,Security
INC234,Network latency to session region,Network latency to session region affecting production environment,critical,open,2026-01-08T10:35:56.376226,,,notification-service,devops-team,Network
INC235,Disk space critical on cache nodes,Disk space critical on cache nodes affecting production environment with consistent failures,critical,investigating,2026-01-16T02:10:56.376226,,,session-service,observability-team,Storage
INC236,Payment service 500 errors,Payment service 500 errors affecting production environment with sporadic failures,low,open,2026-01-13T06:50:56.376226,,,database|user-service|container-registry,ops-team,Payments
INC237,Kubernetes cluster node failure,Kubernetes cluster node failure affecting production environment,critical,resolved,2026-01-19T22:23:56.376226,2026-01-21T09:21:56.376226,2026-01-20T01:30:56.376226,email-service,platform-team,Infrastructure
INC238,Service mesh configuration error,Service mesh configuration error affecting production environment,low,open,2026-01-17T03:23:56.376226,,,rabbitmq|ci-cd|user-service,payments-team,Infrastructure
INC239,Database replica lag critical,Database replica lag critical affecting production environment,medium,resolved,2026-01-09T17:18:56.376226,2026-01-10T20:17:56.376226,2026-01-10T21:25:56.376226,session-service,payments-team,Database
INC240,Service mesh configuration error,Service mesh configuration error affecting production environment,critical,investigating,2026-01-19T17:34:56.376226,,,elasticsearch|api-gateway|read-replica,infra-team,Infrastructure
INC241,API response latency spike,API response latency spike affecting production environment,medium,open,2026-01-12T14:15:56.376226,,,fulfillment-service|cdn|logging-service,infra-team,Network
INC242,Database connection timeout,Database connection timeout affecting production environment with consistent failures,critical,resolved,2026-01-13T00:09:56.376226,2026-01-14T14:51:56.376226,2026-01-13T09:00:56.376226,api-gateway|logging-service,devops-team,Database
INC243,Third-party OAuth provider timeout,Third-party OAuth provider timeout affecting production environment with sporadic failures,low,open,2026-01-10T22:50:56.376226,,,rate-limiter|container-registry|payment-service,search-team,Security
INC244,Database replica lag critical,Database replica lag critical affecting production environment,low,open,2026-01-11T08:49:56.376226,,,order-service|payment-service,api-team,Database
INC245,Kubernetes cluster node failure,Kubernetes cluster node failure affecting production environment,critical,open,2026-01-12T11:31:56.376226,,,fulfillment-service|rate-limiter|search-service,search-team,Infrastructure
INC246,Database connection timeout,Database connection timeout affecting production environment,critical,resolved,2026-01-10T12:59:56.376226,2026-01-11T00:42:56.376226,2026-01-10T13:53:56.376226,checkout-service|payment-service,security-team,Database
INC247,Third-party OAuth provider timeout,Third-party OAuth provider timeout affecting production environment,medium,open,2026-01-09T07:43:56.376226,,,session-service|database,api-team,Security
INC248,Message queue backlog growing,Message queue backlog growing affecting production environment,medium,resolved,2026-01-17T10:04:56.376226,2026-01-19T02:16:56.376226,2026-01-17T11:35:56.376226,order-service|payment-service,security-team,Monitoring
INC249,Database connection timeout,Database connection timeout affecting production environment with consistent failures,critical,investigating,2026-01-20T15:04:56.376226,,,session-service,infra-team,Database
INC250,Certificate authority unreachable,Certificate authority unreachable affecting production environment with intermittent failures,critical,investigating,2026-01-13T04:44:56.376226,,,fluentd|container-registry|database,devops-team,Security
INC251,Elasticsearch indexing delays,Elasticsearch indexing delays affecting production environment,high,investigating,2026-01-11T22:25:56.376226,,,notification-service|rabbitmq|reporting-service,payments-team,Monitoring
INC252,Network latency to auth region,Network latency to auth region affecting production environment with consistent failures,medium,investigating,2026-01-19T04:19:56.376226,,,api-gateway|load-balancer|kubernetes,search-team,Network
INC253,Load balancer health check failing,Load balancer health check failing affecting production environment,high,open,2026-01-11T15:35:56.376226,,,frontend|rate-limiter|cdn,api-team,Infrastructure
INC254,Rate limiting misconfiguration,Rate limiting misconfiguration affecting production environment with consistent failures,critical,resolved,2026-01-18T08:00:56.376226,2026-01-18T11:50:56.376226,2026-01-18T14:31:56.376226,fluentd|rate-limiter,dba-team,Application
INC255,Certificate authority unreachable,Certificate authority unreachable affecting production environment with intermittent failures,low,open,2026-01-17T15:48:56.376226,,,container-registry,devops-team,Security
INC256,API response latency spike,API response latency spike affecting production environment with sporadic failures,critical,investigating,2026-01-06T21:42:56.376226,,,read-replica,dba-team,Network
INC257,Network latency to rabbitmq region,Network latency to rabbitmq region affecting production environment with intermittent failures,critical,resolved,2026-01-16T16:58:56.376226,2026-01-17T03:20:56.376226,2026-01-16T22:32:56.376226,database,api-team,Network
INC258,Third-party OAuth provider timeout,Third-party OAuth provider timeout affecting production environment,low,open,2026-01-20T17:35:56.376226,,,session-service|search-service,identity-team,Security
INC259,Redis cache connection failures,Redis cache connection failures affecting production environment with consistent failures,critical,resolved,2026-01-11T20:45:56.376226,2026-01-12T00:36:56.376226,2026-01-12T00:03:56.376226,order-service|auth-service|kubernetes,infra-team,Cache
INC260,Memory leak in ci-cd service,Memory leak in ci-cd service affecting production environment with sporadic failures,medium,resolved,2026-01-09T11:36:56.376226,2026-01-10T10:11:56.376226,2026-01-09T15:00:56.376226,oauth-provider|email-service,search-team,Application
INC261,Kubernetes cluster node failure,Kubernetes cluster node failure affecting production environment,critical,investigating,2026-01-16T00:54:56.376226,,,frontend|cdn|auth-service,platform-team,Infrastructure
INC262,Redis cache connection failures,Redis cache connection failures affecting production environment,low,resolved,2026-01-08T11:37:56.376226,2026-01-09T11:57:56.376226,2026-01-08T17:13:56.376226,oauth-provider,api-team,Cache
INC263,CDN cache invalidation stuck,CDN cache invalidation stuck affecting production environment with consistent failures,high,resolved,2026-01-13T13:51:56.376226,2026-01-15T03:58:56.376226,2026-01-14T00:06:56.376226,product-service|kubernetes,identity-team,Cache
INC264,Certificate authority unreachable,Certificate authority unreachable affecting production environment,high,resolved,2026-01-15T21:09:56.376226,2026-01-16T06:29:56.376226,2026-01-16T00:44:56.376226,email-service,security-team,Security
INC265,Memory leak in checkout service,Memory leak in checkout service affecting production environment,medium,resolved,2026-01-13T08:04:56.376226,2026-01-13T17:40:56.376226,2026-01-14T02:48:56.376226,frontend|checkout-service,identity-team,Application
INC266,Network latency to fluentd region,Network latency to fluentd region affecting production environment with intermittent failures,medium,investigating,2026-01-10T22:37:56.376226,,,load-balancer|oauth-provider,devops-team,Network
INC267,API response latency spike,API response latency spike affecting production environment with intermittent failures,critical,open,2026-01-13T11:58:56.376226,,,database|frontend|ci-cd,identity-team,Network
INC268,Log aggregation pipeline broken,Log aggregation pipeline broken affecting production environment with consistent failures,critical,open,2026-01-07T01:44:56.376226,,,cache-service,platform-team,Monitoring
INC269,Network latency to session region,Network latency to session region affecting production environment,critical,resolved,2026-01-15T10:33:56.376226,2026-01-16T23:40:56.376226,2026-01-16T02:40:56.376226,logging-service|reporting-service,infra-team,Network
INC270,Network latency to load-balancer region,Network latency to load-balancer region affecting production environment with sporadic failures,critical,resolved,2026-01-12T22:13:56.376226,2026-01-14T17:01:56.376226,2026-01-13T00:15:56.376226,session-service,ops-team,Network
INC271,Rate limiting misconfiguration,Rate limiting misconfiguration affecting production environment,low,investigating,2026-01-19T22:15:56.376226,,,notification-service,devops-team,Application
INC272,Message queue backlog growing,Message queue backlog growing affecting production environment with sporadic failures,critical,resolved,2026-01-20T01:17:56.376226,2026-01-20T05:53:56.376226,2026-01-20T10:58:56.376226,reporting-service|cache-service,devops-team,Monitoring
INC273,Network latency to checkout region,Network latency to checkout region affecting production environment,high,investigating,2026-01-16T03:20:56.376226,,,ci-cd|load-balancer|order-service,payments-team,Network
INC274,Log aggregation pipeline broken,Log aggregation pipeline broken affecting production environment with consistent failures,medium,resolved,2026-01-19T22:41:56.376226,2026-01-20T09:26:56.376226,2026-01-20T01:12:56.376226,load-balancer|email-service,observability-team,Monitoring
INC275,Container registry unavailable,Container registry unavailable affecting production environment,high,resolved,2026-01-13T06:54:56.376226,2026-01-13T12:34:56.376226,2026-01-13T09:34:56.376226,cdn,dba-team,Infrastructure
INC276,CDN cache invalidation stuck,CDN cache invalidation stuck affecting production environment with consistent failures,critical,investigating,2026-01-19T17:31:56.376226,,,oauth-provider|container-registry|ci-cd,infra-team,Cache
INC277,Payment service 500 errors,Payment service 500 errors affecting production environment with consistent failures,medium,investigating,2026-01-20T00:57:56.376226,,,search-service|load-balancer,security-team,Payments
INC278,Database replica lag critical,Database replica lag critical affecting production environment with intermittent failures,critical,resolved,2026-01-06T22:06:56.376226,2026-01-08T04:07:56.376226,2026-01-07T06:32:56.376226,kubernetes,payments-team,Database
INC279,Rate limiting misconfiguration,Rate limiting misconfiguration affecting production environment,critical,resolved,2026-01-21T14:45:56.376226,2026-01-22T02:40:56.376226,2026-01-21T21:50:56.376226,api-gateway|container-registry,infra-team,Application
INC280,CDN cache invalidation stuck,CDN cache invalidation stuck affecting production environment,medium,open,2026-01-13T14:45:56.376226,,,fluentd|logging-service|email-service,search-team,Cache
INC281,Payment service 500 errors,Payment service 500 errors affecting production environment with intermittent failures,medium,investigating,2026-01-07T23:03:56.376226,,,read-replica,observability-team,Payments
INC282,Rate limiting misconfiguration,Rate limiting misconfiguration affecting production environment,high,open,2026-01-20T08:10:56.376226,,,database,api-team,Application
INC283,Elasticsearch indexing delays,Elasticsearch indexing delays affecting production environment,low,open,2026-01-12T06:22:56.376226,,,payment-service|cdn,payments-team,Monitoring
INC284,SSL certificate expiration warning,SSL certificate expiration warning affecting production environment,low,resolved,2026-01-16T23:54:56.376226,2026-01-17T23:40:56.376226,2026-01-17T00:14:56.376226,container-registry,payments-team,Security
INC285,Log aggregation pipeline broken,Log aggregation pipeline broken affecting production environment with consistent failures,medium,open,2026-01-20T21:34:56.376226,,,rabbitmq,search-team,Monitoring
INC286,Message queue backlog growing,Message queue backlog growing affecting production environment with consistent failures,medium,open,2026-01-11T14:31:56.376226,,,reporting-service,devops-team,Monitoring
INC287,Certificate authority unreachable,Certificate authority unreachable affecting production environment with consistent failures,low,resolved,2026-01-21T03:39:56.376226,2026-01-22T14:17:56.376226,2026-01-21T07:20:56.376226,notification-service|elasticsearch|cdn,security-team,Security
INC288,API response latency spike,API response latency spike affecting production environment with intermittent failures,critical,investigating,2026-01-14T15:04:56.376226,,,read-replica,ops-team,Network
INC289,Message queue backlog growing,Message queue backlog growing affecting production environment with intermittent failures,critical,resolved,2026-01-09T10:15:56.376226,2026-01-09T15:16:56.376226,2026-01-09T18:06:56.376226,api-gateway|auth-service|cache-service,platform-team,Monitoring
INC290,API response latency spike,API response latency spike affecting production environment with consistent failures,high,resolved,2026-01-18T11:15:56.376226,2026-01-19T14:42:56.376226,2026-01-18T11:42:56.376226,cdn|api-gateway|container-registry,dba-team,Network
INC291,Network latency to fulfillment region,Network latency to fulfillment region affecting production environment,low,investigating,2026-01-08T11:24:56.376226,,,rate-limiter,payments-team,Network
INC292,Network latency to search region,Network latency to search region affecting production environment,low,investigating,2026-01-18T08:12:56.376226,,,user-service,platform-team,Network
INC293,Payment service 500 errors,Payment service 500 errors affecting production environment with intermittent failures,critical,investigating,2026-01-18T16:13:56.376226,,,order-service,ops-team,Payments
INC294,SSL certificate expiration warning,SSL certificate expiration warning affecting production environment with intermittent failures,critical,resolved,2026-01-18T02:36:56.376226,2026-01-19T02:44:56.376226,2026-01-18T14:59:56.376226,logging-service|kubernetes|cache-service,api-team,Security
INC295,Database connection timeout,Database connection timeout affecting production environment,critical,investigating,2026-01-16T14:30:56.376226,,,oauth-provider|read-replica,infra-team,Database
INC296,API response latency spike,API response latency spike affecting production environment,medium,investigating,2026-01-09T03:15:56.376226,,,rabbitmq,observability-team,Network
INC297,Memory leak in email service,Memory leak in email service affecting production environment with intermittent failures,low,open,2026-01-09T19:56:56.376226,,,cdn|payment-service,payments-team,Application
INC298,API response latency spike,API response latency spike affecting production environment with sporadic failures,critical,investigating,2026-01-18T04:43:56.376226,,,rabbitmq,infra-team,Network
INC299,Memory leak in read-replica service,Memory leak in read-replica service affecting production environment with intermittent failures,medium,open,2026-01-19T10:28:56.376226,,,api-gateway|oauth-provider,security-team,Application
INC300,Third-party OAuth provider timeout,Third-party OAuth provider timeout affecting production environment,critical,investigating,2026-01-19T04:13:56.376226,,,email-service|oauth-provider|product-service,devops-team,Security
INC301,Load balancer health check failing,Load balancer health check failing affecting production environment with intermittent failures,medium,open,2026-01-07T07:27:56.376226,,,reporting-service,infra-team,Infrastructure
INC302,Database connection timeout,Database connection timeout affecting production environment with intermittent failures,critical,investigating,2026-01-15T01:52:56.376226,,,user-service|payment-service,security-team,Database
INC303,Payment service 500 errors,Payment service 500 errors affecting production environment,medium,resolved,2026-01-13T17:23:56.376226,2026-01-14T17:52:56.376226,2026-01-13T23:29:56.376226,api-gateway|rabbitmq|order-service,dba-team,Payments
INC304,SSL certificate expiration warning,SSL certificate expiration warning affecting production environment with consistent failures,low,resolved,2026-01-15T19:53:56.376226,2026-01-17T15:01:56.376226,2026-01-16T07:53:56.376226,session-service,security-team,Security
INC305,Database replica lag critical,Database replica lag critical affecting production environment with consistent failures,high,investigating,2026-01-14T02:40:56.376226,,,notification-service,payments-team,Database
INC306,Service mesh configuration error,Service mesh configuration error affecting production environment,low,open,2026-01-14T08:46:56.376226,,,order-service|reporting-service,infra-team,Infrastructure
INC307,Redis cache connection failures,Redis cache connection failures affecting production environment,critical,investigating,2026-01-19T15:45:56.376226,,,fluentd|fulfillment-service|user-service,platform-team,Cache
INC308,Database replica lag critical,Database replica lag critical affecting production environment,medium,investigating,2026-01-13T10:29:56.376226,,,session-service|cache-service|load-balancer,payments-team,Database
INC309,Database connection timeout,Database connection timeout affecting production environment with consistent failures,medium,open,2026-01-13T22:17:56.376226,,,order-service,ops-team,Database
INC310,API response latency spike,API response latency spike affecting production environment with intermittent failures,medium,open,2026-01-20T06:49:56.376226,,,container-registry|api-gateway|rabbitmq,devops-team,Network
INC311,CDN cache invalidation stuck,CDN cache invalidation stuck affecting production environment with intermittent failures,low,open,2026-01-10T14:54:56.376226,,,api-gateway,infra-team,Cache
INC312,Memory leak in user service,Memory leak in user service affecting production environment with intermittent failures,medium,resolved,2026-01-13T17:51:56.376226,2026-01-15T01:52:56.376226,2026-01-13T19:05:56.376226,ci-cd|frontend,payments-team,Application
INC313,Message queue backlog growing,Message queue backlog growing affecting production environment,medium,investigating,2026-01-11T09:22:56.376226,,,user-service,devops-team,Monitoring
INC314,Certificate authority unreachable,Certificate authority unreachable affecting production environment with sporadic failures,high,investigating,2026-01-13T11:56:56.376226,,,api-gateway,security-team,Security
INC315,Container registry unavailable,Container registry unavailable affecting production environment,medium,resolved,2026-01-21T10:41:56.376226,2026-01-23T04:32:56.376226,2026-01-21T17:54:56.376226,rate-limiter|auth-service|cdn,infra-team,Infrastructure
INC316,Load balancer health check failing,Load balancer health check failing affecting production environment with consistent failures,high,resolved,2026-01-15T04:50:56.376226,2026-01-15T23:01:56.376226,2026-01-15T10:45:56.376226,search-service,devops-team,Infrastructure
INC317,Elasticsearch indexing delays,Elasticsearch indexing delays affecting production environment,high,open,2026-01-19T09:59:56.376226,,,logging-service|rabbitmq,platform-team,Monitoring
INC318,Kubernetes cluster node failure,Kubernetes cluster node failure affecting production environment,medium,investigating,2026-01-15T17:29:56.376226,,,rabbitmq,search-team,Infrastructure
INC319,Message queue backlog growing,Message queue backlog growing affecting production environment with intermittent failures,medium,open,2026-01-16T05:17:56.376226,,,fluentd|product-service|rabbitmq,ops-team,Monitoring
INC320,Message queue backlog growing,Message queue backlog growing affecting production environment with sporadic failures,medium,resolved,2026-01-10T10:00:56.376226,2026-01-11T06:11:56.376226,2026-01-10T12:33:56.376226,user-service|api-gateway,ops-team,Monitoring
INC321,Elasticsearch indexing delays,Elasticsearch indexing delays affecting production environment with intermittent failures,critical,resolved,2026-01-18T22:47:56.376226,2026-01-20T20:58:56.376226,2026-01-18T23:44:56.376226,user-service|auth-service,payments-team,Monitoring
INC322,Service mesh configuration error,Service mesh configuration error affecting production environment with intermittent failures,low,resolved,2026-01-20T05:30:56.376226,2026-01-21T06:15:56.376226,2026-01-20T10:39:56.376226,cdn|rabbitmq|order-service,infra-team,Infrastructure
INC323,Third-party OAuth provider timeout,Third-party OAuth provider timeout affecting production environment,medium,resolved,2026-01-13T14:57:56.376226,2026-01-15T09:17:56.376226,2026-01-14T05:19:56.376226,fluentd,dba-team,Security
INC324,Certificate authority unreachable,Certificate authority unreachable affecting production environment with intermittent failures,medium,investigating,2026-01-11T18:10:56.376226,,,payment-service|checkout-service,ops-team,Security
INC325,Service mesh configuration error,Service mesh configuration error affecting production environment,low,open,2026-01-16T05:24:56.376226,,,email-service|container-registry|rabbitmq,api-team,Infrastructure
INC326,Load balancer health check failing,Load balancer health check failing affecting production environment,low,open,2026-01-12T04:36:56.376226,,,api-gateway|load-balancer|fluentd,observability-team,Infrastructure
INC327,Database replica lag critical,Database replica lag critical affecting production environment,high,open,2026-01-10T16:30:56.376226,,,cache-service|rate-limiter,api-team,Database
INC328,Database connection timeout,Database connection timeout affecting production environment,critical,investigating,2026-01-13T10:22:56.376226,,,product-service|reporting-service,search-team,Database
INC329,Memory leak in load-balancer service,Memory leak in load-balancer service affecting production environment,medium,open,2026-01-13T21:17:56.376226,,,session-service,ops-team,Application
INC330,Database replica lag critical,Database replica lag critical affecting production environment,low,open,2026-01-12T00:22:56.376226,,,checkout-service|elasticsearch,api-team,Database
INC331,Network latency to api-gateway region,Network latency to api-gateway region affecting production environment,critical,resolved,2026-01-17T00:04:56.376226,2026-01-18T04:14:56.376226,2026-01-17T03:14:56.376226,order-service,infra-team,Network
INC332,Redis cache connection failures,Redis cache connection failures affecting production environment with consistent failures,high,resolved,2026-01-11T03:41:56.376226,2026-01-11T10:44:56.376226,2026-01-11T09:53:56.376226,rabbitmq|reporting-service,identity-team,Cache
INC333,SSL certificate expiration warning,SSL certificate expiration warning affecting production environment,low,investigating,2026-01-08T04:18:56.376226,,,container-registry|fulfillment-service|database,platform-team,Security
INC334,Memory leak in auth service,Memory leak in auth service affecting production environment,high,open,2026-01-13T21:45:56.376226,,,database|ci-cd,security-team,Application
INC335,Payment service 500 errors,Payment service 500 errors affecting production environment with consistent failures,medium,investigating,2026-01-21T06:49:56.376226,,,oauth-provider,ops-team,Payments
INC336,CDN cache invalidation stuck,CDN cache invalidation stuck affecting production environment,high,open,2026-01-20T03:02:56.376226,,,payment-service,observability-team,Cache
INC337,Memory leak in api-gateway service,Memory leak in api-gateway service affecting production environment with sporadic failures,critical,resolved,2026-01-07T07:18:56.376226,2026-01-08T17:44:56.376226,2026-01-07T07:47:56.376226,ci-cd|kubernetes|database,devops-team,Application
INC338,Elasticsearch indexing delays,Elasticsearch indexing delays affecting production environment,low,investigating,2026-01-21T16:28:56.376226,,,rabbitmq|read-replica|rate-limiter,devops-team,Monitoring
INC339,Certificate authority unreachable,Certificate authority unreachable affecting production environment,critical,investigating,2026-01-10T00:34:56.376226,,,frontend,api-team,Security
INC340,Log aggregation pipeline broken,Log aggregation pipeline broken affecting production environment,medium,resolved,2026-01-11T05:24:56.376226,2026-01-13T05:22:56.376226,2026-01-11T12:23:56.376226,api-gateway,search-team,Monitoring
INC341,Network latency to cdn region,Network latency to cdn region affecting production environment with consistent failures,critical,resolved,2026-01-15T07:33:56.376226,2026-01-16T10:42:56.376226,2026-01-15T09:53:56.376226,rabbitmq,devops-team,Network
INC342,Service mesh configuration error,Service mesh configuration error affecting production environment with intermittent failures,low,resolved,2026-01-18T22:16:56.376226,2026-01-19T18:11:56.376226,2026-01-19T01:28:56.376226,product-service|frontend|cache-service,search-team,Infrastructure
INC343,Load balancer health check failing,Load balancer health check failing affecting production environment with consistent failures,low,open,2026-01-11T06:35:56.376226,,,fulfillment-service|ci-cd|fluentd,search-team,Infrastructure
INC344,API response latency spike,API response latency spike affecting production environment,high,resolved,2026-01-09T20:13:56.376226,2026-01-11T04:11:56.376226,2026-01-09T21:34:56.376226,product-service|auth-service,infra-team,Network
INC345,Third-party OAuth provider timeout,Third-party OAuth provider timeout affecting production environment,critical,resolved,2026-01-09T22:45:56.376226,2026-01-11T23:13:56.376226,2026-01-10T23:21:56.376226,cache-service|elasticsearch,search-team,Security
INC346,Certificate authority unreachable,Certificate authority unreachable affecting production environment with intermittent failures,critical,investigating,2026-01-14T11:21:56.376226,,,load-balancer|user-service,dba-team,Security
INC347,Kubernetes cluster node failure,Kubernetes cluster node failure affecting production environment,critical,resolved,2026-01-15T18:37:56.376226,2026-01-16T08:33:56.376226,2026-01-15T20:31:56.376226,load-balancer,ops-team,Infrastructure
INC348,Elasticsearch indexing delays,Elasticsearch indexing delays affecting production environment,low,investigating,2026-01-18T00:43:56.376226,,,load-balancer|oauth-provider,dba-team,Monitoring
INC349,Container registry unavailable,Container registry unavailable affecting production environment with intermittent failures,low,open,2026-01-12T10:04:56.376226,,,checkout-service|kubernetes,identity-team,Infrastructure
INC350,Service mesh configuration error,Service mesh configuration error affecting production environment with consistent failures,medium,investigating,2026-01-18T16:31:56.376226,,,auth-service|cdn,ops-team,Infrastructure
INC351,Kubernetes cluster node failure,Kubernetes cluster node failure affecting production environment with intermittent failures,medium,resolved,2026-01-10T15:39:56.376226,2026-01-11T10:20:56.376226,2026-01-10T18:42:56.376226,read-replica|auth-service,observability-team,Infrastructure
INC352,Database connection timeout,Database connection timeout affecting production environment,medium,resolved,2026-01-09T14:17:56.376226,2026-01-09T15:31:56.376226,2026-01-09T20:58:56.376226,fulfillment-service|rate-limiter,security-team,Database
INC353,CDN cache invalidation stuck,CDN cache invalidation stuck affecting production environment,critical,investigating,2026-01-11T15:59:56.376226,,,cdn|rabbitmq|order-service,ops-team,Cache
INC354,Disk space critical on ci-cd nodes,Disk space critical on ci-cd nodes affecting production environment with consistent failures,high,investigating,2026-01-16T21:56:56.376226,,,search-service,security-team,Storage
INC355,Database replica lag critical,Database replica lag critical affecting production environment with consistent failures,high,open,2026-01-09T11:14:56.376226,,,user-service,devops-team,Database
INC356,Container registry unavailable,Container registry unavailable affecting production environment with sporadic failures,medium,resolved,2026-01-07T14:57:56.376226,2026-01-08T10:13:56.376226,2026-01-07T18:32:56.376226,cdn|elasticsearch,ops-team,Infrastructure
INC357,Service mesh configuration error,Service mesh configuration error affecting production environment with sporadic failures,medium,investigating,2026-01-18T16:40:56.376226,,,reporting-service|container-registry|rate-limiter,identity-team,Infrastructure
INC358,Message queue backlog growing,Message queue backlog growing affecting production environment with intermittent failures,medium,investigating,2026-01-08T09:34:56.376226,,,cache-service|elasticsearch|rate-limiter,dba-team,Monitoring
INC359,Kubernetes cluster node failure,Kubernetes cluster node failure affecting production environment with consistent failures,low,open,2026-01-12T02:13:56.376226,,,frontend|rate-limiter,infra-team,Infrastructure
INC360,Message queue backlog growing,Message queue backlog growing affecting production environment,high,investigating,2026-01-19T21:56:56.376226,,,kubernetes,observability-team,Monitoring
INC361,Service mesh configuration error,Service mesh configuration error affecting production environment with sporadic failures,low,investigating,2026-01-21T00:58:56.376226,,,kubernetes,observability-team,Infrastructure
INC362,Container registry unavailable,Container registry unavailable affecting production environment with consistent failures,low,open,2026-01-09T00:47:56.376226,,,rabbitmq|oauth-provider,payments-team,Infrastructure
INC363,Database replica lag critical,Database replica lag critical affecting production environment with intermittent failures,low,investigating,2026-01-12T14:37:56.376226,,,container-registry|user-service,ops-team,Database
INC364,Rate limiting misconfiguration,Rate limiting misconfiguration affecting production environment,medium,resolved,2026-01-18T23:57:56.376226,2026-01-19T06:05:56.376226,2026-01-19T02:30:56.376226,frontend|container-registry|cdn,search-team,Application
INC365,Load balancer health check failing,Load balancer health check failing affecting production environment,low,resolved,2026-01-10T17:49:56.376226,2026-01-10T19:46:56.376226,2026-01-11T01:20:56.376226,logging-service|load-balancer,dba-team,Infrastructure
INC366,Redis cache connection failures,Redis cache connection failures affecting production environment,low,resolved,2026-01-18T01:40:56.376226,2026-01-19T23:36:56.376226,2026-01-18T02:36:56.376226,session-service|payment-service,api-team,Cache
INC367,Container registry unavailable,Container registry unavailable affecting production environment with consistent failures,medium,open,2026-01-19T19:45:56.376226,,,oauth-provider|elasticsearch,dba-team,Infrastructure
INC368,Certificate authority unreachable,Certificate authority unreachable affecting production environment with consistent failures,medium,investigating,2026-01-21T09:48:56.376226,,,checkout-service,search-team,Security
INC369,Database connection timeout,Database connection timeout affecting production environment,medium,open,2026-01-17T19:03:56.376226,,,checkout-service|order-service|product-service,observability-team,Database
INC370,API response latency spike,API response latency spike affecting production environment,high,resolved,2026-01-15T20:04:56.376226,2026-01-16T00:46:56.376226,2026-01-16T01:48:56.376226,container-registry,ops-team,Network
INC371,API response latency spike,API response latency spike affecting production environment with consistent failures,critical,investigating,2026-01-11T10:10:56.376226,,,notification-service,observability-team,Network
INC372,Database connection timeout,Database connection timeout affecting production environment,low,resolved,2026-01-15T03:05:56.376226,2026-01-16T18:49:56.376226,2026-01-16T15:42:56.376226,frontend,api-team,Database
INC373,Disk space critical on elasticsearch nodes,Disk space critical on elasticsearch nodes affecting production environment with consistent failures,low,open,2026-01-14T01:04:56.376226,,,logging-service,security-team,Storage
INC374,Disk space critical on notification nodes,Disk space critical on notification nodes affecting production environment,critical,investigating,2026-01-15T10:24:56.376226,,,fluentd,identity-team,Storage
INC375,Database replica lag critical,Database replica lag critical affecting production environment,low,resolved,2026-01-07T22:19:56.376226,2026-01-09T12:01:56.376226,2026-01-08T04:17:56.376226,payment-service|api-gateway,dba-team,Database
INC376,Payment service 500 errors,Payment service 500 errors affecting production environment with intermittent failures,high,resolved,2026-01-10T08:44:56.376226,2026-01-11T02:13:56.376226,2026-01-10T10:30:56.376226,order-service,payments-team,Payments
INC377,API response latency spike,API response latency spike affecting production environment with consistent failures,high,investigating,2026-01-17T21:32:56.376226,,,auth-service,payments-team,Network
INC378,Kubernetes cluster node failure,Kubernetes cluster node failure affecting production environment,critical,resolved,2026-01-17T20:49:56.376226,2026-01-18T19:00:56.376226,2026-01-17T23:33:56.376226,cdn,search-team,Infrastructure
INC379,Rate limiting misconfiguration,Rate limiting misconfiguration affecting production environment,critical,resolved,2026-01-16T23:33:56.376226,2026-01-17T09:17:56.376226,2026-01-17T00:16:56.376226,user-service|kubernetes|checkout-service,api-team,Application
INC380,Log aggregation pipeline broken,Log aggregation pipeline broken affecting production environment with consistent failures,critical,resolved,2026-01-15T19:21:56.376226,2026-01-17T16:17:56.376226,2026-01-15T23:22:56.376226,payment-service|database|order-service,search-team,Monitoring
INC381,Rate limiting misconfiguration,Rate limiting misconfiguration affecting production environment,high,resolved,2026-01-11T19:11:56.376226,2026-01-13T15:44:56.376226,2026-01-12T21:42:56.376226,rabbitmq|elasticsearch|email-service,observability-team,Application
INC382,Database replica lag critical,Database replica lag critical affecting production environment with sporadic failures,low,investigating,2026-01-17T17:41:56.376226,,,product-service|ci-cd,observability-team,Database
INC383,Container registry unavailable,Container registry unavailable affecting production environment,low,open,2026-01-16T23:58:56.376226,,,kubernetes|database,payments-team,Infrastructure
INC384,Payment service 500 errors,Payment service 500 errors affecting production environment with consistent failures,medium,investigating,2026-01-10T19:58:56.376226,,,reporting-service,observability-team,Payments
INC385,Container registry unavailable,Container registry unavailable affecting production environment,medium,open,2026-01-14T09:17:56.376226,,,oauth-provider|api-gateway|kubernetes,identity-team,Infrastructure
INC386,Rate limiting misconfiguration,Rate limiting misconfiguration affecting production environment,critical,investigating,2026-01-12T20:01:56.376226,,,auth-service|load-balancer|api-gateway,devops-team,Application
INC387,Certificate authority unreachable,Certificate authority unreachable affecting production environment with sporadic failures,medium,resolved,2026-01-17T08:47:56.376226,2026-01-18T09:39:56.376226,2026-01-17T10:02:56.376226,load-balancer,platform-team,Security
INC388,Rate limiting misconfiguration,Rate limiting misconfiguration affecting production environment,critical,resolved,2026-01-07T22:14:56.376226,2026-01-09T17:28:56.376226,2026-01-08T02:26:56.376226,search-service,infra-team,Application
INC389,Third-party OAuth provider timeout,Third-party OAuth provider timeout affecting production environment with consistent failures,low,open,2026-01-20T23:57:56.376226,,,load-balancer,search-team,Security
INC390,Memory leak in cache service,Memory leak in cache service affecting production environment with intermittent failures,low,investigating,2026-01-10T09:18:56.376226,,,fluentd,infra-team,Application
INC391,Memory leak in logging service,Memory leak in logging service affecting production environment,low,investigating,2026-01-14T16:03:56.376226,,,payment-service|database|auth-service,dba-team,Application
INC392,API response latency spike,API response latency spike affecting production environment with consistent failures,critical,resolved,2026-01-18T12:37:56.376226,2026-01-20T12:29:56.376226,2026-01-18T15:24:56.376226,order-service,search-team,Network
INC393,Certificate authority unreachable,Certificate authority unreachable affecting production environment with consistent failures,critical,resolved,2026-01-19T01:43:56.376226,2026-01-20T04:04:56.376226,2026-01-22T01:43:56.376226,oauth-provider|rate-limiter,payments-team,Security
INC394,SSL certificate expiration warning,SSL certificate expiration warning affecting production environment,high,resolved,2026-01-15T05:11:56.376226,2026-01-17T06:10:56.376226,2026-01-16T04:16:56.376226,container-registry|notification-service|fulfillment-service,security-team,Security
INC395,Message queue backlog growing,Message queue backlog growing affecting production environment with intermittent failures,medium,resolved,2026-01-15T17:06:56.376226,2026-01-16T14:51:56.376226,2026-01-16T01:49:56.376226,logging-service,infra-team,Monitoring
INC396,Network latency to database region,Network latency to database region affecting production environment with sporadic failures,critical,resolved,2026-01-11T08:17:56.376226,2026-01-11T09:50:56.376226,2026-01-11T22:34:56.376226,auth-service,search-team,Database
INC397,SSL certificate expiration warning,SSL certificate expiration warning affecting production environment,low,open,2026-01-10T23:44:56.376226,,,cache-service|payment-service|load-balancer,ops-team,Security
INC398,Third-party OAuth provider timeout,Third-party OAuth provider timeout affecting production environment,low,investigating,2026-01-20T08:32:56.376226,,,kubernetes|ci-cd|elasticsearch,dba-team,Security
INC399,Elasticsearch indexing delays,Elasticsearch indexing delays affecting production environment with sporadic failures,critical,resolved,2026-01-18T04:10:56.376226,2026-01-19T23:13:56.376226,2026-01-18T08:00:56.376226,cdn|frontend,observability-team,Monitoring
INC400,Database replica lag critical,Database replica lag critical affecting production environment with intermittent failures,low,resolved,2026-01-11T01:05:56.376226,2026-01-12T06:58:56.376226,2026-01-11T02:18:56.376226,container-registry,observability-team,Database
INC401,Message queue backlog growing,Message queue backlog growing affecting production environment with sporadic failures,medium,resolved,2026-01-10T03:54:56.376226,2026-01-10T16:37:56.376226,2026-01-10T14:28:56.376226,checkout-service,payments-team,Monitoring
INC402,Disk space critical on order nodes,Disk space critical on order nodes affecting production environment,critical,investigating,2026-01-16T02:26:56.376226,,,oauth-provider|fluentd,payments-team,Storage
INC403,API response latency spike,API response latency spike affecting production environment,high,resolved,2026-01-07T15:05:56.376226,2026-01-09T10:24:56.376226,2026-01-07T20:35:56.376226,rate-limiter|rabbitmq,dba-team,Network
INC404,Message queue backlog growing,Message queue backlog growing affecting production environment,high,resolved,2026-01-09T23:59:56.376226,2026-01-10T05:49:56.376226,2026-01-10T01:27:56.376226,checkout-service|frontend|reporting-service,dba-team,Monitoring
INC405,Container registry unavailable,Container registry unavailable affecting production environment,medium,open,2026-01-17T04:47:56.376226,,,session-service|notification-service,devops-team,Infrastructure
INC406,Disk space critical on database nodes,Disk space critical on database nodes affecting production environment with sporadic failures,low,open,2026-01-17T05:54:56.376226,,,container-registry,devops-team,Database
INC407,Certificate authority unreachable,Certificate authority unreachable affecting production environment,low,resolved,2026-01-21T04:50:56.376226,2026-01-21T13:14:56.376226,2026-01-21T07:07:56.376226,reporting-service|elasticsearch,security-team,Security
INC408,Database connection timeout,Database connection timeout affecting production environment with consistent failures,critical,investigating,2026-01-21T14:38:56.376226,,,read-replica|api-gateway,api-team,Database
INC409,Kubernetes cluster node failure,Kubernetes cluster node failure affecting production environment with sporadic failures,low,resolved,2026-01-08T01:08:56.376226,2026-01-09T18:57:56.376226,2026-01-08T05:33:56.376226,kubernetes,observability-team,Infrastructure
INC410,Log aggregation pipeline broken,Log aggregation pipeline broken affecting production environment with intermittent failures,critical,investigating,2026-01-16T22:27:56.376226,,,fluentd|search-service,ops-team,Monitoring
INC411,Payment service 500 errors,Payment service 500 errors affecting production environment,medium,investigating,2026-01-14T21:02:56.376226,,,cache-service,search-team,Payments
INC412,Container registry unavailable,Container registry unavailable affecting production environment,critical,investigating,2026-01-08T11:26:56.376226,,,elasticsearch|fulfillment-service|api-gateway,devops-team,Infrastructure
INC413,API response latency spike,API response latency spike affecting production environment with intermittent failures,high,resolved,2026-01-08T04:16:56.376226,2026-01-10T00:35:56.376226,2026-01-08T05:10:56.376226,api-gateway|session-service|logging-service,identity-team,Network
INC414,Container registry unavailable,Container registry unavailable affecting production environment,low,investigating,2026-01-09T11:40:56.376226,,,elasticsearch,search-team,Infrastructure
INC415,Network latency to session region,Network latency to session region affecting production environment with intermittent failures,high,resolved,2026-01-21T18:07:56.376226,2026-01-22T18:07:56.376226,2026-01-22T00:04:56.376226,kubernetes|reporting-service|payment-service,api-team,Network
INC416,API response latency spike,API response latency spike affecting production environment,critical,investigating,2026-01-10T18:13:56.376226,,,product-service|notification-service|frontend,observability-team,Network
INC417,Disk space critical on payment nodes,Disk space critical on payment nodes affecting production environment,medium,resolved,2026-01-20T02:38:56.376226,2026-01-20T10:49:56.376226,2026-01-20T05:31:56.376226,rate-limiter|rabbitmq|kubernetes,ops-team,Storage
INC418,Network latency to oauth-provider region,Network latency to oauth-provider region affecting production environment with intermittent failures,high,resolved,2026-01-08T02:32:56.376226,2026-01-08T16:18:56.376226,2026-01-08T05:55:56.376226,database|search-service|product-service,payments-team,Network
INC419,Elasticsearch indexing delays,Elasticsearch indexing delays affecting production environment,low,open,2026-01-12T09:54:56.376226,,,fulfillment-service|ci-cd,security-team,Monitoring
INC420,Service mesh configuration error,Service mesh configuration error affecting production environment,high,investigating,2026-01-12T23:26:56.376226,,,email-service|rate-limiter,platform-team,Infrastructure
INC421,Log aggregation pipeline broken,Log aggregation pipeline broken affecting production environment,high,open,2026-01-17T17:47:56.376226,,,oauth-provider|product-service,security-team,Monitoring
INC422,Load balancer health check failing,Load balancer health check failing affecting production environment with intermittent failures,low,investigating,2026-01-19T23:23:56.376226,,,notification-service|cache-service|elasticsearch,observability-team,Infrastructure
INC423,Payment service 500 errors,Payment service 500 errors affecting production environment with intermittent failures,low,resolved,2026-01-16T07:15:56.376226,2026-01-17T21:28:56.376226,2026-01-16T08:12:56.376226,reporting-service,security-team,Payments
INC424,Network latency to reporting region,Network latency to reporting region affecting production environment,medium,investigating,2026-01-13T02:23:56.376226,,,elasticsearch|kubernetes|session-service,payments-team,Network
INC425,Rate limiting misconfiguration,Rate limiting misconfiguration affecting production environment with intermittent failures,critical,resolved,2026-01-20T14:09:56.376226,2026-01-21T01:57:56.376226,2026-01-20T20:41:56.376226,payment-service|oauth-provider|checkout-service,payments-team,Application
INC426,Service mesh configuration error,Service mesh configuration error affecting production environment with sporadic failures,medium,resolved,2026-01-18T09:48:56.376226,2026-01-18T13:02:56.376226,2026-01-18T11:15:56.376226,email-service|api-gateway,security-team,Infrastructure
INC427,Message queue backlog growing,Message queue backlog growing affecting production environment,medium,resolved,2026-01-21T05:50:56.376226,2026-01-22T13:48:56.376226,2026-01-21T08:11:56.376226,user-service|container-registry,infra-team,Monitoring
INC428,Memory leak in fluentd service,Memory leak in fluentd service affecting production environment with sporadic failures,high,resolved,2026-01-11T13:00:56.376226,2026-01-13T02:11:56.376226,2026-01-11T17:58:56.376226,container-registry|cdn,infra-team,Application
INC429,Service mesh configuration error,Service mesh configuration error affecting production environment with intermittent failures,high,investigating,2026-01-21T01:59:56.376226,,,product-service|load-balancer,infra-team,Infrastructure
INC430,Load balancer health check failing,Load balancer health check failing affecting production environment with sporadic failures,low,resolved,2026-01-20T22:54:56.376226,2026-01-21T10:08:56.376226,2026-01-21T01:06:56.376226,read-replica,observability-team,Infrastructure
INC431,CDN cache invalidation stuck,CDN cache invalidation stuck affecting production environment,medium,open,2026-01-12T14:11:56.376226,,,ci-cd,platform-team,Cache
INC432,Log aggregation pipeline broken,Log aggregation pipeline broken affecting production environment with sporadic failures,low,investigating,2026-01-17T09:56:56.376226,,,rabbitmq,payments-team,Monitoring
INC433,Log aggregation pipeline broken,Log aggregation pipeline broken affecting production environment,low,open,2026-01-16T12:36:56.376226,,,container-registry,dba-team,Monitoring
INC434,API response latency spike,API response latency spike affecting production environment with intermittent failures,low,open,2026-01-10T23:59:56.376226,,,fulfillment-service|rabbitmq,observability-team,Network
INC435,Database connection timeout,Database connection timeout affecting production environment with sporadic failures,high,open,2026-01-10T09:04:56.376226,,,kubernetes|database,payments-team,Database
INC436,Elasticsearch indexing delays,Elasticsearch indexing delays affecting production environment with sporadic failures,medium,resolved,2026-01-20T00:05:56.376226,2026-01-21T19:37:56.376226,2026-01-20T03:43:56.376226,checkout-service|elasticsearch,observability-team,Monitoring
INC437,Database replica lag critical,Database replica lag critical affecting production environment with sporadic failures,low,open,2026-01-13T06:34:56.376226,,,auth-service,platform-team,Database
INC438,Disk space critical on kubernetes nodes,Disk space critical on kubernetes nodes affecting production environment with sporadic failures,critical,investigating,2026-01-21T14:04:56.376226,,,rate-limiter,dba-team,Infrastructure
INC439,Disk space critical on logging nodes,Disk space critical on logging nodes affecting production environment,critical,resolved,2026-01-16T12:18:56.376226,2026-01-16T14:15:56.376226,2026-01-16T13:59:56.376226,container-registry|frontend|read-replica,search-team,Storage
INC440,Message queue backlog growing,Message queue backlog growing affecting production environment with sporadic failures,critical,investigating,2026-01-19T06:48:56.376226,,,rate-limiter|elasticsearch|logging-service,devops-team,Monitoring
INC441,Memory leak in frontend service,Memory leak in frontend service affecting production environment,critical,investigating,2026-01-16T11:52:56.376226,,,notification-service|auth-service,ops-team,Application
INC442,Service mesh configuration error,Service mesh configuration error affecting production environment with sporadic failures,low,investigating,2026-01-17T01:10:56.376226,,,frontend|product-service,api-team,Infrastructure
INC443,SSL certificate expiration warning,SSL certificate expiration warning affecting production environment,high,investigating,2026-01-20T11:53:56.376226,,,product-service|fulfillment-service|cache-service,observability-team,Security
INC444,Container registry unavailable,Container registry unavailable affecting production environment with consistent failures,critical,resolved,2026-01-11T04:02:56.376226,2026-01-12T03:51:56.376226,2026-01-11T07:23:56.376226,cdn|elasticsearch|payment-service,observability-team,Infrastructure
INC445,Memory leak in elasticsearch service,Memory leak in elasticsearch service affecting production environment,medium,open,2026-01-10T10:51:56.376226,,,rate-limiter|reporting-service,devops-team,Application
INC446,API response latency spike,API response latency spike affecting production environment,low,open,2026-01-19T22:56:56.376226,,,frontend|api-gateway|cache-service,platform-team,Network
INC447,Message queue backlog growing,Message queue backlog growing affecting production environment,low,resolved,2026-01-13T07:05:56.376226,2026-01-15T01:38:56.376226,2026-01-13T10:54:56.376226,fluentd|fulfillment-service,ops-team,Monitoring
INC448,Kubernetes cluster node failure,Kubernetes cluster node failure affecting production environment with consistent failures,low,open,2026-01-20T16:25:56.376226,,,session-service|notification-service|user-service,devops-team,Infrastructure
INC449,Disk space critical on read-replica nodes,Disk space critical on read-replica nodes affecting production environment with sporadic failures,medium,resolved,2026-01-07T05:41:56.376226,2026-01-08T23:41:56.376226,2026-01-07T10:44:56.376226,api-gateway,security-team,Storage
INC450,Container registry unavailable,Container registry unavailable affecting production environment,critical,resolved,2026-01-18T16:30:56.376226,2026-01-18T23:05:56.376226,2026-01-18T19:11:56.376226,elasticsearch|load-balancer,dba-team,Infrastructure
INC451,Service mesh configuration error,Service mesh configuration error affecting production environment,high,open,2026-01-16T00:55:56.376226,,,rabbitmq|auth-service,security-team,Infrastructure
INC452,Kubernetes cluster node failure,Kubernetes cluster node failure affecting production environment,low,resolved,2026-01-08T10:44:56.376226,2026-01-09T08:51:56.376226,2026-01-08T12:00:56.376226,cache-service|reporting-service|load-balancer,devops-team,Infrastructure
INC453,CDN cache invalidation stuck,CDN cache invalidation stuck affecting production environment with consistent failures,critical,resolved,2026-01-14T15:55:56.376226,2026-01-16T06:50:56.376226,2026-01-14T17:05:56.376226,database,api-team,Cache
INC454,CDN cache invalidation stuck,CDN cache invalidation stuck affecting production environment,medium,resolved,2026-01-18T02:17:56.376226,2026-01-18T23:43:56.376226,2026-01-18T04:14:56.376226,read-replica|reporting-service,ops-team,Cache
INC455,CDN cache invalidation stuck,CDN cache invalidation stuck affecting production environment,low,investigating,2026-01-17T18:18:56.376226,,,api-gateway|reporting-service,payments-team,Cache
INC456,Load balancer health check failing,Load balancer health check failing affecting production environment,medium,resolved,2026-01-11T00:13:56.376226,2026-01-12T21:12:56.376226,2026-01-11T08:36:56.376226,database,platform-team,Infrastructure
INC457,Elasticsearch indexing delays,Elasticsearch indexing delays affecting production environment with consistent failures,medium,open,2026-01-10T02:19:56.376226,,,product-service|payment-service|logging-service,api-team,Monitoring
INC458,Memory leak in api-gateway service,Memory leak in api-gateway service affecting production environment with sporadic failures,critical,resolved,2026-01-20T11:28:56.376226,2026-01-21T18:51:56.376226,2026-01-22T16:52:56.376226,search-service|database|rabbitmq,security-team,Application
INC459,Load balancer health check failing,Load balancer health check failing affecting production environment,high,investigating,2026-01-10T12:34:56.376226,,,read-replica,search-team,Infrastructure
INC460,Load balancer health check failing,Load balancer health check failing affecting production environment with intermittent failures,high,investigating,2026-01-20T16:15:56.376226,,,oauth-provider,api-team,Infrastructure
INC461,Disk space critical on oauth-provider nodes,Disk space critical on oauth-provider nodes affecting production environment,low,open,2026-01-17T00:50:56.376226,,,order-service|search-service|product-service,devops-team,Security
INC462,CDN cache invalidation stuck,CDN cache invalidation stuck affecting production environment,high,open,2026-01-11T10:05:56.376226,,,product-service|checkout-service,identity-team,Cache
INC463,Log aggregation pipeline broken,Log aggregation pipeline broken affecting production environment,high,investigating,2026-01-20T06:43:56.376226,,,checkout-service|rabbitmq,payments-team,Monitoring
INC464,Service mesh configuration error,Service mesh configuration error affecting production environment with intermittent failures,high,open,2026-01-15T08:20:56.376226,,,notification-service|payment-service,payments-team,Infrastructure
INC465,Load balancer health check failing,Load balancer health check failing affecting production environment with intermittent failures,critical,investigating,2026-01-21T14:59:56.376226,,,elasticsearch|search-service|rate-limiter,identity-team,Infrastructure
INC466,Third-party OAuth provider timeout,Third-party OAuth provider timeout affecting production environment,low,investigating,2026-01-08T16:36:56.376226,,,notification-service,security-team,Security
INC467,Load balancer health check failing,Load balancer health check failing affecting production environment with intermittent failures,critical,investigating,2026-01-15T12:25:56.376226,,,product-service|auth-service,search-team,Infrastructure
INC468,Memory leak in product service,Memory leak in product service affecting production environment with sporadic failures,medium,resolved,2026-01-16T15:07:56.376226,2026-01-18T02:18:56.376226,2026-01-16T17:41:56.376226,product-service|search-service,observability-team,Application
INC469,Disk space critical on database nodes,Disk space critical on database nodes affecting production environment with consistent failures,low,investigating,2026-01-16T03:55:56.376226,,,payment-service|kubernetes|checkout-service,observability-team,Database
INC470,Database replica lag critical,Database replica lag critical affecting production environment,critical,open,2026-01-12T01:46:56.376226,,,container-registry|session-service,security-team,Database
INC471,Certificate authority unreachable,Certificate authority unreachable affecting production environment with consistent failures,critical,resolved,2026-01-14T07:36:56.376226,2026-01-14T20:30:56.376226,2026-01-14T20:50:56.376226,payment-service,platform-team,Security
INC472,CDN cache invalidation stuck,CDN cache invalidation stuck affecting production environment with sporadic failures,low,open,2026-01-09T06:32:56.376226,,,api-gateway,identity-team,Cache
INC473,Network latency to user region,Network latency to user region affecting production environment,critical,investigating,2026-01-11T13:35:56.376226,,,container-registry,search-team,Network
INC474,Third-party OAuth provider timeout,Third-party OAuth provider timeout affecting production environment,high,investigating,2026-01-16T22:34:56.376226,,,load-balancer|checkout-service|auth-service,ops-team,Security
INC475,Message queue backlog growing,Message queue backlog growing affecting production environment with consistent failures,critical,resolved,2026-01-11T11:54:56.376226,2026-01-11T21:38:56.376226,2026-01-11T23:39:56.376226,checkout-service|rabbitmq|fulfillment-service,identity-team,Monitoring
INC476,Service mesh configuration error,Service mesh configuration error affecting production environment,high,investigating,2026-01-14T11:40:56.376226,,,oauth-provider,security-team,Infrastructure
INC477,Message queue backlog growing,Message queue backlog growing affecting production environment,medium,investigating,2026-01-06T18:59:56.376226,,,product-service,security-team,Monitoring
INC478,Load balancer health check failing,Load balancer health check failing affecting production environment with sporadic failures,critical,investigating,2026-01-19T08:17:56.376226,,,fulfillment-service|email-service,ops-team,Infrastructure
INC479,Network latency to product region,Network latency to product region affecting production environment,critical,investigating,2026-01-18T18:07:56.376226,,,load-balancer|cdn,platform-team,Network
INC480,CDN cache invalidation stuck,CDN cache invalidation stuck affecting production environment,medium,resolved,2026-01-19T14:17:56.376226,2026-01-21T12:00:56.376226,2026-01-19T14:52:56.376226,session-service|container-registry,dba-team,Cache
INC481,CDN cache invalidation stuck,CDN cache invalidation stuck affecting production environment,low,open,2026-01-09T03:33:56.376226,,,oauth-provider|fulfillment-service|cache-service,devops-team,Cache
INC482,Load balancer health check failing,Load balancer health check failing affecting production environment,low,open,2026-01-07T11:27:56.376226,,,order-service,security-team,Infrastructure
INC483,CDN cache invalidation stuck,CDN cache invalidation stuck affecting production environment,critical,resolved,2026-01-07T22:26:56.376226,2026-01-09T06:39:56.376226,2026-01-08T03:07:56.376226,frontend|session-service,identity-team,Cache
INC484,Message queue backlog growing,Message queue backlog growing affecting production environment,low,investigating,2026-01-07T22:29:56.376226,,,logging-service|cdn,api-team,Monitoring
INC485,Network latency to database region,Network latency to database region affecting production environment,high,investigating,2026-01-19T18:33:56.376226,,,email-service|cdn|logging-service,identity-team,Database
INC486,Elasticsearch indexing delays,Elasticsearch indexing delays affecting production environment with intermittent failures,medium,investigating,2026-01-17T21:59:56.376226,,,notification-service|database|cdn,observability-team,Monitoring
INC487,Third-party OAuth provider timeout,Third-party OAuth provider timeout affecting production environment with intermittent failures,low,resolved,2026-01-21T11:59:56.376226,2026-01-21T20:15:56.376226,2026-01-22T05:41:56.376226,container-registry|session-service,platform-team,Security
INC488,Message queue backlog growing,Message queue backlog growing affecting production environment with sporadic failures,medium,open,2026-01-10T14:53:56.376226,,,auth-service|checkout-service,security-team,Monitoring
INC489,Service mesh configuration error,Service mesh configuration error affecting production environment,medium,open,2026-01-07T13:16:56.376226,,,database|fluentd|fulfillment-service,payments-team,Infrastructure
INC490,Message queue backlog growing,Message queue backlog growing affecting production environment with intermittent failures,medium,investigating,2026-01-08T16:05:56.376226,,,logging-service|container-registry,ops-team,Monitoring
INC491,API response latency spike,API response latency spike affecting production environment,medium,resolved,2026-01-14T21:34:56.376226,2026-01-16T05:48:56.376226,2026-01-14T22:31:56.376226,reporting-service|rate-limiter,observability-team,Network
INC492,Message queue backlog growing,Message queue backlog growing affecting production environment with consistent failures,medium,open,2026-01-18T06:48:56.376226,,,payment-service|cache-service|user-service,identity-team,Monitoring
INC493,Rate limiting misconfiguration,Rate limiting misconfiguration affecting production environment with sporadic failures,critical,resolved,2026-01-12T17:55:56.376226,2026-01-13T12:50:56.376226,2026-01-13T00:30:56.376226,kubernetes|reporting-service|checkout-service,api-team,Application
INC494,Disk space critical on payment nodes,Disk space critical on payment nodes affecting production environment,high,resolved,2026-01-12T08:26:56.376226,2026-01-14T01:58:56.376226,2026-01-12T09:56:56.376226,elasticsearch|checkout-service,ops-team,Storage
INC495,Certificate authority unreachable,Certificate authority unreachable affecting production environment with sporadic failures,medium,investigating,2026-01-17T21:08:56.376226,,,load-balancer|cdn|notification-service,dba-team,Security
INC496,Load balancer health check failing,Load balancer health check failing affecting production environment with intermittent failures,high,investigating,2026-01-13T14:46:56.376226,,,order-service,dba-team,Infrastructure
INC497,Payment service 500 errors,Payment service 500 errors affecting production environment,medium,open,2026-01-19T19:38:56.376226,,,database,platform-team,Payments
INC498,Memory leak in user service,Memory leak in user service affecting production environment with consistent failures,critical,resolved,2026-01-07T05:40:56.376226,2026-01-08T21:25:56.376226,2026-01-07T20:40:56.376226,auth-service,platform-team,Application
INC499,Load balancer health check failing,Load balancer health check failing affecting production environment with intermittent failures,critical,resolved,2026-01-15T18:22:56.376226,2026-01-16T22:14:56.376226,2026-01-16T00:26:56.376226,rate-limiter|fluentd,ops-team,Infrastructure
INC500,Certificate authority unreachable,Certificate authority unreachable affecting production environment,low,resolved,2026-01-08T03:30:56.376226,2026-01-08T18:03:56.376226,2026-01-08T13:18:56.376226,order-service,platform-team,Security
INC501,Network latency to cdn region,Network latency to cdn region affecting production environment,medium,resolved,2026-01-17T00:01:56.376226,2026-01-19T00:36:56.376226,2026-01-17T18:21:56.376226,elasticsearch|order-service,observability-team,Network
INC502,Service mesh configuration error,Service mesh configuration error affecting production environment,critical,resolved,2026-01-09T00:01:56.376226,2026-01-10T02:33:56.376226,2026-01-09T08:35:56.376226,ci-cd|checkout-service,dba-team,Infrastructure
INC503,Certificate authority unreachable,Certificate authority unreachable affecting production environment,high,investigating,2026-01-15T05:20:56.376226,,,frontend|logging-service,observability-team,Security
INC504,Log aggregation pipeline broken,Log aggregation pipeline broken affecting production environment with consistent failures,medium,resolved,2026-01-15T00:50:56.376226,2026-01-16T13:49:56.376226,2026-01-15T04:11:56.376226,cache-service|product-service|oauth-provider,identity-team,Monitoring
INC505,Container registry unavailable,Container registry unavailable affecting production environment,low,investigating,2026-01-15T18:59:56.376226,,,session-service,ops-team,Infrastructure
INC506,Third-party OAuth provider timeout,Third-party OAuth provider timeout affecting production environment with intermittent failures,high,open,2026-01-19T17:18:56.376226,,,reporting-service|read-replica,dba-team,Security
INC507,Service mesh configuration error,Service mesh configuration error affecting production environment with intermittent failures,low,open,2026-01-14T05:35:56.376226,,,cache-service,infra-team,Infrastructure
INC508,Service mesh configuration error,Service mesh configuration error affecting production environment,high,investigating,2026-01-08T12:51:56.376226,,,notification-service|elasticsearch|api-gateway,infra-team,Infrastructure
INC509,Load balancer health check failing,Load balancer health check failing affecting production environment,low,resolved,2026-01-17T03:28:56.376226,2026-01-19T03:19:56.376226,2026-01-17T07:36:56.376226,cdn|api-gateway|logging-service,ops-team,Infrastructure
INC510,Database replica lag critical,Database replica lag critical affecting production environment,critical,investigating,2026-01-19T02:13:56.376226,,,kubernetes|fulfillment-service|auth-service,observability-team,Database
INC511,Container registry unavailable,Container registry unavailable affecting production environment,low,investigating,2026-01-15T12:35:56.376226,,,read-replica|fluentd,platform-team,Infrastructure
INC512,SSL certificate expiration warning,SSL certificate expiration warning affecting production environment,critical,resolved,2026-01-08T01:53:56.376226,2026-01-08T21:43:56.376226,2026-01-08T17:44:56.376226,payment-service|search-service,api-team,Security
INC513,Load balancer health check failing,Load balancer health check failing affecting production environment with intermittent failures,critical,investigating,2026-01-15T08:15:56.376226,,,payment-service|logging-service|database,dba-team,Infrastructure
INC514,Redis cache connection failures,Redis cache connection failures affecting production environment,medium,resolved,2026-01-16T17:59:56.376226,2026-01-17T10:14:56.376226,2026-01-17T01:38:56.376226,cache-service,search-team,Cache
INC515,Database replica lag critical,Database replica lag critical affecting production environment with sporadic failures,low,open,2026-01-17T07:53:56.376226,,,product-service|notification-service,infra-team,Database
INC516,Message queue backlog growing,Message queue backlog growing affecting production environment with intermittent failures,high,open,2026-01-12T14:18:56.376226,,,fulfillment-service|payment-service,identity-team,Monitoring
INC517,API response latency spike,API response latency spike affecting production environment with intermittent failures,medium,resolved,2026-01-11T23:14:56.376226,2026-01-13T23:08:56.376226,2026-01-11T23:45:56.376226,order-service,ops-team,Network
INC518,Elasticsearch indexing delays,Elasticsearch indexing delays affecting production environment with intermittent failures,high,open,2026-01-12T17:17:56.376226,,,session-service,identity-team,Monitoring
INC519,Load balancer health check failing,Load balancer health check failing affecting production environment,medium,resolved,2026-01-15T00:39:56.376226,2026-01-16T12:12:56.376226,2026-01-15T05:16:56.376226,reporting-service|database,devops-team,Infrastructure
INC520,SSL certificate expiration warning,SSL certificate expiration warning affecting production environment with sporadic failures,low,investigating,2026-01-16T15:59:56.376226,,,cache-service,payments-team,Security
INC521,API response latency spike,API response latency spike affecting production environment,high,open,2026-01-14T14:26:56.376226,,,cdn,observability-team,Network
INC522,CDN cache invalidation stuck,CDN cache invalidation stuck affecting production environment with sporadic failures,high,open,2026-01-07T04:21:56.376226,,,cdn|email-service|read-replica,api-team,Cache
INC523,Database replica lag critical,Database replica lag critical affecting production environment,low,open,2026-01-10T10:55:56.376226,,,fluentd|auth-service|user-service,platform-team,Database
INC524,Disk space critical on session nodes,Disk space critical on session nodes affecting production environment,critical,resolved,2026-01-12T15:48:56.376226,2026-01-13T15:28:56.376226,2026-01-12T18:30:56.376226,email-service|read-replica,security-team,Storage
INC525,API response latency spike,API response latency spike affecting production environment with consistent failures,low,resolved,2026-01-11T01:35:56.376226,2026-01-12T00:32:56.376226,2026-01-11T01:55:56.376226,ci-cd|payment-service,api-team,Network
INC526,Container registry unavailable,Container registry unavailable affecting production environment with sporadic failures,medium,investigating,2026-01-10T12:35:56.376226,,,session-service|fulfillment-service,infra-team,Infrastructure
INC527,Rate limiting misconfiguration,Rate limiting misconfiguration affecting production environment with intermittent failures,medium,resolved,2026-01-15T16:17:56.376226,2026-01-16T06:12:56.376226,2026-01-16T01:58:56.376226,session-service,dba-team,Application
INC528,SSL certificate expiration warning,SSL certificate expiration warning affecting production environment,medium,resolved,2026-01-21T13:24:56.376226,2026-01-22T00:44:56.376226,2026-01-21T16:53:56.376226,reporting-service,dba-team,Security
INC529,Memory leak in checkout service,Memory leak in checkout service affecting production environment,medium,resolved,2026-01-07T05:22:56.376226,2026-01-08T08:48:56.376226,2026-01-07T08:39:56.376226,oauth-provider|elasticsearch,observability-team,Application
INC530,CDN cache invalidation stuck,CDN cache invalidation stuck affecting production environment,medium,open,2026-01-08T23:27:56.376226,,,fulfillment-service|cache-service|rabbitmq,devops-team,Cache
INC531,Elasticsearch indexing delays,Elasticsearch indexing delays affecting production environment with intermittent failures,low,investigating,2026-01-08T17:15:56.376226,,,payment-service|read-replica,devops-team,Monitoring
INC532,Load balancer health check failing,Load balancer health check failing affecting production environment with consistent failures,medium,investigating,2026-01-14T09:34:56.376226,,,notification-service,platform-team,Infrastructure
INC533,API response latency spike,API response latency spike affecting production environment,low,investigating,2026-01-13T02:13:56.376226,,,notification-service|logging-service|api-gateway,payments-team,Network
INC534,Rate limiting misconfiguration,Rate limiting misconfiguration affecting production environment with consistent failures,high,investigating,2026-01-21T01:53:56.376226,,,logging-service|user-service,devops-team,Application
INC535,Container registry unavailable,Container registry unavailable affecting production environment with consistent failures,low,resolved,2026-01-08T08:55:56.376226,2026-01-08T12:51:56.376226,2026-01-08T17:25:56.376226,read-replica,dba-team,Infrastructure
INC536,Container registry unavailable,Container registry unavailable affecting production environment with intermittent failures,critical,resolved,2026-01-10T03:54:56.376226,2026-01-11T06:50:56.376226,2026-01-10T04:15:56.376226,logging-service|load-balancer,security-team,Infrastructure
INC537,Rate limiting misconfiguration,Rate limiting misconfiguration affecting production environment,high,resolved,2026-01-20T20:10:56.376226,2026-01-22T07:07:56.376226,2026-01-20T20:34:56.376226,oauth-provider,observability-team,Application
INC538,Rate limiting misconfiguration,Rate limiting misconfiguration affecting production environment,low,open,2026-01-19T13:23:56.376226,,,reporting-service|payment-service|cdn,search-team,Application
INC539,Database replica lag critical,Database replica lag critical affecting production environment,medium,investigating,2026-01-16T17:23:56.376226,,,oauth-provider,api-team,Database
INC540,CDN cache invalidation stuck,CDN cache invalidation stuck affecting production environment,medium,resolved,2026-01-17T21:31:56.376226,2026-01-18T06:16:56.376226,2026-01-18T04:05:56.376226,container-registry|product-service,api-team,Cache
INC541,Disk space critical on fluentd nodes,Disk space critical on fluentd nodes affecting production environment,medium,investigating,2026-01-15T06:28:56.376226,,,search-service,devops-team,Storage
INC542,SSL certificate expiration warning,SSL certificate expiration warning affecting production environment,medium,open,2026-01-19T16:29:56.376226,,,session-service|elasticsearch,identity-team,Security
INC543,Third-party OAuth provider timeout,Third-party OAuth provider timeout affecting production environment with intermittent failures,medium,open,2026-01-07T14:14:56.376226,,,auth-service|oauth-provider,identity-team,Security
INC544,Load balancer health check failing,Load balancer health check failing affecting production environment with intermittent failures,critical,open,2026-01-17T09:55:56.376226,,,oauth-provider|api-gateway,devops-team,Infrastructure
INC545,Certificate authority unreachable,Certificate authority unreachable affecting production environment,high,resolved,2026-01-17T12:18:56.376226,2026-01-18T02:21:56.376226,2026-01-17T16:03:56.376226,payment-service,ops-team,Security
INC546,Message queue backlog growing,Message queue backlog growing affecting production environment,low,resolved,2026-01-16T13:45:56.376226,2026-01-17T12:43:56.376226,2026-01-17T00:01:56.376226,user-service,api-team,Monitoring
INC547,Log aggregation pipeline broken,Log aggregation pipeline broken affecting production environment with intermittent failures,high,resolved,2026-01-17T17:10:56.376226,2026-01-19T08:46:56.376226,2026-01-17T20:56:56.376226,checkout-service|oauth-provider|elasticsearch,devops-team,Monitoring
INC548,Message queue backlog growing,Message queue backlog growing affecting production environment with intermittent failures,high,investigating,2026-01-12T07:18:56.376226,,,logging-service,search-team,Monitoring
INC549,Network latency to api-gateway region,Network latency to api-gateway region affecting production environment,medium,open,2026-01-18T02:47:56.376226,,,frontend|read-replica|notification-service,platform-team,Network
INC550,Certificate authority unreachable,Certificate authority unreachable affecting production environment,low,investigating,2026-01-18T17:04:56.376226,,,session-service|frontend|fulfillment-service,infra-team,Security
INC551,CDN cache invalidation stuck,CDN cache invalidation stuck affecting production environment with sporadic failures,high,open,2026-01-16T12:57:56.376226,,,elasticsearch|container-registry|database,identity-team,Cache
INC552,Kubernetes cluster node failure,Kubernetes cluster node failure affecting production environment with intermittent failures,high,open,2026-01-06T21:27:56.376226,,,container-registry|rate-limiter,api-team,Infrastructure
INC553,Redis cache connection failures,Redis cache connection failures affecting production environment with consistent failures,critical,resolved,2026-01-17T00:26:56.376226,2026-01-18T17:38:56.376226,2026-01-17T02:05:56.376226,session-service|cache-service|rate-limiter,api-team,Cache
INC554,Third-party OAuth provider timeout,Third-party OAuth provider timeout affecting production environment,high,open,2026-01-08T15:47:56.376226,,,cdn|elasticsearch,devops-team,Security
INC555,Certificate authority unreachable,Certificate authority unreachable affecting production environment with intermittent failures,medium,investigating,2026-01-20T05:25:56.376226,,,database|rate-limiter|user-service,observability-team,Security
INC556,SSL certificate expiration warning,SSL certificate expiration warning affecting production environment,critical,investigating,2026-01-20T08:25:56.376226,,,user-service|load-balancer|read-replica,security-team,Security
INC557,Service mesh configuration error,Service mesh configuration error affecting production environment with consistent failures,low,open,2026-01-16T15:47:56.376226,,,api-gateway|payment-service,security-team,Infrastructure
INC558,Database connection timeout,Database connection timeout affecting production environment,critical,investigating,2026-01-16T06:37:56.376226,,,order-service|kubernetes|rate-limiter,security-team,Database
INC559,Database replica lag critical,Database replica lag critical affecting production environment with consistent failures,critical,investigating,2026-01-14T03:39:56.376226,,,session-service|checkout-service|order-service,infra-team,Database
INC560,API response latency spike,API response latency spike affecting production environment with intermittent failures,critical,resolved,2026-01-14T10:35:56.376226,2026-01-14T23:56:56.376226,2026-01-14T17:08:56.376226,elasticsearch|kubernetes,dba-team,Network
INC561,Third-party OAuth provider timeout,Third-party OAuth provider timeout affecting production environment with intermittent failures,low,resolved,2026-01-16T22:39:56.376226,2026-01-18T21:41:56.376226,2026-01-17T03:58:56.376226,cdn|fluentd,dba-team,Security
INC562,Memory leak in auth service,Memory leak in auth service affecting production environment,low,resolved,2026-01-20T14:21:56.376226,2026-01-20T20:42:56.376226,2026-01-20T18:49:56.376226,user-service|order-service,dba-team,Application
INC563,Third-party OAuth provider timeout,Third-party OAuth provider timeout affecting production environment,high,resolved,2026-01-21T00:46:56.376226,2026-01-21T13:58:56.376226,2026-01-21T08:25:56.376226,cache-service|reporting-service,infra-team,Security
INC564,Rate limiting misconfiguration,Rate limiting misconfiguration affecting production environment with consistent failures,medium,open,2026-01-10T21:26:56.376226,,,reporting-service|read-replica|order-service,platform-team,Application
INC565,Network latency to product region,Network latency to product region affecting production environment with consistent failures,medium,resolved,2026-01-19T04:02:56.376226,2026-01-19T20:12:56.376226,2026-01-19T10:36:56.376226,session-service,devops-team,Network
INC566,Database replica lag critical,Database replica lag critical affecting production environment with intermittent failures,medium,open,2026-01-14T15:29:56.376226,,,cdn,ops-team,Database
INC567,Payment service 500 errors,Payment service 500 errors affecting production environment,medium,resolved,2026-01-16T13:06:56.376226,2026-01-18T10:50:56.376226,2026-01-16T15:36:56.376226,fulfillment-service|product-service,security-team,Payments
INC568,Database replica lag critical,Database replica lag critical affecting production environment with sporadic failures,low,investigating,2026-01-15T22:31:56.376226,,,oauth-provider|order-service|session-service,observability-team,Database
INC569,Rate limiting misconfiguration,Rate limiting misconfiguration affecting production environment,medium,open,2026-01-20T13:42:56.376226,,,cdn|checkout-service,observability-team,Application
INC570,Database replica lag critical,Database replica lag critical affecting production environment with consistent failures,critical,investigating,2026-01-13T21:48:56.376226,,,oauth-provider|kubernetes,payments-team,Database
INC571,Third-party OAuth provider timeout,Third-party OAuth provider timeout affecting production environment with sporadic failures,medium,resolved,2026-01-08T07:18:56.376226,2026-01-10T06:08:56.376226,2026-01-08T09:32:56.376226,search-service,dba-team,Security
INC572,Payment service 500 errors,Payment service 500 errors affecting production environment with sporadic failures,critical,investigating,2026-01-10T11:36:56.376226,,,cdn|api-gateway,infra-team,Payments
INC573,Redis cache connection failures,Redis cache connection failures affecting production environment with sporadic failures,critical,investigating,2026-01-18T01:37:56.376226,,,ci-cd|api-gateway|elasticsearch,devops-team,Cache
INC574,Load balancer health check failing,Load balancer health check failing affecting production environment,critical,resolved,2026-01-09T03:51:56.376226,2026-01-09T09:29:56.376226,2026-01-09T09:07:56.376226,ci-cd,devops-team,Infrastructure
INC575,Container registry unavailable,Container registry unavailable affecting production environment,low,open,2026-01-09T23:22:56.376226,,,logging-service|container-registry|rate-limiter,ops-team,Infrastructure
INC576,SSL certificate expiration warning,SSL certificate expiration warning affecting production environment with consistent failures,high,investigating,2026-01-16T12:54:56.376226,,,notification-service,observability-team,Security
INC577,Database replica lag critical,Database replica lag critical affecting production environment,high,investigating,2026-01-18T05:31:56.376226,,,auth-service|fulfillment-service|read-replica,search-team,Database
INC578,SSL certificate expiration warning,SSL certificate expiration warning affecting production environment with intermittent failures,high,resolved,2026-01-06T19:11:56.376226,2026-01-08T08:03:56.376226,2026-01-06T21:13:56.376226,order-service|kubernetes,security-team,Security
INC579,Database connection timeout,Database connection timeout affecting production environment,critical,investigating,2026-01-13T08:00:56.376226,,,ci-cd,payments-team,Database
INC580,Load balancer health check failing,Load balancer health check failing affecting production environment,critical,investigating,2026-01-20T15:34:56.376226,,,auth-service,api-team,Infrastructure
INC581,Database connection timeout,Database connection timeout affecting production environment,critical,resolved,2026-01-07T23:07:56.376226,2026-01-09T03:02:56.376226,2026-01-08T02:48:56.376226,rate-limiter|fluentd,devops-team,Database
INC582,Log aggregation pipeline broken,Log aggregation pipeline broken affecting production environment with consistent failures,critical,investigating,2026-01-09T23:53:56.376226,,,auth-service|rabbitmq|database,platform-team,Monitoring
INC583,Disk space critical on cache nodes,Disk space critical on cache nodes affecting production environment,high,open,2026-01-07T12:56:56.376226,,,product-service|order-service|rabbitmq,identity-team,Storage
INC584,Payment service 500 errors,Payment service 500 errors affecting production environment,high,investigating,2026-01-14T20:59:56.376226,,,api-gateway|email-service|database,observability-team,Payments
INC585,Payment service 500 errors,Payment service 500 errors affecting production environment with sporadic failures,high,resolved,2026-01-07T05:00:56.376226,2026-01-07T06:30:56.376226,2026-01-08T03:46:56.376226,read-replica|database,devops-team,Payments
INC586,Database replica lag critical,Database replica lag critical affecting production environment,high,investigating,2026-01-08T20:10:56.376226,,,elasticsearch|session-service|rate-limiter,devops-team,Database
INC587,CDN cache invalidation stuck,CDN cache invalidation stuck affecting production environment,critical,resolved,2026-01-07T15:44:56.376226,2026-01-09T16:23:56.376226,2026-01-07T18:25:56.376226,session-service,identity-team,Cache
INC588,Payment service 500 errors,Payment service 500 errors affecting production environment,low,investigating,2026-01-10T23:05:56.376226,,,cache-service|kubernetes,security-team,Payments
INC589,Database connection timeout,Database connection timeout affecting production environment with sporadic failures,medium,resolved,2026-01-17T23:08:56.376226,2026-01-19T04:31:56.376226,2026-01-18T01:12:56.376226,cache-service,platform-team,Database
INC590,Load balancer health check failing,Load balancer health check failing affecting production environment,low,investigating,2026-01-07T23:04:56.376226,,,load-balancer,identity-team,Infrastructure
INC591,Log aggregation pipeline broken,Log aggregation pipeline broken affecting production environment with intermittent failures,critical,investigating,2026-01-18T05:29:56.376226,,,cache-service|logging-service|load-balancer,api-team,Monitoring
INC592,API response latency spike,API response latency spike affecting production environment,critical,resolved,2026-01-19T11:40:56.376226,2026-01-20T13:23:56.376226,2026-01-19T16:05:56.376226,cdn|database|cache-service,payments-team,Network
INC593,Disk space critical on kubernetes nodes,Disk space critical on kubernetes nodes affecting production environment,high,investigating,2026-01-13T15:46:56.376226,,,ci-cd|user-service|order-service,dba-team,Infrastructure
INC594,Message queue backlog growing,Message queue backlog growing affecting production environment with consistent failures,high,investigating,2026-01-11T03:17:56.376226,,,cache-service,observability-team,Monitoring
INC595,Service mesh configuration error,Service mesh configuration error affecting production environment,medium,resolved,2026-01-17T13:15:56.376226,2026-01-18T02:48:56.376226,2026-01-17T19:15:56.376226,ci-cd|fluentd,payments-team,Infrastructure
INC596,Database replica lag critical,Database replica lag critical affecting production environment with sporadic failures,low,open,2026-01-07T07:32:56.376226,,,order-service|ci-cd|oauth-provider,infra-team,Database
INC597,Elasticsearch indexing delays,Elasticsearch indexing delays affecting production environment with consistent failures,medium,open,2026-01-07T13:31:56.376226,,,fulfillment-service,observability-team,Monitoring
INC598,Redis cache connection failures,Redis cache connection failures affecting production environment with sporadic failures,low,resolved,2026-01-07T21:20:56.376226,2026-01-09T12:28:56.376226,2026-01-08T11:26:56.376226,ci-cd|logging-service,observability-team,Cache
INC599,Service mesh configuration error,Service mesh configuration error affecting production environment with intermittent failures,low,resolved,2026-01-09T02:44:56.376226,2026-01-10T09:26:56.376226,2026-01-09T21:01:56.376226,container-registry,identity-team,Infrastructure
INC600,CDN cache invalidation stuck,CDN cache invalidation stuck affecting production environment with sporadic failures,high,investigating,2026-01-08T20:43:56.376226,,,cdn,search-team,Cache
INC601,Database replica lag critical,Database replica lag critical affecting production environment with consistent failures,high,open,2026-01-13T20:57:56.376226,,,fulfillment-service,search-team,Database
INC602,Kubernetes cluster node failure,Kubernetes cluster node failure affecting production environment with intermittent failures,medium,resolved,2026-01-19T07:39:56.376226,2026-01-21T00:20:56.376226,2026-01-19T11:21:56.376226,oauth-provider,security-team,Infrastructure
INC603,Memory leak in user service,Memory leak in user service affecting production environment,high,investigating,2026-01-07T09:35:56.376226,,,container-registry|auth-service|user-service,observability-team,Application
INC604,Container registry unavailable,Container registry unavailable affecting production environment,high,investigating,2026-01-15T18:58:56.376226,,,logging-service|database|frontend,search-team,Infrastructure
INC605,Payment service 500 errors,Payment service 500 errors affecting production environment with intermittent failures,critical,investigating,2026-01-16T12:25:56.376226,,,search-service|ci-cd,security-team,Payments
INC606,Container registry unavailable,Container registry unavailable affecting production environment,low,investigating,2026-01-15T04:31:56.376226,,,logging-service|session-service,observability-team,Infrastructure
INC607,Redis cache connection failures,Redis cache connection failures affecting production environment,low,investigating,2026-01-17T00:45:56.376226,,,cdn|order-service|container-registry,infra-team,Cache
INC608,Load balancer health check failing,Load balancer health check failing affecting production environment,critical,resolved,2026-01-07T00:27:56.376226,2026-01-09T00:04:56.376226,2026-01-07T17:48:56.376226,database,search-team,Infrastructure
INC609,Payment service 500 errors,Payment service 500 errors affecting production environment with sporadic failures,high,investigating,2026-01-15T08:27:56.376226,,,search-service,ops-team,Payments
INC610,Database replica lag critical,Database replica lag critical affecting production environment with intermittent failures,critical,open,2026-01-17T15:59:56.376226,,,ci-cd|kubernetes,dba-team,Database
INC611,SSL certificate expiration warning,SSL certificate expiration warning affecting production environment with intermittent failures,low,open,2026-01-17T22:57:56.376226,,,auth-service|database|fulfillment-service,ops-team,Security
INC612,Elasticsearch indexing delays,Elasticsearch indexing delays affecting production environment with intermittent failures,low,open,2026-01-16T20:23:56.376226,,,load-balancer|rate-limiter,api-team,Monitoring
INC613,Rate limiting misconfiguration,Rate limiting misconfiguration affecting production environment with sporadic failures,low,open,2026-01-08T10:04:56.376226,,,email-service|api-gateway|rate-limiter,platform-team,Application
INC614,Log aggregation pipeline broken,Log aggregation pipeline broken affecting production environment,critical,investigating,2026-01-17T13:00:56.376226,,,search-service,platform-team,Monitoring
INC615,API response latency spike,API response latency spike affecting production environment with consistent failures,low,open,2026-01-10T23:14:56.376226,,,checkout-service|fluentd,infra-team,Network
INC616,Network latency to checkout region,Network latency to checkout region affecting production environment,low,open,2026-01-08T15:05:56.376226,,,logging-service|checkout-service,ops-team,Network
INC617,Load balancer health check failing,Load balancer health check failing affecting production environment,low,open,2026-01-20T21:11:56.376226,,,rabbitmq|session-service|frontend,identity-team,Infrastructure
INC618,SSL certificate expiration warning,SSL certificate expiration warning affecting production environment,high,resolved,2026-01-14T07:41:56.376226,2026-01-14T20:20:56.376226,2026-01-14T17:56:56.376226,user-service|fulfillment-service|checkout-service,identity-team,Security
INC619,Certificate authority unreachable,Certificate authority unreachable affecting production environment with sporadic failures,high,investigating,2026-01-12T19:01:56.376226,,,notification-service,api-team,Security
INC620,Disk space critical on order nodes,Disk space critical on order nodes affecting production environment with sporadic failures,medium,investigating,2026-01-19T15:08:56.376226,,,cache-service,ops-team,Storage
INC621,Redis cache connection failures,Redis cache connection failures affecting production environment,medium,resolved,2026-01-20T09:57:56.376226,2026-01-20T22:07:56.376226,2026-01-20T10:31:56.376226,user-service|container-registry|product-service,security-team,Cache
INC622,Redis cache connection failures,Redis cache connection failures affecting production environment,high,resolved,2026-01-19T08:28:56.376226,2026-01-19T16:15:56.376226,2026-01-19T13:13:56.376226,reporting-service,payments-team,Cache
INC623,Kubernetes cluster node failure,Kubernetes cluster node failure affecting production environment with consistent failures,low,open,2026-01-21T02:12:56.376226,,,rabbitmq|search-service,search-team,Infrastructure
INC624,Redis cache connection failures,Redis cache connection failures affecting production environment with consistent failures,medium,open,2026-01-12T01:32:56.376226,,,elasticsearch,search-team,Cache
INC625,Redis cache connection failures,Redis cache connection failures affecting production environment,medium,open,2026-01-14T12:57:56.376226,,,frontend,payments-team,Cache
INC626,Redis cache connection failures,Redis cache connection failures affecting production environment with consistent failures,medium,investigating,2026-01-11T22:55:56.376226,,,notification-service|container-registry|product-service,security-team,Cache
INC627,Redis cache connection failures,Redis cache connection failures affecting production environment,low,resolved,2026-01-15T19:43:56.376226,2026-01-16T04:50:56.376226,2026-01-16T08:37:56.376226,oauth-provider|frontend,payments-team,Cache
INC628,Database replica lag critical,Database replica lag critical affecting production environment,high,resolved,2026-01-09T15:05:56.376226,2026-01-10T02:41:56.376226,2026-01-09T22:50:56.376226,kubernetes|email-service|api-gateway,search-team,Database
INC629,Disk space critical on database nodes,Disk space critical on database nodes affecting production environment with intermittent failures,critical,investigating,2026-01-18T08:13:56.376226,,,email-service,infra-team,Database
INC630,Log aggregation pipeline broken,Log aggregation pipeline broken affecting production environment with sporadic failures,medium,resolved,2026-01-20T18:52:56.376226,2026-01-20T21:54:56.376226,2026-01-20T23:14:56.376226,elasticsearch|logging-service,dba-team,Monitoring
INC631,API response latency spike,API response latency spike affecting production environment,critical,resolved,2026-01-08T08:57:56.376226,2026-01-09T01:02:56.376226,2026-01-08T10:58:56.376226,logging-service|auth-service|fluentd,search-team,Network
INC632,Redis cache connection failures,Redis cache connection failures affecting production environment,high,open,2026-01-16T20:27:56.376226,,,ci-cd|session-service,payments-team,Cache
INC633,Rate limiting misconfiguration,Rate limiting misconfiguration affecting production environment with sporadic failures,low,investigating,2026-01-13T23:21:56.376226,,,cdn|checkout-service|rate-limiter,infra-team,Application
INC634,Rate limiting misconfiguration,Rate limiting misconfiguration affecting production environment with intermittent failures,low,investigating,2026-01-21T16:47:56.376226,,,user-service|session-service|frontend,security-team,Application
INC635,Certificate authority unreachable,Certificate authority unreachable affecting production environment with intermittent failures,low,resolved,2026-01-21T05:13:56.376226,2026-01-21T09:45:56.376226,2026-01-21T12:09:56.376226,product-service|user-service|order-service,search-team,Security
INC636,Message queue backlog growing,Message queue backlog growing affecting production environment,low,investigating,2026-01-12T00:07:56.376226,,,fluentd|api-gateway|reporting-service,platform-team,Monitoring
INC637,SSL certificate expiration warning,SSL certificate expiration warning affecting production environment with intermittent failures,low,resolved,2026-01-14T18:14:56.376226,2026-01-16T09:09:56.376226,2026-01-14T20:23:56.376226,notification-service|logging-service|elasticsearch,platform-team,Security
INC638,Database replica lag critical,Database replica lag critical affecting production environment,high,resolved,2026-01-17T07:43:56.376226,2026-01-17T11:47:56.376226,2026-01-17T13:22:56.376226,product-service|oauth-provider,identity-team,Database
INC639,Disk space critical on read-replica nodes,Disk space critical on read-replica nodes affecting production environment with consistent failures,high,investigating,2026-01-16T06:17:56.376226,,,fluentd|rate-limiter|api-gateway,platform-team,Storage
INC640,Rate limiting misconfiguration,Rate limiting misconfiguration affecting production environment,critical,open,2026-01-07T21:36:56.376226,,,order-service|fluentd,payments-team,Application
INC641,Load balancer health check failing,Load balancer health check failing affecting production environment,medium,resolved,2026-01-16T18:44:56.376226,2026-01-17T22:27:56.376226,2026-01-16T23:51:56.376226,payment-service|database|product-service,search-team,Infrastructure
INC642,Rate limiting misconfiguration,Rate limiting misconfiguration affecting production environment with intermittent failures,high,open,2026-01-07T19:21:56.376226,,,load-balancer,dba-team,Application
INC643,Database replica lag critical,Database replica lag critical affecting production environment,high,resolved,2026-01-17T04:57:56.376226,2026-01-18T19:39:56.376226,2026-01-17T05:47:56.376226,read-replica|load-balancer|reporting-service,identity-team,Database
INC644,Rate limiting misconfiguration,Rate limiting misconfiguration affecting production environment,medium,investigating,2026-01-09T02:40:56.376226,,,product-service|session-service,ops-team,Application
INC645,SSL certificate expiration warning,SSL certificate expiration warning affecting production environment,critical,investigating,2026-01-15T03:37:56.376226,,,load-balancer,observability-team,Security
INC646,SSL certificate expiration warning,SSL certificate expiration warning affecting production environment,low,open,2026-01-12T12:34:56.376226,,,cache-service|product-service,payments-team,Security
INC647,Redis cache connection failures,Redis cache connection failures affecting production environment with intermittent failures,high,investigating,2026-01-09T05:54:56.376226,,,checkout-service|reporting-service|session-service,api-team,Cache
INC648,Database connection timeout,Database connection timeout affecting production environment,critical,resolved,2026-01-08T19:13:56.376226,2026-01-10T06:45:56.376226,2026-01-09T02:56:56.376226,container-registry|fluentd,security-team,Database
INC649,Load balancer health check failing,Load balancer health check failing affecting production environment with sporadic failures,medium,resolved,2026-01-18T08:47:56.376226,2026-01-20T05:54:56.376226,2026-01-19T00:00:56.376226,database|user-service|payment-service,observability-team,Infrastructure
INC650,Network latency to order region,Network latency to order region affecting production environment,critical,investigating,2026-01-08T04:29:56.376226,,,container-registry|notification-service|rabbitmq,dba-team,Network
INC651,Elasticsearch indexing delays,Elasticsearch indexing delays affecting production environment with consistent failures,medium,open,2026-01-08T12:20:56.376226,,,ci-cd|api-gateway,dba-team,Monitoring
INC652,Container registry unavailable,Container registry unavailable affecting production environment,high,resolved,2026-01-16T10:29:56.376226,2026-01-18T05:52:56.376226,2026-01-16T13:33:56.376226,payment-service|fluentd,search-team,Infrastructure
INC653,Message queue backlog growing,Message queue backlog growing affecting production environment,low,investigating,2026-01-12T05:45:56.376226,,,kubernetes|reporting-service,api-team,Monitoring
INC654,Redis cache connection failures,Redis cache connection failures affecting production environment with consistent failures,critical,investigating,2026-01-19T18:23:56.376226,,,elasticsearch|frontend,payments-team,Cache
INC655,Service mesh configuration error,Service mesh configuration error affecting production environment with intermittent failures,medium,investigating,2026-01-14T10:47:56.376226,,,rabbitmq,search-team,Infrastructure
INC656,Payment service 500 errors,Payment service 500 errors affecting production environment,high,investigating,2026-01-09T11:55:56.376226,,,rabbitmq|logging-service|payment-service,platform-team,Payments
INC657,Kubernetes cluster node failure,Kubernetes cluster node failure affecting production environment with consistent failures,critical,investigating,2026-01-16T03:57:56.376226,,,elasticsearch|oauth-provider|email-service,ops-team,Infrastructure
INC658,Database connection timeout,Database connection timeout affecting production environment,high,resolved,2026-01-20T14:56:56.376226,2026-01-20T23:37:56.376226,2026-01-23T07:42:56.376226,session-service|frontend|checkout-service,identity-team,Database
INC659,Elasticsearch indexing delays,Elasticsearch indexing delays affecting production environment,high,investigating,2026-01-08T14:13:56.376226,,,rabbitmq|database,devops-team,Monitoring
INC660,Log aggregation pipeline broken,Log aggregation pipeline broken affecting production environment with sporadic failures,critical,investigating,2026-01-18T12:27:56.376226,,,checkout-service|rabbitmq,ops-team,Monitoring
INC661,SSL certificate expiration warning,SSL certificate expiration warning affecting production environment,medium,investigating,2026-01-08T19:43:56.376226,,,frontend|container-registry,infra-team,Security
INC662,API response latency spike,API response latency spike affecting production environment,low,resolved,2026-01-10T14:37:56.376226,2026-01-10T22:15:56.376226,2026-01-10T16:23:56.376226,reporting-service,infra-team,Network
INC663,Database replica lag critical,Database replica lag critical affecting production environment with sporadic failures,high,investigating,2026-01-17T17:10:56.376226,,,order-service|reporting-service,devops-team,Database
INC664,Message queue backlog growing,Message queue backlog growing affecting production environment with intermittent failures,medium,resolved,2026-01-11T06:15:56.376226,2026-01-12T14:41:56.376226,2026-01-11T17:14:56.376226,checkout-service|order-service,platform-team,Monitoring
INC665,SSL certificate expiration warning,SSL certificate expiration warning affecting production environment with intermittent failures,low,investigating,2026-01-13T20:33:56.376226,,,auth-service,identity-team,Security
INC666,Message queue backlog growing,Message queue backlog growing affecting production environment,high,open,2026-01-20T09:22:56.376226,,,read-replica|logging-service|search-service,payments-team,Monitoring
INC667,Third-party OAuth provider timeout,Third-party OAuth provider timeout affecting production environment,low,open,2026-01-09T16:35:56.376226,,,email-service|session-service|payment-service,platform-team,Security
INC668,SSL certificate expiration warning,SSL certificate expiration warning affecting production environment with consistent failures,low,open,2026-01-07T10:14:56.376226,,,user-service|notification-service,api-team,Security
INC669,API response latency spike,API response latency spike affecting production environment with sporadic failures,low,investigating,2026-01-08T02:28:56.376226,,,session-service,observability-team,Network
INC670,Database connection timeout,Database connection timeout affecting production environment with intermittent failures,medium,resolved,2026-01-21T00:37:56.376226,2026-01-22T19:59:56.376226,2026-01-21T03:18:56.376226,api-gateway,payments-team,Database
INC671,CDN cache invalidation stuck,CDN cache invalidation stuck affecting production environment with consistent failures,high,open,2026-01-20T11:15:56.376226,,,fulfillment-service|email-service|read-replica,devops-team,Cache
INC672,Payment service 500 errors,Payment service 500 errors affecting production environment,low,resolved,2026-01-10T16:38:56.376226,2026-01-11T11:48:56.376226,2026-01-11T04:37:56.376226,auth-service|elasticsearch|order-service,platform-team,Payments
INC673,Disk space critical on kubernetes nodes,Disk space critical on kubernetes nodes affecting production environment with consistent failures,medium,investigating,2026-01-16T21:37:56.376226,,,cdn|frontend,platform-team,Infrastructure
INC674,Disk space critical on email nodes,Disk space critical on email nodes affecting production environment,high,open,2026-01-13T21:59:56.376226,,,database,infra-team,Storage
INC675,Third-party OAuth provider timeout,Third-party OAuth provider timeout affecting production environment with intermittent failures,low,investigating,2026-01-13T21:50:56.376226,,,oauth-provider|fulfillment-service,security-team,Security
INC676,Rate limiting misconfiguration,Rate limiting misconfiguration affecting production environment,critical,investigating,2026-01-19T21:23:56.376226,,,ci-cd|product-service,payments-team,Application
INC677,Database connection timeout,Database connection timeout affecting production environment with consistent failures,low,investigating,2026-01-14T11:08:56.376226,,,api-gateway|order-service|payment-service,search-team,Database
INC678,Container registry unavailable,Container registry unavailable affecting production environment with intermittent failures,medium,open,2026-01-12T00:47:56.376226,,,fulfillment-service,search-team,Infrastructure
INC679,Memory leak in email service,Memory leak in email service affecting production environment with sporadic failures,critical,resolved,2026-01-16T03:14:56.376226,2026-01-17T21:39:56.376226,2026-01-16T21:53:56.376226,database|ci-cd,devops-team,Application
INC680,Container registry unavailable,Container registry unavailable affecting production environment with sporadic failures,high,open,2026-01-19T08:32:56.376226,,,cache-service,identity-team,Infrastructure
INC681,Load balancer health check failing,Load balancer health check failing affecting production environment,medium,open,2026-01-08T17:29:56.376226,,,database,observability-team,Infrastructure
INC682,Database connection timeout,Database connection timeout affecting production environment with consistent failures,high,open,2026-01-11T14:05:56.376226,,,logging-service,api-team,Database
INC683,Disk space critical on logging nodes,Disk space critical on logging nodes affecting production environment,critical,open,2026-01-14T09:58:56.376226,,,reporting-service|search-service,dba-team,Storage
INC684,Network latency to auth region,Network latency to auth region affecting production environment with intermittent failures,critical,investigating,2026-01-13T08:55:56.376226,,,user-service,payments-team,Network
INC685,Network latency to ci-cd region,Network latency to ci-cd region affecting production environment with consistent failures,medium,investigating,2026-01-12T22:45:56.376226,,,cdn|database|logging-service,api-team,Network
INC686,Service mesh configuration error,Service mesh configuration error affecting production environment with sporadic failures,critical,investigating,2026-01-07T06:42:56.376226,,,rabbitmq|cdn,devops-team,Infrastructure
INC687,Message queue backlog growing,Message queue backlog growing affecting production environment with consistent failures,high,open,2026-01-07T12:28:56.376226,,,load-balancer,infra-team,Monitoring
INC688,Message queue backlog growing,Message queue backlog growing affecting production environment with sporadic failures,low,resolved,2026-01-12T06:32:56.376226,2026-01-13T10:54:56.376226,2026-01-12T10:33:56.376226,frontend|product-service,ops-team,Monitoring
INC689,Elasticsearch indexing delays,Elasticsearch indexing delays affecting production environment,high,resolved,2026-01-08T16:30:56.376226,2026-01-09T12:37:56.376226,2026-01-08T17:30:56.376226,checkout-service|auth-service,dba-team,Monitoring
INC690,Database replica lag critical,Database replica lag critical affecting production environment,critical,investigating,2026-01-07T16:56:56.376226,,,auth-service|search-service|cdn,devops-team,Database
INC691,Container registry unavailable,Container registry unavailable affecting production environment,low,investigating,2026-01-08T17:09:56.376226,,,search-service,identity-team,Infrastructure
INC692,Disk space critical on rate-limiter nodes,Disk space critical on rate-limiter nodes affecting production environment with consistent failures,medium,resolved,2026-01-11T05:53:56.376226,2026-01-11T19:24:56.376226,2026-01-11T08:35:56.376226,kubernetes|rate-limiter|api-gateway,dba-team,Storage
INC693,Redis cache connection failures,Redis cache connection failures affecting production environment,low,investigating,2026-01-16T07:17:56.376226,,,fulfillment-service,api-team,Cache
INC694,Service mesh configuration error,Service mesh configuration error affecting production environment,high,investigating,2026-01-08T13:17:56.376226,,,database|frontend|notification-service,infra-team,Infrastructure
INC695,Payment service 500 errors,Payment service 500 errors affecting production environment with consistent failures,high,investigating,2026-01-17T11:46:56.376226,,,frontend,search-team,Payments
INC696,CDN cache invalidation stuck,CDN cache invalidation stuck affecting production environment with consistent failures,medium,open,2026-01-17T16:59:56.376226,,,rabbitmq,identity-team,Cache
INC697,Redis cache connection failures,Redis cache connection failures affecting production environment with sporadic failures,critical,resolved,2026-01-16T08:25:56.376226,2026-01-17T22:11:56.376226,2026-01-17T00:15:56.376226,user-service|read-replica|notification-service,infra-team,Cache
INC698,Rate limiting misconfiguration,Rate limiting misconfiguration affecting production environment,medium,resolved,2026-01-17T04:20:56.376226,2026-01-18T08:46:56.376226,2026-01-17T10:26:56.376226,kubernetes|load-balancer,api-team,Application
INC699,Redis cache connection failures,Redis cache connection failures affecting production environment with consistent failures,high,resolved,2026-01-09T03:09:56.376226,2026-01-10T18:24:56.376226,2026-01-09T06:40:56.376226,email-service|order-service,payments-team,Cache
INC700,Redis cache connection failures,Redis cache connection failures affecting production environment,high,investigating,2026-01-14T11:53:56.376226,,,container-registry|user-service,platform-team,Cache
INC701,Kubernetes cluster node failure,Kubernetes cluster node failure affecting production environment,low,investigating,2026-01-19T03:08:56.376226,,,checkout-service|container-registry|kubernetes,ops-team,Infrastructure
INC702,Load balancer health check failing,Load balancer health check failing affecting production environment with intermittent failures,low,investigating,2026-01-16T04:21:56.376226,,,frontend,infra-team,Infrastructure
INC703,Payment service 500 errors,Payment service 500 errors affecting production environment,medium,open,2026-01-08T13:13:56.376226,,,order-service|read-replica|ci-cd,devops-team,Payments
INC704,Disk space critical on cache nodes,Disk space critical on cache nodes affecting production environment,low,open,2026-01-15T22:15:56.376226,,,search-service|load-balancer,devops-team,Storage
INC705,Container registry unavailable,Container registry unavailable affecting production environment with sporadic failures,medium,investigating,2026-01-09T22:32:56.376226,,,notification-service,security-team,Infrastructure
INC706,Rate limiting misconfiguration,Rate limiting misconfiguration affecting production environment,low,investigating,2026-01-15T06:10:56.376226,,,search-service,dba-team,Application
INC707,Log aggregation pipeline broken,Log aggregation pipeline broken affecting production environment,medium,investigating,2026-01-20T22:49:56.376226,,,fluentd|product-service,security-team,Monitoring
INC708,Database connection timeout,Database connection timeout affecting production environment with sporadic failures,low,resolved,2026-01-16T20:10:56.376226,2026-01-18T15:25:56.376226,2026-01-17T05:55:56.376226,reporting-service|cdn,security-team,Database
INC709,Message queue backlog growing,Message queue backlog growing affecting production environment with sporadic failures,low,resolved,2026-01-20T02:20:56.376226,2026-01-21T07:44:56.376226,2026-01-20T08:25:56.376226,cdn,security-team,Monitoring
INC710,Third-party OAuth provider timeout,Third-party OAuth provider timeout affecting production environment,medium,investigating,2026-01-10T00:24:56.376226,,,container-registry|search-service,observability-team,Security
INC711,Log aggregation pipeline broken,Log aggregation pipeline broken affecting production environment with consistent failures,low,investigating,2026-01-14T17:52:56.376226,,,fluentd|frontend,api-team,Monitoring
INC712,Kubernetes cluster node failure,Kubernetes cluster node failure affecting production environment with sporadic failures,low,investigating,2026-01-13T14:12:56.376226,,,elasticsearch|search-service|oauth-provider,ops-team,Infrastructure
INC713,API response latency spike,API response latency spike affecting production environment with intermittent failures,critical,resolved,2026-01-13T01:06:56.376226,2026-01-13T21:26:56.376226,2026-01-13T05:06:56.376226,api-gateway|order-service|checkout-service,platform-team,Network
INC714,Disk space critical on fluentd nodes,Disk space critical on fluentd nodes affecting production environment with sporadic failures,medium,resolved,2026-01-17T08:16:56.376226,2026-01-18T05:44:56.376226,2026-01-17T11:01:56.376226,kubernetes|elasticsearch,payments-team,Storage
INC715,CDN cache invalidation stuck,CDN cache invalidation stuck affecting production environment,high,investigating,2026-01-09T20:52:56.376226,,,checkout-service|cdn,search-team,Cache
INC716,Service mesh configuration error,Service mesh configuration error affecting production environment,low,resolved,2026-01-17T14:06:56.376226,2026-01-18T06:04:56.376226,2026-01-18T21:49:56.376226,oauth-provider,platform-team,Infrastructure
INC717,CDN cache invalidation stuck,CDN cache invalidation stuck affecting production environment with intermittent failures,low,investigating,2026-01-16T08:04:56.376226,,,payment-service|api-gateway,infra-team,Cache
INC718,Kubernetes cluster node failure,Kubernetes cluster node failure affecting production environment with intermittent failures,low,resolved,2026-01-15T08:15:56.376226,2026-01-16T15:07:56.376226,2026-01-15T09:49:56.376226,database|order-service|email-service,platform-team,Infrastructure
INC719,Redis cache connection failures,Redis cache connection failures affecting production environment with consistent failures,high,resolved,2026-01-14T06:34:56.376226,2026-01-15T11:28:56.376226,2026-01-14T20:02:56.376226,fulfillment-service,platform-team,Cache
INC720,Third-party OAuth provider timeout,Third-party OAuth provider timeout affecting production environment with intermittent failures,critical,investigating,2026-01-11T02:41:56.376226,,,oauth-provider|email-service|product-service,devops-team,Security
INC721,Rate limiting misconfiguration,Rate limiting misconfiguration affecting production environment,critical,resolved,2026-01-13T15:39:56.376226,2026-01-15T14:03:56.376226,2026-01-13T19:17:56.376226,frontend|elasticsearch|fulfillment-service,security-team,Application
INC722,Payment service 500 errors,Payment service 500 errors affecting production environment,low,open,2026-01-12T01:56:56.376226,,,fulfillment-service|ci-cd,devops-team,Payments
INC723,API response latency spike,API response latency spike affecting production environment,critical,resolved,2026-01-09T11:28:56.376226,2026-01-11T01:39:56.376226,2026-01-09T14:22:56.376226,checkout-service|read-replica,identity-team,Network
INC724,Database replica lag critical,Database replica lag critical affecting production environment with intermittent failures,low,investigating,2026-01-18T10:53:56.376226,,,cache-service,api-team,Database
INC725,Database replica lag critical,Database replica lag critical affecting production environment,medium,investigating,2026-01-20T03:13:56.376226,,,frontend|session-service,security-team,Database
INC726,Certificate authority unreachable,Certificate authority unreachable affecting production environment with consistent failures,high,investigating,2026-01-20T23:46:56.376226,,,database|logging-service|payment-service,dba-team,Security
INC727,Rate limiting misconfiguration,Rate limiting misconfiguration affecting production environment,medium,open,2026-01-09T23:28:56.376226,,,cache-service|checkout-service,identity-team,Application
INC728,Log aggregation pipeline broken,Log aggregation pipeline broken affecting production environment,critical,resolved,2026-01-15T09:55:56.376226,2026-01-16T18:02:56.376226,2026-01-15T14:32:56.376226,kubernetes|payment-service|order-service,infra-team,Monitoring
INC729,Payment service 500 errors,Payment service 500 errors affecting production environment,high,open,2026-01-20T00:13:56.376226,,,load-balancer|cache-service|rabbitmq,observability-team,Payments
INC730,Service mesh configuration error,Service mesh configuration error affecting production environment,low,resolved,2026-01-19T12:37:56.376226,2026-01-20T16:35:56.376226,2026-01-19T14:22:56.376226,email-service,identity-team,Infrastructure
INC731,Memory leak in search service,Memory leak in search service affecting production environment,low,investigating,2026-01-12T13:25:56.376226,,,load-balancer,infra-team,Application
INC732,SSL certificate expiration warning,SSL certificate expiration warning affecting production environment,critical,investigating,2026-01-11T14:08:56.376226,,,search-service,ops-team,Security
INC733,Certificate authority unreachable,Certificate authority unreachable affecting production environment with consistent failures,medium,open,2026-01-19T20:17:56.376226,,,session-service|search-service|rate-limiter,ops-team,Security
INC734,Payment service 500 errors,Payment service 500 errors affecting production environment with sporadic failures,critical,investigating,2026-01-19T06:31:56.376226,,,kubernetes,platform-team,Payments
INC735,Kubernetes cluster node failure,Kubernetes cluster node failure affecting production environment,critical,resolved,2026-01-08T21:45:56.376226,2026-01-10T06:36:56.376226,2026-01-09T10:56:56.376226,elasticsearch|rate-limiter,security-team,Infrastructure
INC736,Certificate authority unreachable,Certificate authority unreachable affecting production environment,low,investigating,2026-01-15T00:57:56.376226,,,cdn|database,security-team,Security
INC737,Service mesh configuration error,Service mesh configuration error affecting production environment with intermittent failures,critical,investigating,2026-01-12T20:28:56.376226,,,search-service|oauth-provider|ci-cd,platform-team,Infrastructure
INC738,SSL certificate expiration warning,SSL certificate expiration warning affecting production environment with sporadic failures,low,investigating,2026-01-14T07:31:56.376226,,,session-service|payment-service,payments-team,Security
INC739,Third-party OAuth provider timeout,Third-party OAuth provider timeout affecting production environment with sporadic failures,critical,resolved,2026-01-20T19:58:56.376226,2026-01-21T03:30:56.376226,2026-01-21T03:06:56.376226,frontend|order-service,identity-team,Security
INC740,Service mesh configuration error,Service mesh configuration error affecting production environment with consistent failures,high,resolved,2026-01-08T10:27:56.376226,2026-01-08T19:14:56.376226,2026-01-08T23:33:56.376226,oauth-provider|checkout-service|rate-limiter,payments-team,Infrastructure
INC741,Container registry unavailable,Container registry unavailable affecting production environment,critical,resolved,2026-01-16T17:55:56.376226,2026-01-18T13:23:56.376226,2026-01-16T20:47:56.376226,rate-limiter|cache-service|search-service,payments-team,Infrastructure
INC742,Redis cache connection failures,Redis cache connection failures affecting production environment,high,resolved,2026-01-08T08:00:56.376226,2026-01-08T10:00:56.376226,2026-01-08T13:12:56.376226,order-service|auth-service,payments-team,Cache
INC743,Load balancer health check failing,Load balancer health check failing affecting production environment,critical,resolved,2026-01-14T04:05:56.376226,2026-01-15T20:28:56.376226,2026-01-14T05:11:56.376226,ci-cd|fluentd|cdn,security-team,Infrastructure
INC744,Payment service 500 errors,Payment service 500 errors affecting production environment,low,open,2026-01-07T19:10:56.376226,,,kubernetes,ops-team,Payments
INC745,Redis cache connection failures,Redis cache connection failures affecting production environment,medium,resolved,2026-01-10T08:19:56.376226,2026-01-12T02:13:56.376226,2026-01-10T12:49:56.376226,notification-service|api-gateway|session-service,identity-team,Cache
INC746,SSL certificate expiration warning,SSL certificate expiration warning affecting production environment,low,open,2026-01-08T23:13:56.376226,,,oauth-provider|database|auth-service,identity-team,Security
INC747,Service mesh configuration error,Service mesh configuration error affecting production environment,high,resolved,2026-01-20T06:29:56.376226,2026-01-21T04:29:56.376226,2026-01-20T10:16:56.376226,container-registry,search-team,Infrastructure
INC748,Log aggregation pipeline broken,Log aggregation pipeline broken affecting production environment with sporadic failures,high,open,2026-01-14T06:57:56.376226,,,rabbitmq|elasticsearch|fulfillment-service,observability-team,Monitoring
INC749,Load balancer health check failing,Load balancer health check failing affecting production environment,low,resolved,2026-01-07T08:02:56.376226,2026-01-08T05:37:56.376226,2026-01-07T20:43:56.376226,cache-service,observability-team,Infrastructure
INC750,Log aggregation pipeline broken,Log aggregation pipeline broken affecting production environment with intermittent failures,critical,investigating,2026-01-18T07:27:56.376226,,,session-service,platform-team,Monitoring
INC751,Load balancer health check failing,Load balancer health check failing affecting production environment,medium,resolved,2026-01-10T13:24:56.376226,2026-01-12T09:45:56.376226,2026-01-10T22:05:56.376226,kubernetes|load-balancer|fluentd,observability-team,Infrastructure
INC752,Rate limiting misconfiguration,Rate limiting misconfiguration affecting production environment,high,resolved,2026-01-18T06:52:56.376226,2026-01-20T03:33:56.376226,2026-01-18T07:15:56.376226,product-service|rate-limiter|database,payments-team,Application
INC753,Certificate authority unreachable,Certificate authority unreachable affecting production environment,low,resolved,2026-01-13T22:37:56.376226,2026-01-14T11:47:56.376226,2026-01-14T03:19:56.376226,database|order-service|rate-limiter,search-team,Security
INC754,Load balancer health check failing,Load balancer health check failing affecting production environment,medium,resolved,2026-01-06T18:48:56.376226,2026-01-07T12:10:56.376226,2026-01-07T12:34:56.376226,checkout-service|load-balancer|kubernetes,dba-team,Infrastructure
INC755,API response latency spike,API response latency spike affecting production environment with consistent failures,critical,investigating,2026-01-10T09:42:56.376226,,,rate-limiter|product-service,ops-team,Network
INC756,Network latency to cache region,Network latency to cache region affecting production environment with sporadic failures,low,resolved,2026-01-07T09:17:56.376226,2026-01-08T16:10:56.376226,2026-01-07T09:56:56.376226,order-service,devops-team,Network
INC757,Certificate authority unreachable,Certificate authority unreachable affecting production environment with intermittent failures,low,resolved,2026-01-08T00:06:56.376226,2026-01-08T09:01:56.376226,2026-01-08T00:32:56.376226,product-service,payments-team,Security
INC758,Third-party OAuth provider timeout,Third-party OAuth provider timeout affecting production environment with sporadic failures,critical,investigating,2026-01-12T05:18:56.376226,,,order-service,platform-team,Security
INC759,Rate limiting misconfiguration,Rate limiting misconfiguration affecting production environment with intermittent failures,medium,investigating,2026-01-12T03:58:56.376226,,,api-gateway,security-team,Application
INC760,Message queue backlog growing,Message queue backlog growing affecting production environment with consistent failures,high,resolved,2026-01-17T01:35:56.376226,2026-01-18T12:01:56.376226,2026-01-17T05:58:56.376226,payment-service,search-team,Monitoring
INC761,Log aggregation pipeline broken,Log aggregation pipeline broken affecting production environment with consistent failures,high,open,2026-01-13T23:15:56.376226,,,fluentd,dba-team,Monitoring
INC762,Payment service 500 errors,Payment service 500 errors affecting production environment,high,investigating,2026-01-18T23:53:56.376226,,,cdn,ops-team,Payments
INC763,SSL certificate expiration warning,SSL certificate expiration warning affecting production environment with intermittent failures,high,investigating,2026-01-13T16:10:56.376226,,,kubernetes|session-service|elasticsearch,infra-team,Security
INC764,Message queue backlog growing,Message queue backlog growing affecting production environment,high,resolved,2026-01-15T23:10:56.376226,2026-01-17T01:38:56.376226,2026-01-16T01:33:56.376226,notification-service|reporting-service|fulfillment-service,devops-team,Monitoring
INC765,Rate limiting misconfiguration,Rate limiting misconfiguration affecting production environment with sporadic failures,critical,investigating,2026-01-15T04:50:56.376226,,,elasticsearch|payment-service|read-replica,dba-team,Application
INC766,Third-party OAuth provider timeout,Third-party OAuth provider timeout affecting production environment,high,resolved,2026-01-12T14:36:56.376226,2026-01-12T16:37:56.376226,2026-01-12T18:35:56.376226,rabbitmq|cache-service|email-service,security-team,Security
INC767,Log aggregation pipeline broken,Log aggregation pipeline broken affecting production environment with intermittent failures,low,investigating,2026-01-11T14:58:56.376226,,,order-service|user-service,observability-team,Monitoring
INC768,Memory leak in oauth-provider service,Memory leak in oauth-provider service affecting production environment,low,investigating,2026-01-12T02:17:56.376226,,,rabbitmq|fluentd|container-registry,observability-team,Application
INC769,Network latency to kubernetes region,Network latency to kubernetes region affecting production environment with consistent failures,high,investigating,2026-01-17T17:02:56.376226,,,payment-service|fluentd|cdn,dba-team,Infrastructure
INC770,Elasticsearch indexing delays,Elasticsearch indexing delays affecting production environment,medium,investigating,2026-01-13T21:35:56.376226,,,frontend|load-balancer|api-gateway,api-team,Monitoring
INC771,API response latency spike,API response latency spike affecting production environment,medium,investigating,2026-01-10T08:30:56.376226,,,ci-cd|read-replica,search-team,Network
INC772,Service mesh configuration error,Service mesh configuration error affecting production environment with consistent failures,high,resolved,2026-01-14T14:53:56.376226,2026-01-15T20:37:56.376226,2026-01-14T19:23:56.376226,elasticsearch|frontend,payments-team,Infrastructure
INC773,SSL certificate expiration warning,SSL certificate expiration warning affecting production environment with consistent failures,critical,resolved,2026-01-14T22:10:56.376226,2026-01-15T12:39:56.376226,2026-01-15T03:07:56.376226,user-service|elasticsearch,payments-team,Security
INC774,Network latency to product region,Network latency to product region affecting production environment with intermittent failures,critical,open,2026-01-16T03:28:56.376226,,,payment-service|order-service|product-service,security-team,Network
INC775,Message queue backlog growing,Message queue backlog growing affecting production environment,critical,investigating,2026-01-16T07:29:56.376226,,,session-service|notification-service,payments-team,Monitoring
INC776,Load balancer health check failing,Load balancer health check failing affecting production environment,high,open,2026-01-19T19:52:56.376226,,,rabbitmq|session-service,devops-team,Infrastructure
INC777,Rate limiting misconfiguration,Rate limiting misconfiguration affecting production environment with consistent failures,critical,investigating,2026-01-09T11:06:56.376226,,,logging-service|oauth-provider,observability-team,Application
INC778,Rate limiting misconfiguration,Rate limiting misconfiguration affecting production environment,high,open,2026-01-19T14:08:56.376226,,,frontend|cdn|email-service,search-team,Application
INC779,Database replica lag critical,Database replica lag critical affecting production environment with sporadic failures,critical,resolved,2026-01-08T00:11:56.376226,2026-01-08T02:47:56.376226,2026-01-08T03:49:56.376226,rate-limiter|logging-service|fluentd,security-team,Database
INC780,Network latency to container-registry region,Network latency to container-registry region affecting production environment,low,open,2026-01-16T12:02:56.376226,,,rabbitmq,dba-team,Infrastructure
INC781,Redis cache connection failures,Redis cache connection failures affecting production environment with sporadic failures,low,open,2026-01-17T11:37:56.376226,,,cache-service,platform-team,Cache
INC782,Elasticsearch indexing delays,Elasticsearch indexing delays affecting production environment with sporadic failures,critical,resolved,2026-01-13T12:28:56.376226,2026-01-14T21:23:56.376226,2026-01-13T13:09:56.376226,search-service,search-team,Monitoring
INC783,Kubernetes cluster node failure,Kubernetes cluster node failure affecting production environment,high,investigating,2026-01-10T20:33:56.376226,,,reporting-service,payments-team,Infrastructure
INC784,Third-party OAuth provider timeout,Third-party OAuth provider timeout affecting production environment,high,open,2026-01-09T03:52:56.376226,,,checkout-service|user-service|fulfillment-service,infra-team,Security
INC785,Kubernetes cluster node failure,Kubernetes cluster node failure affecting production environment,low,investigating,2026-01-12T21:46:56.376226,,,frontend,infra-team,Infrastructure
INC786,CDN cache invalidation stuck,CDN cache invalidation stuck affecting production environment,low,open,2026-01-10T02:14:56.376226,,,rabbitmq|email-service|database,dba-team,Cache
INC787,Disk space critical on cdn nodes,Disk space critical on cdn nodes affecting production environment with consistent failures,low,investigating,2026-01-14T11:52:56.376226,,,database,ops-team,Storage
INC788,Log aggregation pipeline broken,Log aggregation pipeline broken affecting production environment with intermittent failures,high,resolved,2026-01-16T15:32:56.376226,2026-01-17T08:20:56.376226,2026-01-16T20:19:56.376226,container-registry|rate-limiter|payment-service,security-team,Monitoring
INC789,Service mesh configuration error,Service mesh configuration error affecting production environment,low,resolved,2026-01-15T01:16:56.376226,2026-01-15T11:39:56.376226,2026-01-15T18:12:56.376226,checkout-service|rate-limiter|email-service,dba-team,Infrastructure
INC790,Log aggregation pipeline broken,Log aggregation pipeline broken affecting production environment with sporadic failures,critical,open,2026-01-14T13:44:56.376226,,,checkout-service|auth-service|user-service,identity-team,Monitoring
INC791,CDN cache invalidation stuck,CDN cache invalidation stuck affecting production environment with sporadic failures,critical,investigating,2026-01-20T10:44:56.376226,,,checkout-service,dba-team,Cache
INC792,Service mesh configuration error,Service mesh configuration error affecting production environment,low,investigating,2026-01-17T22:19:56.376226,,,elasticsearch,dba-team,Infrastructure
INC793,CDN cache invalidation stuck,CDN cache invalidation stuck affecting production environment with intermittent failures,high,resolved,2026-01-12T14:42:56.376226,2026-01-14T13:10:56.376226,2026-01-13T00:26:56.376226,email-service|ci-cd,infra-team,Cache
INC794,Database replica lag critical,Database replica lag critical affecting production environment,high,open,2026-01-21T16:34:56.376226,,,auth-service|fulfillment-service|database,ops-team,Database
INC795,Database connection timeout,Database connection timeout affecting production environment with consistent failures,critical,resolved,2026-01-17T14:30:56.376226,2026-01-19T01:31:56.376226,2026-01-18T10:02:56.376226,oauth-provider|ci-cd|order-service,infra-team,Database
INC796,Container registry unavailable,Container registry unavailable affecting production environment with consistent failures,critical,resolved,2026-01-06T21:55:56.376226,2026-01-07T22:54:56.376226,2026-01-07T18:49:56.376226,oauth-provider,ops-team,Infrastructure
INC797,Elasticsearch indexing delays,Elasticsearch indexing delays affecting production environment with consistent failures,high,open,2026-01-08T14:06:56.376226,,,rate-limiter|fluentd,platform-team,Monitoring
INC798,Elasticsearch indexing delays,Elasticsearch indexing delays affecting production environment with consistent failures,low,investigating,2026-01-14T17:11:56.376226,,,notification-service|auth-service|load-balancer,observability-team,Monitoring
INC799,Container registry unavailable,Container registry unavailable affecting production environment,high,resolved,2026-01-15T09:36:56.376226,2026-01-16T21:48:56.376226,2026-01-15T10:25:56.376226,elasticsearch|rabbitmq|ci-cd,observability-team,Infrastructure
INC800,Certificate authority unreachable,Certificate authority unreachable affecting production environment with intermittent failures,medium,resolved,2026-01-07T22:42:56.376226,2026-01-09T12:36:56.376226,2026-01-08T12:04:56.376226,read-replica,security-team,Security
INC801,Redis cache connection failures,Redis cache connection failures affecting production environment with intermittent failures,high,resolved,2026-01-15T08:26:56.376226,2026-01-16T13:07:56.376226,2026-01-15T21:16:56.376226,container-registry|user-service|kubernetes,infra-team,Cache
INC802,Log aggregation pipeline broken,Log aggregation pipeline broken affecting production environment with consistent failures,high,open,2026-01-17T10:55:56.376226,,,product-service|read-replica,ops-team,Monitoring
INC803,Elasticsearch indexing delays,Elasticsearch indexing delays affecting production environment,critical,investigating,2026-01-10T04:31:56.376226,,,rate-limiter|auth-service|elasticsearch,platform-team,Monitoring
INC804,Log aggregation pipeline broken,Log aggregation pipeline broken affecting production environment with intermittent failures,medium,open,2026-01-12T03:30:56.376226,,,container-registry|order-service|auth-service,identity-team,Monitoring
INC805,Log aggregation pipeline broken,Log aggregation pipeline broken affecting production environment with sporadic failures,high,investigating,2026-01-09T21:56:56.376226,,,search-service,ops-team,Monitoring
INC806,Database replica lag critical,Database replica lag critical affecting production environment with intermittent failures,low,resolved,2026-01-16T09:14:56.376226,2026-01-16T16:54:56.376226,2026-01-16T13:39:56.376226,rabbitmq|order-service,api-team,Database
INC807,API response latency spike,API response latency spike affecting production environment with consistent failures,high,resolved,2026-01-07T22:29:56.376226,2026-01-09T03:32:56.376226,2026-01-08T06:16:56.376226,fulfillment-service|container-registry,search-team,Network
INC808,Payment service 500 errors,Payment service 500 errors affecting production environment,low,resolved,2026-01-07T04:20:56.376226,2026-01-08T05:45:56.376226,2026-01-07T09:54:56.376226,fulfillment-service,search-team,Payments
INC809,Elasticsearch indexing delays,Elasticsearch indexing delays affecting production environment with sporadic failures,low,investigating,2026-01-13T09:16:56.376226,,,fulfillment-service|order-service,infra-team,Monitoring
INC810,Database connection timeout,Database connection timeout affecting production environment,high,resolved,2026-01-09T21:32:56.376226,2026-01-09T23:10:56.376226,2026-01-09T22:16:56.376226,api-gateway|rabbitmq|rate-limiter,platform-team,Database
INC811,Service mesh configuration error,Service mesh configuration error affecting production environment,high,investigating,2026-01-13T10:12:56.376226,,,oauth-provider|checkout-service|email-service,payments-team,Infrastructure
INC812,API response latency spike,API response latency spike affecting production environment,high,resolved,2026-01-13T11:07:56.376226,2026-01-14T10:26:56.376226,2026-01-13T12:46:56.376226,reporting-service|logging-service|payment-service,payments-team,Network
INC813,Load balancer health check failing,Load balancer health check failing affecting production environment,high,investigating,2026-01-11T18:59:56.376226,,,ci-cd|payment-service|user-service,platform-team,Infrastructure
INC814,Disk space critical on load-balancer nodes,Disk space critical on load-balancer nodes affecting production environment with intermittent failures,critical,investigating,2026-01-10T15:24:56.376226,,,rate-limiter,api-team,Storage
INC815,Database replica lag critical,Database replica lag critical affecting production environment,critical,investigating,2026-01-18T05:20:56.376226,,,rabbitmq|search-service|fulfillment-service,security-team,Database
INC816,Log aggregation pipeline broken,Log aggregation pipeline broken affecting production environment,low,investigating,2026-01-20T19:57:56.376226,,,auth-service,observability-team,Monitoring
INC817,Elasticsearch indexing delays,Elasticsearch indexing delays affecting production environment with consistent failures,medium,open,2026-01-14T18:15:56.376226,,,rate-limiter|elasticsearch,search-team,Monitoring
INC818,Redis cache connection failures,Redis cache connection failures affecting production environment,low,investigating,2026-01-06T20:48:56.376226,,,reporting-service,api-team,Cache
INC819,SSL certificate expiration warning,SSL certificate expiration warning affecting production environment,medium,resolved,2026-01-16T05:28:56.376226,2026-01-16T07:40:56.376226,2026-01-17T04:33:56.376226,session-service,payments-team,Security
INC820,Elasticsearch indexing delays,Elasticsearch indexing delays affecting production environment with sporadic failures,medium,investigating,2026-01-20T11:41:56.376226,,,notification-service,ops-team,Monitoring
INC821,Kubernetes cluster node failure,Kubernetes cluster node failure affecting production environment with intermittent failures,low,resolved,2026-01-09T07:07:56.376226,2026-01-09T15:28:56.376226,2026-01-09T10:08:56.376226,session-service,identity-team,Infrastructure
INC822,Elasticsearch indexing delays,Elasticsearch indexing delays affecting production environment,high,resolved,2026-01-09T11:17:56.376226,2026-01-11T04:13:56.376226,2026-01-10T06:40:56.376226,fluentd|api-gateway,api-team,Monitoring
INC823,SSL certificate expiration warning,SSL certificate expiration warning affecting production environment with intermittent failures,medium,open,2026-01-15T07:10:56.376226,,,search-service|fulfillment-service,search-team,Security
INC824,Elasticsearch indexing delays,Elasticsearch indexing delays affecting production environment with sporadic failures,medium,resolved,2026-01-10T22:46:56.376226,2026-01-11T14:49:56.376226,2026-01-11T07:22:56.376226,rate-limiter|cache-service|kubernetes,payments-team,Monitoring
INC825,Disk space critical on rabbitmq nodes,Disk space critical on rabbitmq nodes affecting production environment with intermittent failures,low,investigating,2026-01-19T16:05:56.376226,,,checkout-service,dba-team,Storage
INC826,Container registry unavailable,Container registry unavailable affecting production environment with sporadic failures,high,investigating,2026-01-15T08:37:56.376226,,,fluentd|product-service,dba-team,Infrastructure
INC827,Load balancer health check failing,Load balancer health check failing affecting production environment with consistent failures,critical,resolved,2026-01-19T13:07:56.376226,2026-01-19T16:20:56.376226,2026-01-19T13:44:56.376226,notification-service,identity-team,Infrastructure
INC828,Elasticsearch indexing delays,Elasticsearch indexing delays affecting production environment,high,investigating,2026-01-21T07:02:56.376226,,,load-balancer,infra-team,Monitoring
INC829,CDN cache invalidation stuck,CDN cache invalidation stuck affecting production environment with intermittent failures,low,investigating,2026-01-14T10:48:56.376226,,,rabbitmq,ops-team,Cache
INC830,Rate limiting misconfiguration,Rate limiting misconfiguration affecting production environment with consistent failures,critical,investigating,2026-01-19T09:46:56.376226,,,cdn|auth-service,payments-team,Application
INC831,Rate limiting misconfiguration,Rate limiting misconfiguration affecting production environment,low,investigating,2026-01-20T20:44:56.376226,,,read-replica|reporting-service|container-registry,api-team,Application
INC832,CDN cache invalidation stuck,CDN cache invalidation stuck affecting production environment with intermittent failures,low,open,2026-01-11T20:00:56.376226,,,search-service,platform-team,Cache
INC833,Database replica lag critical,Database replica lag critical affecting production environment,high,open,2026-01-18T13:34:56.376226,,,elasticsearch|reporting-service|cache-service,ops-team,Database
INC834,Third-party OAuth provider timeout,Third-party OAuth provider timeout affecting production environment,high,investigating,2026-01-13T13:14:56.376226,,,auth-service|database|container-registry,dba-team,Security
INC835,SSL certificate expiration warning,SSL certificate expiration warning affecting production environment with intermittent failures,medium,resolved,2026-01-18T00:56:56.376226,2026-01-18T16:29:56.376226,2026-01-18T13:47:56.376226,rate-limiter|reporting-service|logging-service,identity-team,Security
INC836,Rate limiting misconfiguration,Rate limiting misconfiguration affecting production environment,low,investigating,2026-01-20T00:53:56.376226,,,frontend|notification-service|oauth-provider,identity-team,Application
INC837,Network latency to auth region,Network latency to auth region affecting production environment,medium,investigating,2026-01-17T18:57:56.376226,,,load-balancer|product-service|search-service,platform-team,Network
INC838,Log aggregation pipeline broken,Log aggregation pipeline broken affecting production environment,critical,investigating,2026-01-07T13:16:56.376226,,,payment-service,payments-team,Monitoring
INC839,Database replica lag critical,Database replica lag critical affecting production environment with sporadic failures,critical,investigating,2026-01-12T21:00:56.376226,,,notification-service|database,api-team,Database
INC840,Database replica lag critical,Database replica lag critical affecting production environment with consistent failures,high,open,2026-01-08T22:09:56.376226,,,checkout-service|user-service|load-balancer,devops-team,Database
INC841,Load balancer health check failing,Load balancer health check failing affecting production environment,medium,open,2026-01-21T06:44:56.376226,,,email-service,security-team,Infrastructure
INC842,Disk space critical on api-gateway nodes,Disk space critical on api-gateway nodes affecting production environment,high,resolved,2026-01-06T23:46:56.376226,2026-01-08T03:11:56.376226,2026-01-07T02:04:56.376226,order-service,payments-team,Storage
INC843,Network latency to frontend region,Network latency to frontend region affecting production environment,low,investigating,2026-01-21T00:34:56.376226,,,session-service,search-team,Network
INC844,Load balancer health check failing,Load balancer health check failing affecting production environment,high,resolved,2026-01-10T11:11:56.376226,2026-01-12T07:40:56.376226,2026-01-10T12:17:56.376226,notification-service|auth-service,payments-team,Infrastructure
INC845,Rate limiting misconfiguration,Rate limiting misconfiguration affecting production environment,critical,resolved,2026-01-21T13:22:56.376226,2026-01-22T21:51:56.376226,2026-01-21T20:24:56.376226,rabbitmq|user-service,api-team,Application
INC846,Third-party OAuth provider timeout,Third-party OAuth provider timeout affecting production environment with consistent failures,high,resolved,2026-01-20T17:16:56.376226,2026-01-21T13:41:56.376226,2026-01-21T14:59:56.376226,load-balancer|rate-limiter|kubernetes,payments-team,Security
INC847,Log aggregation pipeline broken,Log aggregation pipeline broken affecting production environment,critical,resolved,2026-01-18T12:32:56.376226,2026-01-19T15:16:56.376226,2026-01-18T13:50:56.376226,email-service,payments-team,Monitoring
INC848,CDN cache invalidation stuck,CDN cache invalidation stuck affecting production environment with sporadic failures,high,resolved,2026-01-20T21:10:56.376226,2026-01-22T20:56:56.376226,2026-01-20T23:28:56.376226,database,search-team,Cache
INC849,Network latency to order region,Network latency to order region affecting production environment with intermittent failures,low,resolved,2026-01-19T04:52:56.376226,2026-01-20T10:02:56.376226,2026-01-19T06:17:56.376226,notification-service|read-replica,ops-team,Network
INC850,Rate limiting misconfiguration,Rate limiting misconfiguration affecting production environment,critical,investigating,2026-01-10T06:28:56.376226,,,cache-service,api-team,Application
INC851,SSL certificate expiration warning,SSL certificate expiration warning affecting production environment,critical,investigating,2026-01-17T02:11:56.376226,,,payment-service|database,security-team,Security
INC852,Kubernetes cluster node failure,Kubernetes cluster node failure affecting production environment,low,resolved,2026-01-07T23:44:56.376226,2026-01-08T08:18:56.376226,2026-01-08T01:52:56.376226,cdn|checkout-service|api-gateway,observability-team,Infrastructure
INC853,Database connection timeout,Database connection timeout affecting production environment with intermittent failures,critical,investigating,2026-01-17T20:23:56.376226,,,reporting-service|notification-service|oauth-provider,ops-team,Database
INC854,Disk space critical on container-registry nodes,Disk space critical on container-registry nodes affecting production environment with sporadic failures,low,investigating,2026-01-18T03:54:56.376226,,,fulfillment-service,ops-team,Infrastructure
INC855,API response latency spike,API response latency spike affecting production environment with intermittent failures,medium,investigating,2026-01-21T01:38:56.376226,,,auth-service,search-team,Network
INC856,Database connection timeout,Database connection timeout affecting production environment with consistent failures,medium,resolved,2026-01-16T20:40:56.376226,2026-01-17T04:31:56.376226,2026-01-17T02:50:56.376226,checkout-service|elasticsearch|user-service,search-team,Database
INC857,Disk space critical on order nodes,Disk space critical on order nodes affecting production environment with consistent failures,medium,resolved,2026-01-10T11:51:56.376226,2026-01-11T15:58:56.376226,2026-01-10T13:36:56.376226,notification-service,api-team,Storage
INC858,Message queue backlog growing,Message queue backlog growing affecting production environment,low,investigating,2026-01-17T04:26:56.376226,,,notification-service|oauth-provider,platform-team,Monitoring
INC859,Payment service 500 errors,Payment service 500 errors affecting production environment with consistent failures,high,open,2026-01-08T00:52:56.376226,,,logging-service|fulfillment-service,identity-team,Payments
INC860,Memory leak in fluentd service,Memory leak in fluentd service affecting production environment with sporadic failures,medium,investigating,2026-01-08T13:46:56.376226,,,fluentd|cdn|ci-cd,payments-team,Application
INC861,Database replica lag critical,Database replica lag critical affecting production environment,high,resolved,2026-01-13T20:47:56.376226,2026-01-13T23:25:56.376226,2026-01-14T00:42:56.376226,oauth-provider|cdn|read-replica,observability-team,Database
INC862,Elasticsearch indexing delays,Elasticsearch indexing delays affecting production environment with sporadic failures,low,open,2026-01-07T14:14:56.376226,,,session-service,platform-team,Monitoring
INC863,Log aggregation pipeline broken,Log aggregation pipeline broken affecting production environment with sporadic failures,low,open,2026-01-09T05:57:56.376226,,,notification-service|payment-service,search-team,Monitoring
INC864,Redis cache connection failures,Redis cache connection failures affecting production environment with intermittent failures,critical,investigating,2026-01-12T15:16:56.376226,,,read-replica,search-team,Cache
INC865,Third-party OAuth provider timeout,Third-party OAuth provider timeout affecting production environment with intermittent failures,high,investigating,2026-01-10T01:00:56.376226,,,ci-cd,platform-team,Security
INC866,Elasticsearch indexing delays,Elasticsearch indexing delays affecting production environment with consistent failures,high,open,2026-01-14T14:26:56.376226,,,kubernetes,identity-team,Monitoring
INC867,Payment service 500 errors,Payment service 500 errors affecting production environment with intermittent failures,medium,open,2026-01-08T20:37:56.376226,,,reporting-service|load-balancer|rate-limiter,platform-team,Payments
INC868,Elasticsearch indexing delays,Elasticsearch indexing delays affecting production environment with consistent failures,critical,investigating,2026-01-10T01:53:56.376226,,,fulfillment-service,platform-team,Monitoring
INC869,Third-party OAuth provider timeout,Third-party OAuth provider timeout affecting production environment,critical,resolved,2026-01-20T09:31:56.376226,2026-01-21T09:56:56.376226,2026-01-20T14:58:56.376226,checkout-service|database,identity-team,Security
INC870,Log aggregation pipeline broken,Log aggregation pipeline broken affecting production environment with sporadic failures,critical,resolved,2026-01-07T06:53:56.376226,2026-01-07T13:41:56.376226,2026-01-07T08:33:56.376226,fulfillment-service|reporting-service,payments-team,Monitoring
INC871,Network latency to elasticsearch region,Network latency to elasticsearch region affecting production environment,critical,investigating,2026-01-15T13:56:56.376226,,,search-service,payments-team,Network
INC872,Load balancer health check failing,Load balancer health check failing affecting production environment,medium,open,2026-01-07T11:12:56.376226,,,product-service|database|cdn,search-team,Infrastructure
INC873,Container registry unavailable,Container registry unavailable affecting production environment with consistent failures,critical,resolved,2026-01-08T08:22:56.376226,2026-01-08T12:20:56.376226,2026-01-08T22:34:56.376226,cdn,devops-team,Infrastructure
INC874,Kubernetes cluster node failure,Kubernetes cluster node failure affecting production environment,critical,resolved,2026-01-12T11:11:56.376226,2026-01-13T19:51:56.376226,2026-01-12T15:01:56.376226,product-service|fluentd|user-service,observability-team,Infrastructure
INC875,Container registry unavailable,Container registry unavailable affecting production environment with sporadic failures,medium,open,2026-01-13T20:24:56.376226,,,container-registry|fluentd,observability-team,Infrastructure
INC876,Database connection timeout,Database connection timeout affecting production environment with sporadic failures,medium,investigating,2026-01-16T09:09:56.376226,,,cache-service,platform-team,Database
INC877,Certificate authority unreachable,Certificate authority unreachable affecting production environment with sporadic failures,medium,open,2026-01-07T21:07:56.376226,,,cdn|fluentd|rabbitmq,api-team,Security
INC878,Disk space critical on notification nodes,Disk space critical on notification nodes affecting production environment with intermittent failures,critical,resolved,2026-01-15T16:22:56.376226,2026-01-16T17:59:56.376226,2026-01-15T17:01:56.376226,elasticsearch|frontend,api-team,Storage
INC879,Memory leak in container-registry service,Memory leak in container-registry service affecting production environment with consistent failures,medium,investigating,2026-01-18T01:25:56.376226,,,cdn|fluentd|session-service,ops-team,Application
INC880,Kubernetes cluster node failure,Kubernetes cluster node failure affecting production environment with intermittent failures,low,open,2026-01-19T16:52:56.376226,,,frontend|container-registry|session-service,search-team,Infrastructure
INC881,Kubernetes cluster node failure,Kubernetes cluster node failure affecting production environment,medium,resolved,2026-01-09T00:57:56.376226,2026-01-09T13:29:56.376226,2026-01-09T06:21:56.376226,oauth-provider,devops-team,Infrastructure
INC882,Redis cache connection failures,Redis cache connection failures affecting production environment,low,resolved,2026-01-09T00:42:56.376226,2026-01-10T04:10:56.376226,2026-01-09T08:16:56.376226,fulfillment-service|order-service|kubernetes,observability-team,Cache
INC883,Kubernetes cluster node failure,Kubernetes cluster node failure affecting production environment,low,investigating,2026-01-08T02:30:56.376226,,,auth-service|rabbitmq,platform-team,Infrastructure
INC884,Load balancer health check failing,Load balancer health check failing affecting production environment,low,open,2026-01-07T03:14:56.376226,,,ci-cd,devops-team,Infrastructure
INC885,API response latency spike,API response latency spike affecting production environment,low,investigating,2026-01-16T11:14:56.376226,,,database|logging-service,infra-team,Network
INC886,Certificate authority unreachable,Certificate authority unreachable affecting production environment,high,resolved,2026-01-21T04:46:56.376226,2026-01-21T21:09:56.376226,2026-01-21T16:55:56.376226,cdn|fulfillment-service|user-service,infra-team,Security
INC887,Database replica lag critical,Database replica lag critical affecting production environment with intermittent failures,critical,resolved,2026-01-20T22:27:56.376226,2026-01-22T13:34:56.376226,2026-01-21T20:32:56.376226,cache-service|fluentd|logging-service,platform-team,Database
INC888,Message queue backlog growing,Message queue backlog growing affecting production environment,critical,investigating,2026-01-17T04:27:56.376226,,,product-service|kubernetes|user-service,infra-team,Monitoring
INC889,Rate limiting misconfiguration,Rate limiting misconfiguration affecting production environment,critical,resolved,2026-01-12T08:25:56.376226,2026-01-13T16:07:56.376226,2026-01-14T00:11:56.376226,order-service|elasticsearch|cdn,security-team,Application
INC890,Certificate authority unreachable,Certificate authority unreachable affecting production environment,medium,resolved,2026-01-21T13:16:56.376226,2026-01-23T11:48:56.376226,2026-01-21T19:07:56.376226,payment-service,identity-team,Security
INC891,Payment service 500 errors,Payment service 500 errors affecting production environment,critical,resolved,2026-01-14T16:00:56.376226,2026-01-15T08:15:56.376226,2026-01-14T19:12:56.376226,checkout-service,observability-team,Payments
INC892,Payment service 500 errors,Payment service 500 errors affecting production environment,low,open,2026-01-21T05:23:56.376226,,,logging-service|cache-service,platform-team,Payments
INC893,CDN cache invalidation stuck,CDN cache invalidation stuck affecting production environment with sporadic failures,low,resolved,2026-01-09T12:06:56.376226,2026-01-11T11:37:56.376226,2026-01-09T18:25:56.376226,rate-limiter,infra-team,Cache
INC894,Elasticsearch indexing delays,Elasticsearch indexing delays affecting production environment with sporadic failures,low,resolved,2026-01-12T07:24:56.376226,2026-01-14T06:11:56.376226,2026-01-12T08:24:56.376226,elasticsearch|cdn|container-registry,observability-team,Monitoring
INC895,Network latency to kubernetes region,Network latency to kubernetes region affecting production environment,medium,open,2026-01-10T21:44:56.376226,,,order-service,api-team,Infrastructure
INC896,Database replica lag critical,Database replica lag critical affecting production environment with intermittent failures,low,resolved,2026-01-11T23:20:56.376226,2026-01-12T20:44:56.376226,2026-01-12T01:28:56.376226,elasticsearch|auth-service|session-service,ops-team,Database
INC897,Service mesh configuration error,Service mesh configuration error affecting production environment with consistent failures,critical,resolved,2026-01-20T22:59:56.376226,2026-01-22T18:37:56.376226,2026-01-22T18:39:56.376226,email-service|order-service|cdn,ops-team,Infrastructure
INC898,Network latency to kubernetes region,Network latency to kubernetes region affecting production environment,medium,investigating,2026-01-20T01:57:56.376226,,,oauth-provider|payment-service|fulfillment-service,security-team,Infrastructure
INC899,SSL certificate expiration warning,SSL certificate expiration warning affecting production environment with sporadic failures,low,resolved,2026-01-12T03:58:56.376226,2026-01-14T01:05:56.376226,2026-01-12T11:29:56.376226,kubernetes|fluentd,devops-team,Security
INC900,Load balancer health check failing,Load balancer health check failing affecting production environment with intermittent failures,critical,investigating,2026-01-19T04:35:56.376226,,,notification-service|kubernetes|elasticsearch,platform-team,Infrastructure
INC901,API response latency spike,API response latency spike affecting production environment with intermittent failures,critical,resolved,2026-01-16T23:27:56.376226,2026-01-18T11:52:56.376226,2026-01-17T08:11:56.376226,frontend|ci-cd,identity-team,Network
INC902,Message queue backlog growing,Message queue backlog growing affecting production environment with consistent failures,low,resolved,2026-01-18T03:44:56.376226,2026-01-20T01:43:56.376226,2026-01-18T15:40:56.376226,fluentd,dba-team,Monitoring
INC903,Container registry unavailable,Container registry unavailable affecting production environment,high,resolved,2026-01-19T20:20:56.376226,2026-01-21T18:39:56.376226,2026-01-21T04:48:56.376226,container-registry|checkout-service,devops-team,Infrastructure
INC904,SSL certificate expiration warning,SSL certificate expiration warning affecting production environment,critical,investigating,2026-01-19T17:38:56.376226,,,container-registry|auth-service|product-service,devops-team,Security
INC905,Memory leak in ci-cd service,Memory leak in ci-cd service affecting production environment with intermittent failures,critical,investigating,2026-01-06T21:48:56.376226,,,checkout-service|user-service,api-team,Application
INC906,Disk space critical on container-registry nodes,Disk space critical on container-registry nodes affecting production environment,critical,investigating,2026-01-06T21:41:56.376226,,,database|session-service,devops-team,Infrastructure
INC907,Kubernetes cluster node failure,Kubernetes cluster node failure affecting production environment with consistent failures,low,investigating,2026-01-20T14:50:56.376226,,,container-registry|oauth-provider,infra-team,Infrastructure
INC908,Database connection timeout,Database connection timeout affecting production environment,low,open,2026-01-14T15:08:56.376226,,,email-service|auth-service|rabbitmq,devops-team,Database
INC909,Service mesh configuration error,Service mesh configuration error affecting production environment,low,resolved,2026-01-09T06:56:56.376226,2026-01-11T01:40:56.376226,2026-01-09T09:54:56.376226,session-service|rabbitmq,payments-team,Infrastructure
INC910,Memory leak in search service,Memory leak in search service affecting production environment,medium,investigating,2026-01-20T16:27:56.376226,,,reporting-service|load-balancer,dba-team,Application
INC911,Disk space critical on database nodes,Disk space critical on database nodes affecting production environment,low,open,2026-01-16T21:37:56.376226,,,fluentd|checkout-service|auth-service,dba-team,Database
INC912,Rate limiting misconfiguration,Rate limiting misconfiguration affecting production environment with intermittent failures,low,open,2026-01-16T01:07:56.376226,,,api-gateway,dba-team,Application
INC913,CDN cache invalidation stuck,CDN cache invalidation stuck affecting production environment with intermittent failures,low,open,2026-01-15T03:49:56.376226,,,checkout-service|frontend|ci-cd,ops-team,Cache
INC914,Elasticsearch indexing delays,Elasticsearch indexing delays affecting production environment,high,resolved,2026-01-15T08:34:56.376226,2026-01-16T22:05:56.376226,2026-01-15T09:55:56.376226,search-service|read-replica|product-service,devops-team,Monitoring
INC915,Network latency to read-replica region,Network latency to read-replica region affecting production environment,low,resolved,2026-01-19T19:41:56.376226,2026-01-19T22:53:56.376226,2026-01-19T22:54:56.376226,session-service,platform-team,Network
INC916,SSL certificate expiration warning,SSL certificate expiration warning affecting production environment with intermittent failures,high,investigating,2026-01-09T18:05:56.376226,,,api-gateway|reporting-service,security-team,Security
INC917,CDN cache invalidation stuck,CDN cache invalidation stuck affecting production environment,medium,investigating,2026-01-13T20:42:56.376226,,,frontend|fluentd|payment-service,dba-team,Cache
INC918,Redis cache connection failures,Redis cache connection failures affecting production environment,high,resolved,2026-01-18T14:38:56.376226,2026-01-20T13:01:56.376226,2026-01-18T22:56:56.376226,ci-cd|container-registry|load-balancer,dba-team,Cache
INC919,Certificate authority unreachable,Certificate authority unreachable affecting production environment,medium,investigating,2026-01-19T07:50:56.376226,,,fulfillment-service,platform-team,Security
INC920,Payment service 500 errors,Payment service 500 errors affecting production environment,low,resolved,2026-01-15T07:30:56.376226,2026-01-16T06:10:56.376226,2026-01-15T09:11:56.376226,product-service,infra-team,Payments
INC921,CDN cache invalidation stuck,CDN cache invalidation stuck affecting production environment,medium,investigating,2026-01-06T21:50:56.376226,,,cdn,api-team,Cache
INC922,Memory leak in checkout service,Memory leak in checkout service affecting production environment with consistent failures,critical,resolved,2026-01-20T04:01:56.376226,2026-01-20T22:39:56.376226,2026-01-20T18:09:56.376226,user-service,payments-team,Application
INC923,Database replica lag critical,Database replica lag critical affecting production environment with consistent failures,medium,investigating,2026-01-19T18:09:56.376226,,,reporting-service|fulfillment-service|kubernetes,search-team,Database
INC924,Load balancer health check failing,Load balancer health check failing affecting production environment with consistent failures,low,resolved,2026-01-15T16:35:56.376226,2026-01-17T11:43:56.376226,2026-01-15T19:01:56.376226,cdn,devops-team,Infrastructure
INC925,CDN cache invalidation stuck,CDN cache invalidation stuck affecting production environment,high,resolved,2026-01-19T02:09:56.376226,2026-01-20T17:35:56.376226,2026-01-19T04:26:56.376226,oauth-provider|checkout-service|product-service,identity-team,Cache
INC926,Disk space critical on session nodes,Disk space critical on session nodes affecting production environment,critical,resolved,2026-01-20T01:45:56.376226,2026-01-21T19:39:56.376226,2026-01-20T03:51:56.376226,session-service,search-team,Storage
INC927,Database replica lag critical,Database replica lag critical affecting production environment with sporadic failures,low,open,2026-01-18T01:31:56.376226,,,rabbitmq,ops-team,Database
INC928,Payment service 500 errors,Payment service 500 errors affecting production environment with sporadic failures,critical,investigating,2026-01-15T17:34:56.376226,,,database|read-replica,observability-team,Payments
INC929,Network latency to fluentd region,Network latency to fluentd region affecting production environment,low,resolved,2026-01-10T17:26:56.376226,2026-01-12T15:53:56.376226,2026-01-10T18:43:56.376226,reporting-service|elasticsearch|product-service,platform-team,Network
INC930,Disk space critical on ci-cd nodes,Disk space critical on ci-cd nodes affecting production environment with sporadic failures,critical,resolved,2026-01-15T01:37:56.376226,2026-01-15T07:00:56.376226,2026-01-15T14:21:56.376226,read-replica,infra-team,Storage
INC931,API response latency spike,API response latency spike affecting production environment,critical,investigating,2026-01-21T15:41:56.376226,,,kubernetes|logging-service|order-service,security-team,Network
INC932,Third-party OAuth provider timeout,Third-party OAuth provider timeout affecting production environment,high,open,2026-01-07T18:06:56.376226,,,cdn|notification-service|session-service,observability-team,Security
INC933,Disk space critical on load-balancer nodes,Disk space critical on load-balancer nodes affecting production environment with consistent failures,critical,resolved,2026-01-12T03:48:56.376226,2026-01-12T10:48:56.376226,2026-01-12T19:01:56.376226,elasticsearch|checkout-service,search-team,Storage
INC934,Message queue backlog growing,Message queue backlog growing affecting production environment,critical,investigating,2026-01-15T11:23:56.376226,,,frontend,api-team,Monitoring
INC935,Load balancer health check failing,Load balancer health check failing affecting production environment,high,open,2026-01-14T06:49:56.376226,,,product-service|frontend,payments-team,Infrastructure
INC936,Network latency to rate-limiter region,Network latency to rate-limiter region affecting production environment,critical,investigating,2026-01-12T17:53:56.376226,,,product-service,platform-team,Network
INC937,Memory leak in notification service,Memory leak in notification service affecting production environment,medium,investigating,2026-01-13T17:47:56.376226,,,checkout-service,observability-team,Application
INC938,Redis cache connection failures,Redis cache connection failures affecting production environment with sporadic failures,high,open,2026-01-13T10:01:56.376226,,,rate-limiter|ci-cd,payments-team,Cache
INC939,Database replica lag critical,Database replica lag critical affecting production environment with consistent failures,critical,open,2026-01-07T18:34:56.376226,,,product-service,dba-team,Database
INC940,Database connection timeout,Database connection timeout affecting production environment with intermittent failures,low,resolved,2026-01-20T04:53:56.376226,2026-01-21T20:40:56.376226,2026-01-20T11:33:56.376226,frontend,identity-team,Database
INC941,Third-party OAuth provider timeout,Third-party OAuth provider timeout affecting production environment,low,investigating,2026-01-10T13:35:56.376226,,,read-replica|checkout-service|email-service,security-team,Security
INC942,Memory leak in kubernetes service,Memory leak in kubernetes service affecting production environment,medium,resolved,2026-01-20T07:38:56.376226,2026-01-21T15:23:56.376226,2026-01-20T11:06:56.376226,fluentd,dba-team,Application
INC943,Certificate authority unreachable,Certificate authority unreachable affecting production environment,medium,open,2026-01-07T22:51:56.376226,,,cache-service,platform-team,Security
INC944,SSL certificate expiration warning,SSL certificate expiration warning affecting production environment,medium,open,2026-01-19T19:50:56.376226,,,read-replica|session-service,observability-team,Security
INC945,Elasticsearch indexing delays,Elasticsearch indexing delays affecting production environment,critical,investigating,2026-01-13T14:29:56.376226,,,order-service|cache-service,infra-team,Monitoring
INC946,CDN cache invalidation stuck,CDN cache invalidation stuck affecting production environment with sporadic failures,critical,investigating,2026-01-06T18:29:56.376226,,,elasticsearch|search-service|notification-service,security-team,Cache
INC947,Load balancer health check failing,Load balancer health check failing affecting production environment,low,investigating,2026-01-09T02:57:56.376226,,,search-service|session-service,api-team,Infrastructure
INC948,Memory leak in ci-cd service,Memory leak in ci-cd service affecting production environment,medium,investigating,2026-01-12T18:17:56.376226,,,elasticsearch|logging-service,devops-team,Application
INC949,Disk space critical on fulfillment nodes,Disk space critical on fulfillment nodes affecting production environment,high,open,2026-01-16T06:31:56.376226,,,payment-service,observability-team,Storage
INC950,Certificate authority unreachable,Certificate authority unreachable affecting production environment,medium,open,2026-01-18T09:25:56.376226,,,api-gateway,dba-team,Security
INC951,Certificate authority unreachable,Certificate authority unreachable affecting production environment,critical,investigating,2026-01-09T00:52:56.376226,,,fluentd|cache-service|logging-service,dba-team,Security
INC952,Message queue backlog growing,Message queue backlog growing affecting production environment with consistent failures,low,investigating,2026-01-08T09:52:56.376226,,,read-replica|rate-limiter|auth-service,payments-team,Monitoring
INC953,Certificate authority unreachable,Certificate authority unreachable affecting production environment,medium,investigating,2026-01-07T12:29:56.376226,,,notification-service|elasticsearch|load-balancer,search-team,Security
INC954,Load balancer health check failing,Load balancer health check failing affecting production environment with sporadic failures,low,open,2026-01-14T10:50:56.376226,,,logging-service|cdn|fulfillment-service,security-team,Infrastructure
INC955,Redis cache connection failures,Redis cache connection failures affecting production environment,medium,resolved,2026-01-10T13:10:56.376226,2026-01-10T15:06:56.376226,2026-01-10T17:07:56.376226,oauth-provider|read-replica|fluentd,dba-team,Cache
INC956,CDN cache invalidation stuck,CDN cache invalidation stuck affecting production environment,medium,investigating,2026-01-18T03:01:56.376226,,,checkout-service,platform-team,Cache
INC957,API response latency spike,API response latency spike affecting production environment with consistent failures,low,resolved,2026-01-09T03:25:56.376226,2026-01-09T12:42:56.376226,2026-01-09T06:09:56.376226,container-registry,platform-team,Network
INC958,Redis cache connection failures,Redis cache connection failures affecting production environment with intermittent failures,high,resolved,2026-01-16T05:46:56.376226,2026-01-16T12:31:56.376226,2026-01-19T05:46:56.376226,cache-service|elasticsearch|payment-service,search-team,Cache
INC959,Certificate authority unreachable,Certificate authority unreachable affecting production environment,low,resolved,2026-01-19T19:18:56.376226,2026-01-20T18:32:56.376226,2026-01-19T22:01:56.376226,cache-service|checkout-service|auth-service,dba-team,Security
INC960,Service mesh configuration error,Service mesh configuration error affecting production environment,critical,resolved,2026-01-17T15:04:56.376226,2026-01-19T03:17:56.376226,2026-01-17T17:17:56.376226,email-service|search-service,security-team,Infrastructure
INC961,Redis cache connection failures,Redis cache connection failures affecting production environment with consistent failures,medium,investigating,2026-01-10T18:12:56.376226,,,product-service|payment-service,identity-team,Cache
INC962,Payment service 500 errors,Payment service 500 errors affecting production environment,critical,investigating,2026-01-16T10:12:56.376226,,,container-registry,security-team,Payments
INC963,Database connection timeout,Database connection timeout affecting production environment,medium,investigating,2026-01-17T13:38:56.376226,,,payment-service,api-team,Database
INC964,Log aggregation pipeline broken,Log aggregation pipeline broken affecting production environment,critical,investigating,2026-01-18T19:04:56.376226,,,cdn,search-team,Monitoring
INC965,Database connection timeout,Database connection timeout affecting production environment,low,resolved,2026-01-20T19:34:56.376226,2026-01-21T12:23:56.376226,2026-01-21T07:45:56.376226,cache-service,payments-team,Database
INC966,Certificate authority unreachable,Certificate authority unreachable affecting production environment,low,open,2026-01-15T18:18:56.376226,,,kubernetes|fluentd,api-team,Security
INC967,Redis cache connection failures,Redis cache connection failures affecting production environment,critical,investigating,2026-01-09T20:00:56.376226,,,cache-service|container-registry|reporting-service,api-team,Cache
INC968,Database connection timeout,Database connection timeout affecting production environment with intermittent failures,high,open,2026-01-15T07:35:56.376226,,,email-service,ops-team,Database
INC969,Elasticsearch indexing delays,Elasticsearch indexing delays affecting production environment,medium,investigating,2026-01-17T03:40:56.376226,,,cdn|ci-cd|fluentd,api-team,Monitoring
INC970,Load balancer health check failing,Load balancer health check failing affecting production environment,low,open,2026-01-08T03:48:56.376226,,,fulfillment-service,infra-team,Infrastructure
INC971,Memory leak in product service,Memory leak in product service affecting production environment with intermittent failures,low,resolved,2026-01-08T23:53:56.376226,2026-01-10T10:14:56.376226,2026-01-09T08:46:56.376226,checkout-service|ci-cd|frontend,payments-team,Application
INC972,Third-party OAuth provider timeout,Third-party OAuth provider timeout affecting production environment with consistent failures,high,open,2026-01-11T10:08:56.376226,,,cache-service|rate-limiter,api-team,Security
INC973,Database connection timeout,Database connection timeout affecting production environment with intermittent failures,medium,investigating,2026-01-09T06:54:56.376226,,,rate-limiter|database|load-balancer,api-team,Database
INC974,Memory leak in rabbitmq service,Memory leak in rabbitmq service affecting production environment,high,open,2026-01-08T04:34:56.376226,,,logging-service,search-team,Application
INC975,Message queue backlog growing,Message queue backlog growing affecting production environment,critical,investigating,2026-01-19T14:47:56.376226,,,rate-limiter,observability-team,Monitoring
INC976,Elasticsearch indexing delays,Elasticsearch indexing delays affecting production environment,critical,resolved,2026-01-20T01:50:56.376226,2026-01-20T08:27:56.376226,2026-01-20T06:40:56.376226,frontend|read-replica|rabbitmq,platform-team,Monitoring
INC977,Payment service 500 errors,Payment service 500 errors affecting production environment,low,open,2026-01-19T18:49:56.376226,,,database|payment-service|order-service,ops-team,Payments
INC978,Message queue backlog growing,Message queue backlog growing affecting production environment,medium,investigating,2026-01-13T23:19:56.376226,,,frontend|email-service|notification-service,platform-team,Monitoring
INC979,API response latency spike,API response latency spike affecting production environment with intermittent failures,medium,investigating,2026-01-17T19:10:56.376226,,,product-service|user-service,api-team,Network
INC980,Service mesh configuration error,Service mesh configuration error affecting production environment,medium,open,2026-01-09T05:35:56.376226,,,email-service,api-team,Infrastructure
INC981,Database connection timeout,Database connection timeout affecting production environment with consistent failures,medium,open,2026-01-14T17:34:56.376226,,,read-replica|fluentd|session-service,identity-team,Database
INC982,Log aggregation pipeline broken,Log aggregation pipeline broken affecting production environment with consistent failures,low,investigating,2026-01-07T22:29:56.376226,,,user-service|fulfillment-service|logging-service,payments-team,Monitoring
INC983,Disk space critical on checkout nodes,Disk space critical on checkout nodes affecting production environment,critical,investigating,2026-01-18T03:24:56.376226,,,read-replica|session-service|fluentd,platform-team,Storage
INC984,Log aggregation pipeline broken,Log aggregation pipeline broken affecting production environment with consistent failures,low,resolved,2026-01-12T23:13:56.376226,2026-01-13T13:38:56.376226,2026-01-13T07:01:56.376226,user-service|email-service|cdn,payments-team,Monitoring
INC985,Network latency to fulfillment region,Network latency to fulfillment region affecting production environment with sporadic failures,critical,resolved,2026-01-20T06:36:56.376226,2026-01-20T11:27:56.376226,2026-01-20T07:32:56.376226,container-registry|frontend,platform-team,Network
INC986,CDN cache invalidation stuck,CDN cache invalidation stuck affecting production environment,low,investigating,2026-01-16T04:27:56.376226,,,session-service,payments-team,Cache
INC987,Network latency to order region,Network latency to order region affecting production environment,low,investigating,2026-01-10T11:38:56.376226,,,user-service|email-service|cache-service,api-team,Network
INC988,Service mesh configuration error,Service mesh configuration error affecting production environment with sporadic failures,critical,open,2026-01-08T03:26:56.376226,,,logging-service|session-service,search-team,Infrastructure
INC989,Disk space critical on notification nodes,Disk space critical on notification nodes affecting production environment,critical,investigating,2026-01-16T21:47:56.376226,,,elasticsearch|read-replica,api-team,Storage
INC990,Disk space critical on rate-limiter nodes,Disk space critical on rate-limiter nodes affecting production environment with intermittent failures,critical,resolved,2026-01-10T23:35:56.376226,2026-01-12T20:04:56.376226,2026-01-11T01:43:56.376226,container-registry,api-team,Storage
INC991,Elasticsearch indexing delays,Elasticsearch indexing delays affecting production environment with sporadic failures,medium,resolved,2026-01-09T10:59:56.376226,2026-01-11T10:37:56.376226,2026-01-09T21:28:56.376226,read-replica|logging-service|search-service,identity-team,Monitoring
INC992,SSL certificate expiration warning,SSL certificate expiration warning affecting production environment,high,resolved,2026-01-20T07:28:56.376226,2026-01-22T06:17:56.376226,2026-01-20T09:29:56.376226,cdn|email-service|notification-service,devops-team,Security
INC993,Certificate authority unreachable,Certificate authority unreachable affecting production environment,medium,resolved,2026-01-17T09:32:56.376226,2026-01-17T10:41:56.376226,2026-01-17T11:57:56.376226,reporting-service|kubernetes,api-team,Security
INC994,Load balancer health check failing,Load balancer health check failing affecting production environment,high,open,2026-01-21T03:36:56.376226,,,cache-service,devops-team,Infrastructure
INC995,Message queue backlog growing,Message queue backlog growing affecting production environment,low,open,2026-01-18T08:42:56.376226,,,cache-service|logging-service,identity-team,Monitoring
INC996,SSL certificate expiration warning,SSL certificate expiration warning affecting production environment with sporadic failures,critical,investigating,2026-01-13T14:24:56.376226,,,payment-service|oauth-provider|product-service,dba-team,Security
INC997,Certificate authority unreachable,Certificate authority unreachable affecting production environment with consistent failures,low,resolved,2026-01-13T10:54:56.376226,2026-01-14T04:50:56.376226,2026-01-13T16:18:56.376226,user-service|fulfillment-service|container-registry,ops-team,Security
INC998,Elasticsearch indexing delays,Elasticsearch indexing delays affecting production environment with sporadic failures,low,open,2026-01-19T21:44:56.376226,,,checkout-service|rabbitmq,search-team,Monitoring
INC999,Payment service 500 errors,Payment service 500 errors affecting production environment,critical,resolved,2026-01-14T09:07:56.376226,2026-01-15T21:04:56.376226,2026-01-14T11:12:56.376226,order-service|api-gateway,payments-team,Payments
INC1000,Memory leak in cdn service,Memory leak in cdn service affecting production environment with intermittent failures,critical,investigating,2026-01-12T13:57:56.376226,,,fluentd,identity-team,Application
INC1001,Memory leak in cache service,Memory leak in cache service affecting production environment,medium,investigating,2026-01-09T14:39:56.376226,,,rabbitmq|user-service,devops-team,Application
INC1002,Container registry unavailable,Container registry unavailable affecting production environment,high,investigating,2026-01-14T00:29:56.376226,,,kubernetes,ops-team,Infrastructure
INC1003,Log aggregation pipeline broken,Log aggregation pipeline broken affecting production environment,medium,open,2026-01-08T20:43:56.376226,,,api-gateway|session-service,identity-team,Monitoring
INC1004,Log aggregation pipeline broken,Log aggregation pipeline broken affecting production environment with sporadic failures,high,open,2026-01-19T19:31:56.376226,,,search-service|logging-service,security-team,Monitoring
INC1005,Kubernetes cluster node failure,Kubernetes cluster node failure affecting production environment,critical,resolved,2026-01-09T16:53:56.376226,2026-01-10T16:51:56.376226,2026-01-10T02:39:56.376226,rabbitmq|cdn|load-balancer,ops-team,Infrastructure
INC1006,Network latency to rate-limiter region,Network latency to rate-limiter region affecting production environment with intermittent failures,low,resolved,2026-01-17T13:05:56.376226,2026-01-17T23:25:56.376226,2026-01-17T22:12:56.376226,load-balancer|elasticsearch|search-service,ops-team,Network
INC1007,SSL certificate expiration warning,SSL certificate expiration warning affecting production environment with intermittent failures,critical,investigating,2026-01-17T07:42:56.376226,,,elasticsearch|auth-service|oauth-provider,payments-team,Security
INC1008,Rate limiting misconfiguration,Rate limiting misconfiguration affecting production environment with sporadic failures,low,open,2026-01-10T17:38:56.376226,,,fluentd|reporting-service,payments-team,Application
INC1009,Certificate authority unreachable,Certificate authority unreachable affecting production environment,high,open,2026-01-10T16:02:56.376226,,,product-service,infra-team,Security
INC1010,Database connection timeout,Database connection timeout affecting production environment,high,resolved,2026-01-19T22:10:56.376226,2026-01-21T06:51:56.376226,2026-01-20T09:01:56.376226,frontend|product-service,infra-team,Database
INC1011,Network latency to frontend region,Network latency to frontend region affecting production environment with consistent failures,low,open,2026-01-14T07:49:56.376226,,,reporting-service,devops-team,Network
INC1012,Kubernetes cluster node failure,Kubernetes cluster node failure affecting production environment with consistent failures,high,resolved,2026-01-18T15:53:56.376226,2026-01-20T09:11:56.376226,2026-01-18T16:56:56.376226,fulfillment-service|kubernetes|order-service,api-team,Infrastructure
INC1013,Memory leak in api-gateway service,Memory leak in api-gateway service affecting production environment with sporadic failures,critical,resolved,2026-01-21T11:32:56.376226,2026-01-23T05:00:56.376226,2026-01-21T15:53:56.376226,rabbitmq|rate-limiter|user-service,observability-team,Application
INC1014,Third-party OAuth provider timeout,Third-party OAuth provider timeout affecting production environment with intermittent failures,medium,investigating,2026-01-15T06:33:56.376226,,,kubernetes,identity-team,Security
INC1015,Memory leak in product service,Memory leak in product service affecting production environment with consistent failures,critical,resolved,2026-01-07T06:16:56.376226,2026-01-07T21:48:56.376226,2026-01-07T10:06:56.376226,cache-service|ci-cd,security-team,Application
INC1016,Third-party OAuth provider timeout,Third-party OAuth provider timeout affecting production environment with consistent failures,medium,open,2026-01-21T07:28:56.376226,,,auth-service,payments-team,Security
INC1017,Message queue backlog growing,Message queue backlog growing affecting production environment with sporadic failures,high,investigating,2026-01-09T12:53:56.376226,,,reporting-service,search-team,Monitoring
INC1018,Redis cache connection failures,Redis cache connection failures affecting production environment with consistent failures,low,resolved,2026-01-12T23:06:56.376226,2026-01-14T00:52:56.376226,2026-01-13T06:43:56.376226,cdn,infra-team,Cache
INC1019,Disk space critical on checkout nodes,Disk space critical on checkout nodes affecting production environment,low,resolved,2026-01-18T22:58:56.376226,2026-01-19T07:38:56.376226,2026-01-18T23:37:56.376226,rate-limiter|cdn|load-balancer,observability-team,Storage
INC1020,CDN cache invalidation stuck,CDN cache invalidation stuck affecting production environment with intermittent failures,high,open,2026-01-07T20:27:56.376226,,,auth-service|container-registry,devops-team,Cache
INC1021,SSL certificate expiration warning,SSL certificate expiration warning affecting production environment,low,resolved,2026-01-12T19:13:56.376226,2026-01-14T18:21:56.376226,2026-01-12T20:40:56.376226,container-registry|logging-service,infra-team,Security
INC1022,Kubernetes cluster node failure,Kubernetes cluster node failure affecting production environment,medium,investigating,2026-01-10T12:19:56.376226,,,elasticsearch,search-team,Infrastructure
INC1023,CDN cache invalidation stuck,CDN cache invalidation stuck affecting production environment with consistent failures,low,open,2026-01-16T19:06:56.376226,,,kubernetes|order-service|oauth-provider,devops-team,Cache
INC1024,Memory leak in order service,Memory leak in order service affecting production environment,high,open,2026-01-07T20:57:56.376226,,,load-balancer|notification-service,search-team,Application
INC1025,Memory leak in database service,Memory leak in database service affecting production environment with consistent failures,low,investigating,2026-01-16T20:39:56.376226,,,frontend|cdn|search-service,observability-team,Database
INC1026,Rate limiting misconfiguration,Rate limiting misconfiguration affecting production environment with intermittent failures,high,open,2026-01-21T00:08:56.376226,,,container-registry|fulfillment-service|kubernetes,ops-team,Application
INC1027,Memory leak in search service,Memory leak in search service affecting production environment with consistent failures,low,open,2026-01-15T17:42:56.376226,,,notification-service,devops-team,Application
INC1028,Database connection timeout,Database connection timeout affecting production environment with sporadic failures,medium,open,2026-01-20T05:33:56.376226,,,auth-service,infra-team,Database
INC1029,SSL certificate expiration warning,SSL certificate expiration warning affecting production environment,medium,investigating,2026-01-11T09:38:56.376226,,,product-service,dba-team,Security
INC1030,Third-party OAuth provider timeout,Third-party OAuth provider timeout affecting production environment,critical,investigating,2026-01-10T02:37:56.376226,,,ci-cd,security-team,Security
INC1031,Container registry unavailable,Container registry unavailable affecting production environment,high,open,2026-01-19T01:12:56.376226,,,frontend|oauth-provider,search-team,Infrastructure
INC1032,Certificate authority unreachable,Certificate authority unreachable affecting production environment with consistent failures,low,resolved,2026-01-13T07:38:56.376226,2026-01-14T21:00:56.376226,2026-01-13T14:23:56.376226,container-registry|load-balancer,api-team,Security
INC1033,Rate limiting misconfiguration,Rate limiting misconfiguration affecting production environment,low,resolved,2026-01-11T12:52:56.376226,2026-01-12T08:30:56.376226,2026-01-11T17:21:56.376226,read-replica|product-service|cdn,ops-team,Application
INC1034,Memory leak in checkout service,Memory leak in checkout service affecting production environment with consistent failures,medium,investigating,2026-01-09T20:39:56.376226,,,product-service|payment-service|logging-service,infra-team,Application
INC1035,Memory leak in auth service,Memory leak in auth service affecting production environment,low,resolved,2026-01-12T00:55:56.376226,2026-01-13T14:45:56.376226,2026-01-12T05:54:56.376226,email-service|reporting-service,api-team,Application
INC1036,Container registry unavailable,Container registry unavailable affecting production environment,medium,resolved,2026-01-09T22:01:56.376226,2026-01-10T16:46:56.376226,2026-01-11T16:50:56.376226,rate-limiter|kubernetes|ci-cd,api-team,Infrastructure
INC1037,Service mesh configuration error,Service mesh configuration error affecting production environment with consistent failures,critical,investigating,2026-01-07T09:57:56.376226,,,cache-service,search-team,Infrastructure
INC1038,Memory leak in order service,Memory leak in order service affecting production environment,high,resolved,2026-01-13T02:02:56.376226,2026-01-13T04:20:56.376226,2026-01-13T14:32:56.376226,container-registry,devops-team,Application
INC1039,Database connection timeout,Database connection timeout affecting production environment with consistent failures,medium,investigating,2026-01-07T12:24:56.376226,,,user-service|search-service|container-registry,ops-team,Database
INC1040,Payment service 500 errors,Payment service 500 errors affecting production environment,critical,investigating,2026-01-12T06:31:56.376226,,,logging-service|search-service|database,devops-team,Payments
INC1041,API response latency spike,API response latency spike affecting production environment,critical,resolved,2026-01-08T06:05:56.376226,2026-01-08T13:06:56.376226,2026-01-08T12:41:56.376226,user-service,ops-team,Network
INC1042,SSL certificate expiration warning,SSL certificate expiration warning affecting production environment,high,resolved,2026-01-18T07:40:56.376226,2026-01-18T18:45:56.376226,2026-01-18T11:19:56.376226,elasticsearch,infra-team,Security
INC1043,Network latency to auth region,Network latency to auth region affecting production environment with intermittent failures,high,open,2026-01-07T19:45:56.376226,,,cache-service,infra-team,Network
INC1044,Certificate authority unreachable,Certificate authority unreachable affecting production environment with consistent failures,high,resolved,2026-01-08T23:03:56.376226,2026-01-10T05:10:56.376226,2026-01-09T01:30:56.376226,search-service,payments-team,Security
INC1045,Service mesh configuration error,Service mesh configuration error affecting production environment with consistent failures,critical,resolved,2026-01-15T02:02:56.376226,2026-01-16T09:44:56.376226,2026-01-15T05:30:56.376226,cache-service|search-service,identity-team,Infrastructure
INC1046,Elasticsearch indexing delays,Elasticsearch indexing delays affecting production environment,high,resolved,2026-01-08T06:01:56.376226,2026-01-08T22:43:56.376226,2026-01-08T08:49:56.376226,elasticsearch|kubernetes|notification-service,api-team,Monitoring
INC1047,Payment service 500 errors,Payment service 500 errors affecting production environment with intermittent failures,medium,open,2026-01-17T00:55:56.376226,,,notification-service|database,api-team,Payments
INC1048,Database replica lag critical,Database replica lag critical affecting production environment,high,investigating,2026-01-18T09:07:56.376226,,,kubernetes,dba-team,Database
INC1049,Memory leak in payment service,Memory leak in payment service affecting production environment,high,investigating,2026-01-14T13:58:56.376226,,,logging-service,search-team,Application
INC1050,Redis cache connection failures,Redis cache connection failures affecting production environment,critical,resolved,2026-01-16T14:32:56.376226,2026-01-17T01:01:56.376226,2026-01-16T17:41:56.376226,elasticsearch,api-team,Cache
INC1051,Elasticsearch indexing delays,Elasticsearch indexing delays affecting production environment,critical,open,2026-01-14T15:59:56.376226,,,product-service|cache-service,api-team,Monitoring
INC1052,Network latency to api-gateway region,Network latency to api-gateway region affecting production environment,medium,open,2026-01-13T10:53:56.376226,,,search-service|user-service|oauth-provider,security-team,Network
INC1053,Message queue backlog growing,Message queue backlog growing affecting production environment,critical,investigating,2026-01-10T06:37:56.376226,,,cache-service|read-replica|fulfillment-service,identity-team,Monitoring
INC1054,Disk space critical on frontend nodes,Disk space critical on frontend nodes affecting production environment,low,resolved,2026-01-09T21:40:56.376226,2026-01-10T05:43:56.376226,2026-01-10T11:16:56.376226,rabbitmq,security-team,Storage
INC1055,Elasticsearch indexing delays,Elasticsearch indexing delays affecting production environment,low,investigating,2026-01-10T14:10:56.376226,,,cdn|order-service|email-service,security-team,Monitoring
INC1056,Load balancer health check failing,Load balancer health check failing affecting production environment,medium,investigating,2026-01-17T04:11:56.376226,,,session-service|elasticsearch|auth-service,api-team,Infrastructure
INC1057,Kubernetes cluster node failure,Kubernetes cluster node failure affecting production environment with sporadic failures,critical,resolved,2026-01-09T23:46:56.376226,2026-01-11T19:50:56.376226,2026-01-10T05:29:56.376226,checkout-service,infra-team,Infrastructure
INC1058,Rate limiting misconfiguration,Rate limiting misconfiguration affecting production environment,low,resolved,2026-01-14T07:47:56.376226,2026-01-14T09:58:56.376226,2026-01-14T10:42:56.376226,api-gateway|checkout-service,observability-team,Application
INC1059,Database connection timeout,Database connection timeout affecting production environment with consistent failures,low,investigating,2026-01-20T01:56:56.376226,,,user-service,ops-team,Database
INC1060,Service mesh configuration error,Service mesh configuration error affecting production environment with consistent failures,medium,resolved,2026-01-15T00:14:56.376226,2026-01-15T11:03:56.376226,2026-01-15T02:09:56.376226,order-service,security-team,Infrastructure
INC1061,Database replica lag critical,Database replica lag critical affecting production environment,high,resolved,2026-01-11T15:57:56.376226,2026-01-12T09:20:56.376226,2026-01-11T21:16:56.376226,auth-service|load-balancer,infra-team,Database
INC1062,Third-party OAuth provider timeout,Third-party OAuth provider timeout affecting production environment with sporadic failures,critical,open,2026-01-15T18:06:56.376226,,,payment-service,search-team,Security
INC1063,Elasticsearch indexing delays,Elasticsearch indexing delays affecting production environment with intermittent failures,high,investigating,2026-01-07T02:02:56.376226,,,fluentd|frontend|product-service,platform-team,Monitoring
INC1064,Payment service 500 errors,Payment service 500 errors affecting production environment,critical,resolved,2026-01-11T15:09:56.376226,2026-01-13T03:06:56.376226,2026-01-11T19:58:56.376226,read-replica|checkout-service,security-team,Payments
INC1065,Message queue backlog growing,Message queue backlog growing affecting production environment with consistent failures,critical,investigating,2026-01-15T16:47:56.376226,,,order-service|frontend|rate-limiter,identity-team,Monitoring
INC1066,Service mesh configuration error,Service mesh configuration error affecting production environment with consistent failures,high,open,2026-01-07T10:25:56.376226,,,payment-service|oauth-provider|ci-cd,payments-team,Infrastructure
INC1067,Disk space critical on session nodes,Disk space critical on session nodes affecting production environment with sporadic failures,medium,investigating,2026-01-14T03:30:56.376226,,,auth-service|oauth-provider,ops-team,Storage
INC1068,Redis cache connection failures,Redis cache connection failures affecting production environment,low,open,2026-01-14T03:26:56.376226,,,product-service|ci-cd,ops-team,Cache
INC1069,API response latency spike,API response latency spike affecting production environment,high,investigating,2026-01-19T11:08:56.376226,,,payment-service|api-gateway|fluentd,security-team,Network
INC1070,SSL certificate expiration warning,SSL certificate expiration warning affecting production environment with intermittent failures,critical,investigating,2026-01-07T10:25:56.376226,,,email-service|rate-limiter,observability-team,Security
INC1071,Container registry unavailable,Container registry unavailable affecting production environment,low,investigating,2026-01-21T04:04:56.376226,,,checkout-service|rabbitmq,search-team,Infrastructure
INC1072,Database replica lag critical,Database replica lag critical affecting production environment with intermittent failures,medium,investigating,2026-01-09T08:01:56.376226,,,session-service,security-team,Database
INC1073,Payment service 500 errors,Payment service 500 errors affecting production environment,critical,resolved,2026-01-19T07:32:56.376226,2026-01-19T17:05:56.376226,2026-01-19T13:18:56.376226,fluentd|search-service,dba-team,Payments
INC1074,Message queue backlog growing,Message queue backlog growing affecting production environment,critical,investigating,2026-01-07T11:27:56.376226,,,api-gateway|logging-service,payments-team,Monitoring
INC1075,Certificate authority unreachable,Certificate authority unreachable affecting production environment with intermittent failures,high,open,2026-01-16T12:23:56.376226,,,session-service|user-service|logging-service,search-team,Security
INC1076,SSL certificate expiration warning,SSL certificate expiration warning affecting production environment,low,investigating,2026-01-19T10:55:56.376226,,,api-gateway,ops-team,Security
INC1077,CDN cache invalidation stuck,CDN cache invalidation stuck affecting production environment with sporadic failures,low,investigating,2026-01-15T22:18:56.376226,,,rabbitmq|database,infra-team,Cache
INC1078,API response latency spike,API response latency spike affecting production environment,low,resolved,2026-01-10T10:35:56.376226,2026-01-11T23:22:56.376226,2026-01-10T12:08:56.376226,payment-service|email-service,observability-team,Network
INC1079,SSL certificate expiration warning,SSL certificate expiration warning affecting production environment,high,resolved,2026-01-20T19:17:56.376226,2026-01-22T03:56:56.376226,2026-01-21T03:10:56.376226,notification-service|order-service|api-gateway,ops-team,Security
INC1080,SSL certificate expiration warning,SSL certificate expiration warning affecting production environment with intermittent failures,low,open,2026-01-09T21:56:56.376226,,,load-balancer,dba-team,Security
INC1081,Rate limiting misconfiguration,Rate limiting misconfiguration affecting production environment,low,investigating,2026-01-13T09:37:56.376226,,,load-balancer,dba-team,Application
INC1082,CDN cache invalidation stuck,CDN cache invalidation stuck affecting production environment with sporadic failures,critical,investigating,2026-01-16T18:37:56.376226,,,load-balancer,observability-team,Cache
INC1083,Elasticsearch indexing delays,Elasticsearch indexing delays affecting production environment,medium,investigating,2026-01-14T03:44:56.376226,,,order-service|rabbitmq|database,infra-team,Monitoring
INC1084,CDN cache invalidation stuck,CDN cache invalidation stuck affecting production environment,low,investigating,2026-01-13T07:35:56.376226,,,session-service,identity-team,Cache
INC1085,Memory leak in rabbitmq service,Memory leak in rabbitmq service affecting production environment,high,open,2026-01-17T15:23:56.376226,,,fulfillment-service|oauth-provider|user-service,infra-team,Application
INC1086,SSL certificate expiration warning,SSL certificate expiration warning affecting production environment,critical,investigating,2026-01-09T05:58:56.376226,,,notification-service|product-service|fluentd,dba-team,Security
INC1087,Container registry unavailable,Container registry unavailable affecting production environment with intermittent failures,medium,investigating,2026-01-17T18:02:56.376226,,,oauth-provider|fluentd,payments-team,Infrastructure
INC1088,CDN cache invalidation stuck,CDN cache invalidation stuck affecting production environment with sporadic failures,high,investigating,2026-01-08T14:56:56.376226,,,database|fulfillment-service,observability-team,Cache
INC1089,Kubernetes cluster node failure,Kubernetes cluster node failure affecting production environment with sporadic failures,high,open,2026-01-18T05:03:56.376226,,,product-service|rabbitmq|fulfillment-service,search-team,Infrastructure
INC1090,Payment service 500 errors,Payment service 500 errors affecting production environment,medium,open,2026-01-08T15:32:56.376226,,,ci-cd|database,infra-team,Payments
INC1091,Elasticsearch indexing delays,Elasticsearch indexing delays affecting production environment with sporadic failures,medium,open,2026-01-21T00:12:56.376226,,,logging-service|frontend,api-team,Monitoring
INC1092,API response latency spike,API response latency spike affecting production environment with intermittent failures,low,resolved,2026-01-08T09:14:56.376226,2026-01-09T09:52:56.376226,2026-01-09T01:59:56.376226,load-balancer|auth-service|checkout-service,infra-team,Network
INC1093,Memory leak in fluentd service,Memory leak in fluentd service affecting production environment,medium,resolved,2026-01-16T11:38:56.376226,2026-01-17T00:54:56.376226,2026-01-16T16:52:56.376226,oauth-provider|ci-cd,security-team,Application
INC1094,Elasticsearch indexing delays,Elasticsearch indexing delays affecting production environment,medium,investigating,2026-01-20T11:17:56.376226,,,api-gateway,devops-team,Monitoring
INC1095,Database connection timeout,Database connection timeout affecting production environment with sporadic failures,low,open,2026-01-06T23:23:56.376226,,,product-service,search-team,Database
INC1096,Service mesh configuration error,Service mesh configuration error affecting production environment with intermittent failures,high,open,2026-01-17T18:24:56.376226,,,container-registry|read-replica|database,platform-team,Infrastructure
INC1097,Redis cache connection failures,Redis cache connection failures affecting production environment with consistent failures,high,investigating,2026-01-16T12:20:56.376226,,,rate-limiter,api-team,Cache
INC1098,Rate limiting misconfiguration,Rate limiting misconfiguration affecting production environment,critical,investigating,2026-01-15T03:32:56.376226,,,database,platform-team,Application
INC1099,API response latency spike,API response latency spike affecting production environment with consistent failures,low,open,2026-01-20T04:25:56.376226,,,cdn|fluentd,infra-team,Network
INC1100,Payment service 500 errors,Payment service 500 errors affecting production environment with intermittent failures,high,open,2026-01-15T12:41:56.376226,,,fulfillment-service|read-replica|session-service,search-team,Payments
INC1101,Certificate authority unreachable,Certificate authority unreachable affecting production environment,low,resolved,2026-01-14T03:07:56.376226,2026-01-14T05:09:56.376226,2026-01-14T05:37:56.376226,frontend|cache-service,platform-team,Security
INC1102,Database replica lag critical,Database replica lag critical affecting production environment with intermittent failures,medium,open,2026-01-15T17:47:56.376226,,,user-service|email-service|database,api-team,Database
INC1103,Service mesh configuration error,Service mesh configuration error affecting production environment with sporadic failures,low,investigating,2026-01-08T08:04:56.376226,,,fulfillment-service|api-gateway|reporting-service,identity-team,Infrastructure
INC1104,SSL certificate expiration warning,SSL certificate expiration warning affecting production environment,low,open,2026-01-07T09:58:56.376226,,,container-registry,infra-team,Security
INC1105,Log aggregation pipeline broken,Log aggregation pipeline broken affecting production environment,medium,open,2026-01-20T19:27:56.376226,,,reporting-service,devops-team,Monitoring
INC1106,Container registry unavailable,Container registry unavailable affecting production environment with sporadic failures,low,resolved,2026-01-13T19:50:56.376226,2026-01-14T21:34:56.376226,2026-01-14T02:34:56.376226,frontend,search-team,Infrastructure
INC1107,Network latency to payment region,Network latency to payment region affecting production environment,low,resolved,2026-01-21T05:48:56.376226,2026-01-21T19:09:56.376226,2026-01-21T23:24:56.376226,user-service|email-service,platform-team,Network
INC1108,Payment service 500 errors,Payment service 500 errors affecting production environment with intermittent failures,critical,resolved,2026-01-15T12:28:56.376226,2026-01-15T14:23:56.376226,2026-01-15T15:48:56.376226,email-service|load-balancer|user-service,api-team,Payments
INC1109,API response latency spike,API response latency spike affecting production environment,medium,investigating,2026-01-07T04:48:56.376226,,,container-registry|email-service|session-service,payments-team,Network
INC1110,Certificate authority unreachable,Certificate authority unreachable affecting production environment,low,resolved,2026-01-07T20:42:56.376226,2026-01-09T07:55:56.376226,2026-01-08T01:51:56.376226,fluentd|elasticsearch,infra-team,Security
INC1111,Elasticsearch indexing delays,Elasticsearch indexing delays affecting production environment,high,investigating,2026-01-19T11:44:56.376226,,,email-service|read-replica|cache-service,infra-team,Monitoring
INC1112,Network latency to read-replica region,Network latency to read-replica region affecting production environment,high,investigating,2026-01-18T13:57:56.376226,,,api-gateway|notification-service,payments-team,Network
INC1113,Disk space critical on email nodes,Disk space critical on email nodes affecting production environment,medium,open,2026-01-12T18:18:56.376226,,,user-service,platform-team,Storage
INC1114,Rate limiting misconfiguration,Rate limiting misconfiguration affecting production environment with consistent failures,low,open,2026-01-13T19:43:56.376226,,,rabbitmq|cdn,security-team,Application
INC1115,Payment service 500 errors,Payment service 500 errors affecting production environment,critical,investigating,2026-01-13T06:54:56.376226,,,email-service,platform-team,Payments
INC1116,Container registry unavailable,Container registry unavailable affecting production environment,critical,resolved,2026-01-10T20:00:56.376226,2026-01-11T19:59:56.376226,2026-01-11T02:59:56.376226,fulfillment-service,infra-team,Infrastructure
INC1117,CDN cache invalidation stuck,CDN cache invalidation stuck affecting production environment with sporadic failures,medium,open,2026-01-12T18:19:56.376226,,,frontend|kubernetes|rate-limiter,ops-team,Cache
INC1118,Memory leak in reporting service,Memory leak in reporting service affecting production environment,high,resolved,2026-01-14T08:02:56.376226,2026-01-16T07:38:56.376226,2026-01-14T11:20:56.376226,cache-service|checkout-service|cdn,identity-team,Application
INC1119,Elasticsearch indexing delays,Elasticsearch indexing delays affecting production environment,low,investigating,2026-01-19T15:43:56.376226,,,email-service,dba-team,Monitoring
INC1120,Third-party OAuth provider timeout,Third-party OAuth provider timeout affecting production environment,critical,investigating,2026-01-17T03:16:56.376226,,,rate-limiter|logging-service|fulfillment-service,ops-team,Security
INC1121,Memory leak in session service,Memory leak in session service affecting production environment with consistent failures,high,open,2026-01-14T08:27:56.376226,,,auth-service|oauth-provider,ops-team,Application
INC1122,Message queue backlog growing,Message queue backlog growing affecting production environment,medium,investigating,2026-01-07T12:31:56.376226,,,fulfillment-service|reporting-service,infra-team,Monitoring
INC1123,Payment service 500 errors,Payment service 500 errors affecting production environment,high,investigating,2026-01-11T09:34:56.376226,,,container-registry,payments-team,Payments
INC1124,SSL certificate expiration warning,SSL certificate expiration warning affecting production environment with sporadic failures,low,open,2026-01-08T14:28:56.376226,,,ci-cd,dba-team,Security
INC1125,Rate limiting misconfiguration,Rate limiting misconfiguration affecting production environment with intermittent failures,medium,open,2026-01-18T02:42:56.376226,,,ci-cd,infra-team,Application
INC1126,Network latency to fluentd region,Network latency to fluentd region affecting production environment,medium,investigating,2026-01-07T20:58:56.376226,,,order-service|read-replica,api-team,Network
INC1127,Elasticsearch indexing delays,Elasticsearch indexing delays affecting production environment,high,resolved,2026-01-12T21:07:56.376226,2026-01-14T02:03:56.376226,2026-01-12T22:56:56.376226,payment-service|auth-service,infra-team,Monitoring
INC1128,Certificate authority unreachable,Certificate authority unreachable affecting production environment with consistent failures,critical,resolved,2026-01-11T13:27:56.376226,2026-01-12T00:50:56.376226,2026-01-12T01:40:56.376226,session-service,payments-team,Security
INC1129,Service mesh configuration error,Service mesh configuration error affecting production environment,medium,investigating,2026-01-15T17:15:56.376226,,,read-replica|rate-limiter|rabbitmq,infra-team,Infrastructure
INC1130,Redis cache connection failures,Redis cache connection failures affecting production environment,low,resolved,2026-01-17T22:50:56.376226,2026-01-19T16:55:56.376226,2026-01-17T23:42:56.376226,email-service,devops-team,Cache
INC1131,Disk space critical on rabbitmq nodes,Disk space critical on rabbitmq nodes affecting production environment with sporadic failures,critical,resolved,2026-01-14T20:04:56.376226,2026-01-16T03:46:56.376226,2026-01-15T02:12:56.376226,read-replica|oauth-provider|search-service,security-team,Storage
INC1132,Redis cache connection failures,Redis cache connection failures affecting production environment with consistent failures,medium,investigating,2026-01-10T05:40:56.376226,,,search-service|elasticsearch,api-team,Cache
INC1133,Elasticsearch indexing delays,Elasticsearch indexing delays affecting production environment,critical,investigating,2026-01-15T10:30:56.376226,,,container-registry|database,devops-team,Monitoring
INC1134,Elasticsearch indexing delays,Elasticsearch indexing delays affecting production environment,critical,resolved,2026-01-09T11:41:56.376226,2026-01-10T15:24:56.376226,2026-01-09T18:40:56.376226,ci-cd|payment-service|fulfillment-service,security-team,Monitoring
INC1135,Third-party OAuth provider timeout,Third-party OAuth provider timeout affecting production environment,low,open,2026-01-13T07:58:56.376226,,,rabbitmq,identity-team,Security
INC1136,Redis cache connection failures,Redis cache connection failures affecting production environment with consistent failures,low,open,2026-01-08T07:42:56.376226,,,fluentd|database|elasticsearch,api-team,Cache
INC1137,SSL certificate expiration warning,SSL certificate expiration warning affecting production environment with consistent failures,low,resolved,2026-01-08T20:34:56.376226,2026-01-10T06:29:56.376226,2026-01-09T00:07:56.376226,cdn|frontend|product-service,payments-team,Security
INC1138,Container registry unavailable,Container registry unavailable affecting production environment with intermittent failures,high,open,2026-01-12T05:03:56.376226,,,fulfillment-service|order-service|elasticsearch,ops-team,Infrastructure
INC1139,Payment service 500 errors,Payment service 500 errors affecting production environment with consistent failures,critical,resolved,2026-01-13T04:14:56.376226,2026-01-14T11:58:56.376226,2026-01-13T10:54:56.376226,elasticsearch,payments-team,Payments
INC1140,Service mesh configuration error,Service mesh configuration error affecting production environment with sporadic failures,low,open,2026-01-20T19:03:56.376226,,,product-service|ci-cd|container-registry,identity-team,Infrastructure
INC1141,Container registry unavailable,Container registry unavailable affecting production environment,medium,resolved,2026-01-18T12:43:56.376226,2026-01-18T19:57:56.376226,2026-01-18T16:09:56.376226,database|search-service,ops-team,Infrastructure
INC1142,Service mesh configuration error,Service mesh configuration error affecting production environment with sporadic failures,critical,investigating,2026-01-08T22:28:56.376226,,,elasticsearch|notification-service|frontend,dba-team,Infrastructure
INC1143,CDN cache invalidation stuck,CDN cache invalidation stuck affecting production environment with sporadic failures,high,open,2026-01-12T03:36:56.376226,,,session-service,security-team,Cache
INC1144,Load balancer health check failing,Load balancer health check failing affecting production environment,medium,investigating,2026-01-21T03:04:56.376226,,,email-service,observability-team,Infrastructure
INC1145,CDN cache invalidation stuck,CDN cache invalidation stuck affecting production environment,medium,resolved,2026-01-20T11:14:56.376226,2026-01-20T22:15:56.376226,2026-01-20T18:38:56.376226,user-service|reporting-service|rate-limiter,platform-team,Cache
INC1146,Database connection timeout,Database connection timeout affecting production environment,low,investigating,2026-01-10T04:02:56.376226,,,elasticsearch|oauth-provider,dba-team,Database
INC1147,SSL certificate expiration warning,SSL certificate expiration warning affecting production environment with consistent failures,low,resolved,2026-01-17T21:54:56.376226,2026-01-19T02:25:56.376226,2026-01-18T03:24:56.376226,api-gateway|kubernetes,payments-team,Security
INC1148,CDN cache invalidation stuck,CDN cache invalidation stuck affecting production environment with intermittent failures,high,open,2026-01-18T02:12:56.376226,,,search-service,payments-team,Cache
INC1149,Disk space critical on search nodes,Disk space critical on search nodes affecting production environment,low,resolved,2026-01-18T05:23:56.376226,2026-01-18T08:50:56.376226,2026-01-18T07:59:56.376226,fluentd,dba-team,Storage
INC1150,Database replica lag critical,Database replica lag critical affecting production environment,low,resolved,2026-01-16T18:41:56.376226,2026-01-17T04:18:56.376226,2026-01-16T20:58:56.376226,kubernetes|email-service,observability-team,Database
INC1151,Redis cache connection failures,Redis cache connection failures affecting production environment,medium,investigating,2026-01-20T00:12:56.376226,,,session-service|payment-service,platform-team,Cache
INC1152,Payment service 500 errors,Payment service 500 errors affecting production environment with sporadic failures,medium,open,2026-01-12T20:57:56.376226,,,fulfillment-service|notification-service|fluentd,payments-team,Payments
INC1153,API response latency spike,API response latency spike affecting production environment,high,resolved,2026-01-13T15:03:56.376226,2026-01-14T07:43:56.376226,2026-01-13T17:14:56.376226,database|read-replica,observability-team,Network
INC1154,Kubernetes cluster node failure,Kubernetes cluster node failure affecting production environment with intermittent failures,high,resolved,2026-01-14T10:16:56.376226,2026-01-16T03:41:56.376226,2026-01-14T11:55:56.376226,product-service|reporting-service|database,security-team,Infrastructure
INC1155,Memory leak in email service,Memory leak in email service affecting production environment,high,investigating,2026-01-14T04:41:56.376226,,,frontend|order-service|checkout-service,identity-team,Application
INC1156,Database replica lag critical,Database replica lag critical affecting production environment with consistent failures,critical,resolved,2026-01-21T10:19:56.376226,2026-01-22T18:57:56.376226,2026-01-21T18:31:56.376226,ci-cd|email-service,ops-team,Database
INC1157,Third-party OAuth provider timeout,Third-party OAuth provider timeout affecting production environment,medium,investigating,2026-01-07T12:15:56.376226,,,cache-service|ci-cd,infra-team,Security
INC1158,Log aggregation pipeline broken,Log aggregation pipeline broken affecting production environment,critical,resolved,2026-01-11T10:12:56.376226,2026-01-12T01:33:56.376226,2026-01-11T15:43:56.376226,load-balancer|user-service|session-service,identity-team,Monitoring
INC1159,Log aggregation pipeline broken,Log aggregation pipeline broken affecting production environment,medium,resolved,2026-01-10T14:33:56.376226,2026-01-12T07:12:56.376226,2026-01-10T22:06:56.376226,payment-service|fulfillment-service,dba-team,Monitoring
INC1160,Database connection timeout,Database connection timeout affecting production environment with intermittent failures,critical,investigating,2026-01-12T11:30:56.376226,,,user-service|read-replica|notification-service,infra-team,Database
INC1161,Network latency to notification region,Network latency to notification region affecting production environment with sporadic failures,critical,resolved,2026-01-19T00:24:56.376226,2026-01-20T00:45:56.376226,2026-01-19T01:17:56.376226,notification-service|reporting-service,platform-team,Network
INC1162,Database connection timeout,Database connection timeout affecting production environment,low,resolved,2026-01-08T10:51:56.376226,2026-01-09T18:53:56.376226,2026-01-09T00:28:56.376226,session-service,security-team,Database
INC1163,Database connection timeout,Database connection timeout affecting production environment,medium,open,2026-01-11T17:33:56.376226,,,container-registry|cdn,payments-team,Database
INC1164,CDN cache invalidation stuck,CDN cache invalidation stuck affecting production environment with intermittent failures,low,resolved,2026-01-18T17:14:56.376226,2026-01-20T16:40:56.376226,2026-01-19T02:08:56.376226,auth-service,dba-team,Cache
INC1165,Certificate authority unreachable,Certificate authority unreachable affecting production environment with intermittent failures,critical,resolved,2026-01-19T04:53:56.376226,2026-01-20T14:40:56.376226,2026-01-19T10:30:56.376226,session-service,security-team,Security
INC1166,Rate limiting misconfiguration,Rate limiting misconfiguration affecting production environment,high,resolved,2026-01-16T09:50:56.376226,2026-01-17T05:17:56.376226,2026-01-16T12:58:56.376226,email-service,search-team,Application
INC1167,Network latency to cache region,Network latency to cache region affecting production environment,medium,investigating,2026-01-07T10:12:56.376226,,,product-service|logging-service,dba-team,Network
INC1168,Memory leak in oauth-provider service,Memory leak in oauth-provider service affecting production environment,low,investigating,2026-01-19T01:54:56.376226,,,database|rabbitmq,api-team,Application
INC1169,Third-party OAuth provider timeout,Third-party OAuth provider timeout affecting production environment,low,open,2026-01-14T23:39:56.376226,,,rabbitmq|email-service,api-team,Security
INC1170,SSL certificate expiration warning,SSL certificate expiration warning affecting production environment,critical,resolved,2026-01-09T20:15:56.376226,2026-01-11T04:31:56.376226,2026-01-09T22:56:56.376226,session-service|elasticsearch,infra-team,Security
INC1171,SSL certificate expiration warning,SSL certificate expiration warning affecting production environment,critical,open,2026-01-10T12:16:56.376226,,,reporting-service|database,infra-team,Security
INC1172,Elasticsearch indexing delays,Elasticsearch indexing delays affecting production environment,critical,resolved,2026-01-17T21:24:56.376226,2026-01-18T04:51:56.376226,2026-01-17T22:40:56.376226,api-gateway|cdn|payment-service,ops-team,Monitoring
INC1173,Kubernetes cluster node failure,Kubernetes cluster node failure affecting production environment with intermittent failures,medium,open,2026-01-13T21:28:56.376226,,,database|checkout-service,observability-team,Infrastructure
INC1174,Disk space critical on database nodes,Disk space critical on database nodes affecting production environment,critical,investigating,2026-01-08T07:44:56.376226,,,ci-cd|cache-service|read-replica,infra-team,Database
INC1175,Certificate authority unreachable,Certificate authority unreachable affecting production environment with sporadic failures,medium,open,2026-01-11T11:09:56.376226,,,rate-limiter,devops-team,Security
INC1176,Message queue backlog growing,Message queue backlog growing affecting production environment with consistent failures,critical,investigating,2026-01-12T18:12:56.376226,,,checkout-service,dba-team,Monitoring
INC1177,Load balancer health check failing,Load balancer health check failing affecting production environment,critical,open,2026-01-07T18:45:56.376226,,,notification-service|fluentd|order-service,dba-team,Infrastructure
INC1178,Rate limiting misconfiguration,Rate limiting misconfiguration affecting production environment,low,resolved,2026-01-14T13:36:56.376226,2026-01-14T18:58:56.376226,2026-01-14T14:39:56.376226,reporting-service|email-service|product-service,observability-team,Application
INC1179,Database connection timeout,Database connection timeout affecting production environment with consistent failures,high,investigating,2026-01-16T17:45:56.376226,,,fulfillment-service|logging-service,search-team,Database
INC1180,CDN cache invalidation stuck,CDN cache invalidation stuck affecting production environment with sporadic failures,medium,open,2026-01-15T22:32:56.376226,,,notification-service|cache-service|checkout-service,security-team,Cache
INC1181,Service mesh configuration error,Service mesh configuration error affecting production environment,critical,resolved,2026-01-16T03:17:56.376226,2026-01-18T04:12:56.376226,2026-01-16T15:10:56.376226,ci-cd|database|notification-service,payments-team,Infrastructure
INC1182,Database connection timeout,Database connection timeout affecting production environment with intermittent failures,low,resolved,2026-01-08T22:36:56.376226,2026-01-10T06:31:56.376226,2026-01-10T09:46:56.376226,search-service,api-team,Database
INC1183,API response latency spike,API response latency spike affecting production environment,critical,investigating,2026-01-14T21:41:56.376226,,,cdn|logging-service|fluentd,identity-team,Network
INC1184,Message queue backlog growing,Message queue backlog growing affecting production environment,high,resolved,2026-01-08T14:19:56.376226,2026-01-09T04:29:56.376226,2026-01-08T22:35:56.376226,load-balancer|cache-service|fluentd,payments-team,Monitoring
INC1185,Log aggregation pipeline broken,Log aggregation pipeline broken affecting production environment with consistent failures,high,resolved,2026-01-08T12:23:56.376226,2026-01-09T17:04:56.376226,2026-01-08T14:17:56.376226,checkout-service|auth-service,infra-team,Monitoring
INC1186,Rate limiting misconfiguration,Rate limiting misconfiguration affecting production environment with consistent failures,critical,resolved,2026-01-21T00:50:56.376226,2026-01-22T01:01:56.376226,2026-01-21T09:19:56.376226,auth-service|notification-service|oauth-provider,infra-team,Application
INC1187,Disk space critical on notification nodes,Disk space critical on notification nodes affecting production environment,high,investigating,2026-01-08T06:24:56.376226,,,read-replica|auth-service,devops-team,Storage
INC1188,CDN cache invalidation stuck,CDN cache invalidation stuck affecting production environment,high,resolved,2026-01-14T06:28:56.376226,2026-01-16T04:13:56.376226,2026-01-14T12:06:56.376226,cache-service|container-registry,ops-team,Cache
INC1189,Service mesh configuration error,Service mesh configuration error affecting production environment with sporadic failures,critical,investigating,2026-01-14T18:21:56.376226,,,logging-service|reporting-service|rate-limiter,api-team,Infrastructure
INC1190,API response latency spike,API response latency spike affecting production environment,medium,resolved,2026-01-18T00:21:56.376226,2026-01-18T09:26:56.376226,2026-01-18T10:38:56.376226,load-balancer|kubernetes,api-team,Network
INC1191,API response latency spike,API response latency spike affecting production environment,low,investigating,2026-01-08T11:43:56.376226,,,container-registry,devops-team,Network
INC1192,Database connection timeout,Database connection timeout affecting production environment,high,resolved,2026-01-09T13:12:56.376226,2026-01-10T13:45:56.376226,2026-01-10T14:18:56.376226,ci-cd,search-team,Database
INC1193,Log aggregation pipeline broken,Log aggregation pipeline broken affecting production environment with sporadic failures,low,open,2026-01-10T10:35:56.376226,,,cache-service|api-gateway|checkout-service,identity-team,Monitoring
INC1194,API response latency spike,API response latency spike affecting production environment,medium,resolved,2026-01-15T07:37:56.376226,2026-01-17T01:24:56.376226,2026-01-15T08:54:56.376226,session-service,security-team,Network
INC1195,Network latency to product region,Network latency to product region affecting production environment,critical,investigating,2026-01-21T08:31:56.376226,,,api-gateway,payments-team,Network
INC1196,Payment service 500 errors,Payment service 500 errors affecting production environment,low,open,2026-01-18T18:39:56.376226,,,product-service|oauth-provider|api-gateway,platform-team,Payments
INC1197,Third-party OAuth provider timeout,Third-party OAuth provider timeout affecting production environment with sporadic failures,medium,resolved,2026-01-19T17:34:56.376226,2026-01-20T13:37:56.376226,2026-01-19T23:05:56.376226,fluentd|session-service,payments-team,Security
INC1198,CDN cache invalidation stuck,CDN cache invalidation stuck affecting production environment,high,investigating,2026-01-10T00:43:56.376226,,,checkout-service,security-team,Cache
INC1199,CDN cache invalidation stuck,CDN cache invalidation stuck affecting production environment with consistent failures,low,investigating,2026-01-12T12:49:56.376226,,,logging-service|container-registry,dba-team,Cache
INC1200,Rate limiting misconfiguration,Rate limiting misconfiguration affecting production environment with sporadic failures,medium,open,2026-01-20T12:50:56.376226,,,reporting-service,devops-team,Application
INC1201,Redis cache connection failures,Redis cache connection failures affecting production environment with consistent failures,high,resolved,2026-01-19T16:16:56.376226,2026-01-20T11:29:56.376226,2026-01-20T11:56:56.376226,fluentd|read-replica,dba-team,Cache
INC1202,CDN cache invalidation stuck,CDN cache invalidation stuck affecting production environment,medium,investigating,2026-01-10T08:42:56.376226,,,order-service,dba-team,Cache
INC1203,Kubernetes cluster node failure,Kubernetes cluster node failure affecting production environment,critical,resolved,2026-01-17T13:23:56.376226,2026-01-17T16:43:56.376226,2026-01-17T18:39:56.376226,order-service|container-registry|product-service,ops-team,Infrastructure
INC1204,Kubernetes cluster node failure,Kubernetes cluster node failure affecting production environment,high,investigating,2026-01-16T21:37:56.376226,,,session-service|checkout-service,identity-team,Infrastructure
INC1205,Network latency to checkout region,Network latency to checkout region affecting production environment with consistent failures,critical,investigating,2026-01-13T10:19:56.376226,,,cache-service,infra-team,Network
INC1206,Certificate authority unreachable,Certificate authority unreachable affecting production environment,critical,investigating,2026-01-21T02:14:56.376226,,,order-service|frontend|logging-service,security-team,Security
INC1207,Service mesh configuration error,Service mesh configuration error affecting production environment,low,open,2026-01-15T00:25:56.376226,,,fulfillment-service|fluentd,dba-team,Infrastructure
INC1208,Redis cache connection failures,Redis cache connection failures affecting production environment with sporadic failures,medium,open,2026-01-17T05:16:56.376226,,,api-gateway,security-team,Cache
INC1209,SSL certificate expiration warning,SSL certificate expiration warning affecting production environment with consistent failures,critical,resolved,2026-01-09T23:45:56.376226,2026-01-10T19:50:56.376226,2026-01-10T00:49:56.376226,email-service,platform-team,Security
INC1210,Log aggregation pipeline broken,Log aggregation pipeline broken affecting production environment,medium,open,2026-01-17T12:20:56.376226,,,auth-service|database,payments-team,Monitoring
INC1211,Message queue backlog growing,Message queue backlog growing affecting production environment,critical,resolved,2026-01-14T15:50:56.376226,2026-01-15T22:35:56.376226,2026-01-14T18:23:56.376226,logging-service,api-team,Monitoring
INC1212,Container registry unavailable,Container registry unavailable affecting production environment,medium,investigating,2026-01-19T05:23:56.376226,,,load-balancer|ci-cd,search-team,Infrastructure
INC1213,Certificate authority unreachable,Certificate authority unreachable affecting production environment,low,investigating,2026-01-14T16:13:56.376226,,,auth-service|email-service|fulfillment-service,payments-team,Security
INC1214,Elasticsearch indexing delays,Elasticsearch indexing delays affecting production environment,high,resolved,2026-01-19T19:05:56.376226,2026-01-21T10:53:56.376226,2026-01-19T19:57:56.376226,api-gateway|container-registry,platform-team,Monitoring
INC1215,SSL certificate expiration warning,SSL certificate expiration warning affecting production environment,low,open,2026-01-11T07:31:56.376226,,,cdn|container-registry,payments-team,Security
INC1216,Log aggregation pipeline broken,Log aggregation pipeline broken affecting production environment,high,investigating,2026-01-17T09:28:56.376226,,,frontend|checkout-service,payments-team,Monitoring
INC1217,Container registry unavailable,Container registry unavailable affecting production environment with intermittent failures,critical,resolved,2026-01-17T07:17:56.376226,2026-01-17T08:27:56.376226,2026-01-17T09:32:56.376226,payment-service|rabbitmq,dba-team,Infrastructure
INC1218,Container registry unavailable,Container registry unavailable affecting production environment with intermittent failures,critical,investigating,2026-01-18T19:45:56.376226,,,cache-service|elasticsearch,observability-team,Infrastructure
INC1219,Memory leak in fulfillment service,Memory leak in fulfillment service affecting production environment with consistent failures,high,investigating,2026-01-18T05:20:56.376226,,,product-service|order-service|rate-limiter,payments-team,Application
INC1220,Log aggregation pipeline broken,Log aggregation pipeline broken affecting production environment with consistent failures,low,open,2026-01-07T05:25:56.376226,,,rabbitmq|cache-service|notification-service,dba-team,Monitoring
INC1221,Certificate authority unreachable,Certificate authority unreachable affecting production environment with consistent failures,critical,investigating,2026-01-20T09:55:56.376226,,,user-service|fulfillment-service,observability-team,Security
INC1222,Message queue backlog growing,Message queue backlog growing affecting production environment,high,resolved,2026-01-10T19:00:56.376226,2026-01-11T13:11:56.376226,2026-01-11T14:51:56.376226,product-service|frontend,ops-team,Monitoring
INC1223,Rate limiting misconfiguration,Rate limiting misconfiguration affecting production environment,low,resolved,2026-01-08T06:12:56.376226,2026-01-08T09:46:56.376226,2026-01-08T10:22:56.376226,cdn|email-service|checkout-service,api-team,Application
INC1224,Network latency to order region,Network latency to order region affecting production environment,medium,resolved,2026-01-14T08:23:56.376226,2026-01-15T02:45:56.376226,2026-01-14T14:45:56.376226,fluentd|fulfillment-service,platform-team,Network
INC1225,Disk space critical on rabbitmq nodes,Disk space critical on rabbitmq nodes affecting production environment,low,investigating,2026-01-11T19:35:56.376226,,,elasticsearch|container-registry|rate-limiter,api-team,Storage
INC1226,Container registry unavailable,Container registry unavailable affecting production environment with sporadic failures,low,investigating,2026-01-21T15:13:56.376226,,,frontend|cdn,ops-team,Infrastructure
INC1227,Kubernetes cluster node failure,Kubernetes cluster node failure affecting production environment with consistent failures,low,investigating,2026-01-08T01:02:56.376226,,,session-service|fulfillment-service,dba-team,Infrastructure
INC1228,Network latency to kubernetes region,Network latency to kubernetes region affecting production environment with sporadic failures,low,investigating,2026-01-16T09:39:56.376226,,,cache-service|elasticsearch,payments-team,Infrastructure
INC1229,CDN cache invalidation stuck,CDN cache invalidation stuck affecting production environment with intermittent failures,critical,investigating,2026-01-13T00:27:56.376226,,,ci-cd|payment-service,security-team,Cache
INC1230,CDN cache invalidation stuck,CDN cache invalidation stuck affecting production environment,high,open,2026-01-10T01:27:56.376226,,,search-service|email-service|api-gateway,devops-team,Cache
INC1231,Third-party OAuth provider timeout,Third-party OAuth provider timeout affecting production environment with sporadic failures,critical,resolved,2026-01-15T06:56:56.376226,2026-01-16T18:56:56.376226,2026-01-15T20:56:56.376226,search-service|product-service,identity-team,Security
INC1232,SSL certificate expiration warning,SSL certificate expiration warning affecting production environment,critical,investigating,2026-01-13T02:51:56.376226,,,ci-cd,devops-team,Security
INC1233,Payment service 500 errors,Payment service 500 errors affecting production environment with sporadic failures,high,open,2026-01-10T17:59:56.376226,,,session-service|logging-service,infra-team,Payments
INC1234,Rate limiting misconfiguration,Rate limiting misconfiguration affecting production environment with intermittent failures,medium,resolved,2026-01-16T00:05:56.376226,2026-01-16T23:41:56.376226,2026-01-16T18:51:56.376226,frontend|logging-service,ops-team,Application
INC1235,Third-party OAuth provider timeout,Third-party OAuth provider timeout affecting production environment with consistent failures,medium,investigating,2026-01-21T11:34:56.376226,,,fulfillment-service|kubernetes,api-team,Security
INC1236,Memory leak in cdn service,Memory leak in cdn service affecting production environment,low,resolved,2026-01-11T00:21:56.376226,2026-01-11T12:10:56.376226,2026-01-11T02:37:56.376226,cdn|reporting-service|frontend,infra-team,Application
INC1237,Redis cache connection failures,Redis cache connection failures affecting production environment,high,investigating,2026-01-19T06:06:56.376226,,,ci-cd,observability-team,Cache
INC1238,Database replica lag critical,Database replica lag critical affecting production environment with sporadic failures,critical,investigating,2026-01-14T04:18:56.376226,,,checkout-service|kubernetes,payments-team,Database
INC1239,Container registry unavailable,Container registry unavailable affecting production environment,high,investigating,2026-01-17T00:09:56.376226,,,cdn,devops-team,Infrastructure
INC1240,Log aggregation pipeline broken,Log aggregation pipeline broken affecting production environment with consistent failures,medium,resolved,2026-01-07T13:40:56.376226,2026-01-07T23:19:56.376226,2026-01-07T15:15:56.376226,read-replica|api-gateway|fulfillment-service,devops-team,Monitoring
INC1241,Log aggregation pipeline broken,Log aggregation pipeline broken affecting production environment with consistent failures,medium,open,2026-01-16T14:56:56.376226,,,api-gateway|product-service|auth-service,devops-team,Monitoring
INC1242,Container registry unavailable,Container registry unavailable affecting production environment with intermittent failures,medium,investigating,2026-01-12T18:21:56.376226,,,checkout-service,identity-team,Infrastructure
INC1243,Redis cache connection failures,Redis cache connection failures affecting production environment,high,open,2026-01-20T18:39:56.376226,,,oauth-provider|email-service|ci-cd,devops-team,Cache
INC1244,Rate limiting misconfiguration,Rate limiting misconfiguration affecting production environment with intermittent failures,critical,resolved,2026-01-20T05:21:56.376226,2026-01-20T16:36:56.376226,2026-01-20T09:28:56.376226,elasticsearch|api-gateway,ops-team,Application
INC1245,API response latency spike,API response latency spike affecting production environment with consistent failures,critical,investigating,2026-01-13T03:22:56.376226,,,reporting-service|order-service|fluentd,devops-team,Network
INC1246,Network latency to fluentd region,Network latency to fluentd region affecting production environment,critical,resolved,2026-01-19T07:19:56.376226,2026-01-21T07:08:56.376226,2026-01-19T09:12:56.376226,product-service,search-team,Network
INC1247,Disk space critical on container-registry nodes,Disk space critical on container-registry nodes affecting production environment with consistent failures,low,open,2026-01-09T03:14:56.376226,,,logging-service|rate-limiter|order-service,payments-team,Infrastructure
INC1248,Message queue backlog growing,Message queue backlog growing affecting production environment,high,open,2026-01-21T02:16:56.376226,,,notification-service|cache-service,api-team,Monitoring
INC1249,Database replica lag critical,Database replica lag critical affecting production environment with intermittent failures,critical,investigating,2026-01-11T04:44:56.376226,,,oauth-provider|search-service|rate-limiter,identity-team,Database
INC1250,CDN cache invalidation stuck,CDN cache invalidation stuck affecting production environment with sporadic failures,low,open,2026-01-09T10:44:56.376226,,,email-service,infra-team,Cache
INC1251,Service mesh configuration error,Service mesh configuration error affecting production environment,high,investigating,2026-01-18T00:02:56.376226,,,session-service|database|fluentd,identity-team,Infrastructure
INC1252,Third-party OAuth provider timeout,Third-party OAuth provider timeout affecting production environment,medium,open,2026-01-16T04:20:56.376226,,,cache-service|container-registry,platform-team,Security
INC1253,Database connection timeout,Database connection timeout affecting production environment with sporadic failures,high,open,2026-01-15T18:42:56.376226,,,elasticsearch|read-replica,dba-team,Database
INC1254,Container registry unavailable,Container registry unavailable affecting production environment,medium,investigating,2026-01-16T23:03:56.376226,,,search-service|read-replica|product-service,search-team,Infrastructure
INC1255,Load balancer health check failing,Load balancer health check failing affecting production environment with sporadic failures,critical,investigating,2026-01-16T20:47:56.376226,,,session-service,platform-team,Infrastructure
INC1256,Elasticsearch indexing delays,Elasticsearch indexing delays affecting production environment,low,resolved,2026-01-10T05:57:56.376226,2026-01-11T12:33:56.376226,2026-01-10T09:13:56.376226,auth-service|load-balancer|elasticsearch,dba-team,Monitoring
INC1257,Elasticsearch indexing delays,Elasticsearch indexing delays affecting production environment with consistent failures,low,investigating,2026-01-16T21:47:56.376226,,,api-gateway|cache-service|reporting-service,dba-team,Monitoring
INC1258,Network latency to kubernetes region,Network latency to kubernetes region affecting production environment,low,investigating,2026-01-16T10:41:56.376226,,,cache-service,payments-team,Infrastructure
INC1259,Elasticsearch indexing delays,Elasticsearch indexing delays affecting production environment,critical,open,2026-01-16T03:01:56.376226,,,api-gateway|elasticsearch,platform-team,Monitoring
INC1260,Payment service 500 errors,Payment service 500 errors affecting production environment with intermittent failures,high,open,2026-01-10T01:41:56.376226,,,logging-service|rabbitmq|database,identity-team,Payments
INC1261,Memory leak in reporting service,Memory leak in reporting service affecting production environment with intermittent failures,high,resolved,2026-01-08T00:56:56.376226,2026-01-08T09:24:56.376226,2026-01-08T02:32:56.376226,database,platform-team,Application
INC1262,Memory leak in reporting service,Memory leak in reporting service affecting production environment with sporadic failures,critical,resolved,2026-01-19T22:12:56.376226,2026-01-21T04:01:56.376226,2026-01-20T00:22:56.376226,notification-service|rabbitmq|rate-limiter,observability-team,Application
INC1263,Certificate authority unreachable,Certificate authority unreachable affecting production environment with intermittent failures,high,investigating,2026-01-16T02:57:56.376226,,,checkout-service|search-service|read-replica,identity-team,Security
INC1264,Disk space critical on session nodes,Disk space critical on session nodes affecting production environment with consistent failures,high,resolved,2026-01-10T04:43:56.376226,2026-01-12T01:18:56.376226,2026-01-10T06:45:56.376226,session-service|container-registry|oauth-provider,api-team,Storage
INC1265,Kubernetes cluster node failure,Kubernetes cluster node failure affecting production environment,high,resolved,2026-01-14T09:36:56.376226,2026-01-14T21:40:56.376226,2026-01-15T02:15:56.376226,ci-cd|session-service,api-team,Infrastructure
INC1266,Rate limiting misconfiguration,Rate limiting misconfiguration affecting production environment,medium,open,2026-01-18T22:14:56.376226,,,notification-service,security-team,Application
INC1267,Disk space critical on session nodes,Disk space critical on session nodes affecting production environment,critical,resolved,2026-01-10T13:09:56.376226,2026-01-10T23:29:56.376226,2026-01-10T19:24:56.376226,notification-service,search-team,Storage
INC1268,Kubernetes cluster node failure,Kubernetes cluster node failure affecting production environment with sporadic failures,medium,investigating,2026-01-15T10:07:56.376226,,,rate-limiter|frontend|logging-service,security-team,Infrastructure
INC1269,Elasticsearch indexing delays,Elasticsearch indexing delays affecting production environment with consistent failures,high,investigating,2026-01-09T03:47:56.376226,,,product-service|load-balancer|elasticsearch,infra-team,Monitoring
INC1270,Rate limiting misconfiguration,Rate limiting misconfiguration affecting production environment,critical,investigating,2026-01-12T19:52:56.376226,,,container-registry|rate-limiter,payments-team,Application
INC1271,Rate limiting misconfiguration,Rate limiting misconfiguration affecting production environment with intermittent failures,medium,open,2026-01-17T16:42:56.376226,,,load-balancer|product-service,ops-team,Application
INC1272,Database replica lag critical,Database replica lag critical affecting production environment,critical,resolved,2026-01-19T01:05:56.376226,2026-01-20T10:33:56.376226,2026-01-19T13:33:56.376226,order-service|api-gateway,platform-team,Database
INC1273,Kubernetes cluster node failure,Kubernetes cluster node failure affecting production environment,critical,resolved,2026-01-07T15:50:56.376226,2026-01-09T13:48:56.376226,2026-01-07T17:53:56.376226,database|email-service|cache-service,devops-team,Infrastructure
INC1274,Service mesh configuration error,Service mesh configuration error affecting production environment,low,open,2026-01-17T04:43:56.376226,,,product-service|oauth-provider|session-service,api-team,Infrastructure
INC1275,Load balancer health check failing,Load balancer health check failing affecting production environment,low,investigating,2026-01-19T17:52:56.376226,,,kubernetes,payments-team,Infrastructure
INC1276,Service mesh configuration error,Service mesh configuration error affecting production environment,medium,resolved,2026-01-08T08:41:56.376226,2026-01-09T06:17:56.376226,2026-01-08T10:16:56.376226,logging-service|ci-cd|cache-service,dba-team,Infrastructure
INC1277,Disk space critical on load-balancer nodes,Disk space critical on load-balancer nodes affecting production environment,low,open,2026-01-18T21:21:56.376226,,,fluentd|elasticsearch|search-service,infra-team,Storage
INC1278,Rate limiting misconfiguration,Rate limiting misconfiguration affecting production environment with intermittent failures,medium,investigating,2026-01-14T01:55:56.376226,,,search-service|notification-service,observability-team,Application
INC1279,CDN cache invalidation stuck,CDN cache invalidation stuck affecting production environment,low,open,2026-01-08T14:52:56.376226,,,cdn|rate-limiter,identity-team,Cache
INC1280,API response latency spike,API response latency spike affecting production environment with intermittent failures,high,open,2026-01-16T07:28:56.376226,,,kubernetes|rate-limiter|search-service,dba-team,Network
INC1281,Load balancer health check failing,Load balancer health check failing affecting production environment,high,resolved,2026-01-08T17:30:56.376226,2026-01-10T06:35:56.376226,2026-01-08T20:04:56.376226,logging-service|order-service|reporting-service,payments-team,Infrastructure
INC1282,Disk space critical on kubernetes nodes,Disk space critical on kubernetes nodes affecting production environment with sporadic failures,critical,investigating,2026-01-08T15:53:56.376226,,,oauth-provider|elasticsearch,payments-team,Infrastructure
INC1283,Database replica lag critical,Database replica lag critical affecting production environment,high,investigating,2026-01-15T17:13:56.376226,,,auth-service|cdn,devops-team,Database
INC1284,Third-party OAuth provider timeout,Third-party OAuth provider timeout affecting production environment,critical,open,2026-01-12T07:35:56.376226,,,kubernetes|email-service,devops-team,Security
INC1285,Database replica lag critical,Database replica lag critical affecting production environment with sporadic failures,medium,resolved,2026-01-21T06:23:56.376226,2026-01-23T05:18:56.376226,2026-01-21T18:29:56.376226,payment-service|notification-service|logging-service,payments-team,Database
INC1286,Redis cache connection failures,Redis cache connection failures affecting production environment,low,open,2026-01-15T14:20:56.376226,,,logging-service,payments-team,Cache
INC1287,Network latency to product region,Network latency to product region affecting production environment with consistent failures,high,open,2026-01-17T00:38:56.376226,,,checkout-service|frontend,security-team,Network
INC1288,Elasticsearch indexing delays,Elasticsearch indexing delays affecting production environment with intermittent failures,high,open,2026-01-09T08:33:56.376226,,,auth-service|oauth-provider,platform-team,Monitoring
INC1289,Container registry unavailable,Container registry unavailable affecting production environment,critical,investigating,2026-01-19T07:03:56.376226,,,api-gateway,payments-team,Infrastructure
INC1290,Disk space critical on rabbitmq nodes,Disk space critical on rabbitmq nodes affecting production environment with intermittent failures,medium,open,2026-01-08T10:13:56.376226,,,product-service|elasticsearch|search-service,search-team,Storage
INC1291,Redis cache connection failures,Redis cache connection failures affecting production environment,low,resolved,2026-01-12T09:42:56.376226,2026-01-13T18:49:56.376226,2026-01-12T11:10:56.376226,auth-service|cdn,search-team,Cache
INC1292,Container registry unavailable,Container registry unavailable affecting production environment with intermittent failures,high,investigating,2026-01-10T20:53:56.376226,,,session-service|email-service|fluentd,api-team,Infrastructure
INC1293,Container registry unavailable,Container registry unavailable affecting production environment with intermittent failures,high,resolved,2026-01-17T04:28:56.376226,2026-01-17T15:22:56.376226,2026-01-18T01:15:56.376226,checkout-service,devops-team,Infrastructure
INC1294,Database connection timeout,Database connection timeout affecting production environment,medium,open,2026-01-18T10:14:56.376226,,,user-service,devops-team,Database
INC1295,Redis cache connection failures,Redis cache connection failures affecting production environment with sporadic failures,high,investigating,2026-01-16T08:18:56.376226,,,frontend,payments-team,Cache
INC1296,Kubernetes cluster node failure,Kubernetes cluster node failure affecting production environment with intermittent failures,medium,investigating,2026-01-20T22:16:56.376226,,,auth-service,identity-team,Infrastructure
INC1297,Redis cache connection failures,Redis cache connection failures affecting production environment,high,investigating,2026-01-16T04:27:56.376226,,,search-service,ops-team,Cache
INC1298,Load balancer health check failing,Load balancer health check failing affecting production environment,medium,investigating,2026-01-07T11:50:56.376226,,,elasticsearch|read-replica|checkout-service,payments-team,Infrastructure
INC1299,Memory leak in auth service,Memory leak in auth service affecting production environment,medium,open,2026-01-12T20:33:56.376226,,,oauth-provider|frontend,dba-team,Application
INC1300,Rate limiting misconfiguration,Rate limiting misconfiguration affecting production environment,low,investigating,2026-01-14T10:23:56.376226,,,payment-service|search-service,observability-team,Application
INC1301,Network latency to product region,Network latency to product region affecting production environment with sporadic failures,low,investigating,2026-01-14T18:19:56.376226,,,notification-service|payment-service|email-service,dba-team,Network
INC1302,SSL certificate expiration warning,SSL certificate expiration warning affecting production environment with intermittent failures,medium,resolved,2026-01-08T17:32:56.376226,2026-01-10T15:57:56.376226,2026-01-10T04:54:56.376226,fulfillment-service|order-service,platform-team,Security
INC1303,Elasticsearch indexing delays,Elasticsearch indexing delays affecting production environment,high,investigating,2026-01-18T09:08:56.376226,,,read-replica|rabbitmq|cache-service,payments-team,Monitoring
INC1304,Database replica lag critical,Database replica lag critical affecting production environment,medium,resolved,2026-01-17T20:13:56.376226,2026-01-18T21:53:56.376226,2026-01-18T04:11:56.376226,rate-limiter,platform-team,Database
INC1305,Kubernetes cluster node failure,Kubernetes cluster node failure affecting production environment,low,open,2026-01-09T06:46:56.376226,,,rabbitmq,identity-team,Infrastructure
INC1306,Load balancer health check failing,Load balancer health check failing affecting production environment with intermittent failures,critical,investigating,2026-01-11T11:54:56.376226,,,elasticsearch,security-team,Infrastructure
INC1307,Disk space critical on search nodes,Disk space critical on search nodes affecting production environment,medium,investigating,2026-01-12T10:15:56.376226,,,oauth-provider|ci-cd|order-service,observability-team,Storage
INC1308,Database replica lag critical,Database replica lag critical affecting production environment with consistent failures,low,investigating,2026-01-13T14:27:56.376226,,,payment-service|order-service|email-service,identity-team,Database
INC1309,Memory leak in order service,Memory leak in order service affecting production environment with consistent failures,medium,investigating,2026-01-11T08:53:56.376226,,,api-gateway|kubernetes|read-replica,payments-team,Application
INC1310,Container registry unavailable,Container registry unavailable affecting production environment with sporadic failures,medium,open,2026-01-20T15:40:56.376226,,,notification-service,infra-team,Infrastructure
INC1311,Disk space critical on fulfillment nodes,Disk space critical on fulfillment nodes affecting production environment with sporadic failures,low,resolved,2026-01-12T11:40:56.376226,2026-01-14T09:13:56.376226,2026-01-12T17:57:56.376226,product-service,payments-team,Storage
INC1312,Memory leak in ci-cd service,Memory leak in ci-cd service affecting production environment,medium,resolved,2026-01-09T12:05:56.376226,2026-01-10T16:59:56.376226,2026-01-09T14:53:56.376226,cache-service,ops-team,Application
INC1313,Container registry unavailable,Container registry unavailable affecting production environment,critical,investigating,2026-01-10T18:30:56.376226,,,fluentd|reporting-service,observability-team,Infrastructure
INC1314,Third-party OAuth provider timeout,Third-party OAuth provider timeout affecting production environment,low,open,2026-01-19T07:34:56.376226,,,database,payments-team,Security
INC1315,Elasticsearch indexing delays,Elasticsearch indexing delays affecting production environment,medium,resolved,2026-01-13T07:03:56.376226,2026-01-13T20:18:56.376226,2026-01-13T09:04:56.376226,api-gateway|email-service,security-team,Monitoring
INC1316,SSL certificate expiration warning,SSL certificate expiration warning affecting production environment with intermittent failures,medium,open,2026-01-13T23:09:56.376226,,,logging-service|search-service,ops-team,Security
INC1317,Memory leak in read-replica service,Memory leak in read-replica service affecting production environment,low,resolved,2026-01-16T09:40:56.376226,2026-01-18T05:08:56.376226,2026-01-17T03:51:56.376226,load-balancer|order-service,dba-team,Application
INC1318,Certificate authority unreachable,Certificate authority unreachable affecting production environment,low,resolved,2026-01-12T02:28:56.376226,2026-01-13T04:21:56.376226,2026-01-12T04:50:56.376226,order-service|container-registry,identity-team,Security
INC1319,Log aggregation pipeline broken,Log aggregation pipeline broken affecting production environment with sporadic failures,critical,investigating,2026-01-07T21:12:56.376226,,,fulfillment-service|kubernetes|product-service,platform-team,Monitoring
INC1320,Load balancer health check failing,Load balancer health check failing affecting production environment with consistent failures,critical,resolved,2026-01-11T18:12:56.376226,2026-01-12T13:09:56.376226,2026-01-11T19:26:56.376226,container-registry|read-replica,infra-team,Infrastructure
INC1321,Log aggregation pipeline broken,Log aggregation pipeline broken affecting production environment with consistent failures,high,open,2026-01-06T22:11:56.376226,,,email-service|rabbitmq,identity-team,Monitoring
INC1322,Elasticsearch indexing delays,Elasticsearch indexing delays affecting production environment with sporadic failures,high,open,2026-01-19T16:57:56.376226,,,fulfillment-service|load-balancer|rabbitmq,search-team,Monitoring
INC1323,Certificate authority unreachable,Certificate authority unreachable affecting production environment with sporadic failures,critical,resolved,2026-01-19T14:32:56.376226,2026-01-21T03:38:56.376226,2026-01-19T21:25:56.376226,logging-service,platform-team,Security
INC1324,Message queue backlog growing,Message queue backlog growing affecting production environment with sporadic failures,critical,investigating,2026-01-17T09:20:56.376226,,,rabbitmq|kubernetes,dba-team,Monitoring
INC1325,API response latency spike,API response latency spike affecting production environment with sporadic failures,critical,investigating,2026-01-08T19:06:56.376226,,,order-service|session-service,search-team,Network
INC1326,Database connection timeout,Database connection timeout affecting production environment with consistent failures,high,resolved,2026-01-12T05:41:56.376226,2026-01-13T00:09:56.376226,2026-01-12T08:51:56.376226,search-service,identity-team,Database
INC1327,CDN cache invalidation stuck,CDN cache invalidation stuck affecting production environment with intermittent failures,medium,resolved,2026-01-19T12:07:56.376226,2026-01-20T09:54:56.376226,2026-01-19T19:48:56.376226,logging-service|product-service,payments-team,Cache
INC1328,Load balancer health check failing,Load balancer health check failing affecting production environment with consistent failures,high,resolved,2026-01-15T18:17:56.376226,2026-01-16T09:37:56.376226,2026-01-15T21:41:56.376226,order-service|elasticsearch,api-team,Infrastructure
INC1329,Container registry unavailable,Container registry unavailable affecting production environment,critical,resolved,2026-01-13T00:42:56.376226,2026-01-14T23:13:56.376226,2026-01-13T06:45:56.376226,search-service|rate-limiter,identity-team,Infrastructure
INC1330,Message queue backlog growing,Message queue backlog growing affecting production environment with intermittent failures,high,open,2026-01-08T01:03:56.376226,,,read-replica|fluentd,observability-team,Monitoring
INC1331,Network latency to session region,Network latency to session region affecting production environment with sporadic failures,medium,investigating,2026-01-16T16:30:56.376226,,,api-gateway,api-team,Network
INC1332,Certificate authority unreachable,Certificate authority unreachable affecting production environment with sporadic failures,critical,investigating,2026-01-12T11:48:56.376226,,,payment-service|cdn,api-team,Security
INC1333,Third-party OAuth provider timeout,Third-party OAuth provider timeout affecting production environment with intermittent failures,high,open,2026-01-13T19:41:56.376226,,,payment-service|ci-cd|cache-service,ops-team,Security
INC1334,Load balancer health check failing,Load balancer health check failing affecting production environment,medium,open,2026-01-21T01:54:56.376226,,,rate-limiter|notification-service|payment-service,ops-team,Infrastructure
INC1335,Third-party OAuth provider timeout,Third-party OAuth provider timeout affecting production environment,low,resolved,2026-01-14T08:52:56.376226,2026-01-15T21:27:56.376226,2026-01-14T12:26:56.376226,notification-service|frontend|checkout-service,dba-team,Security
INC1336,Service mesh configuration error,Service mesh configuration error affecting production environment,critical,resolved,2026-01-19T06:17:56.376226,2026-01-19T23:44:56.376226,2026-01-19T15:07:56.376226,product-service|email-service,infra-team,Infrastructure
INC1337,Network latency to product region,Network latency to product region affecting production environment,medium,investigating,2026-01-20T16:41:56.376226,,,rabbitmq|payment-service|order-service,dba-team,Network
INC1338,Load balancer health check failing,Load balancer health check failing affecting production environment with intermittent failures,medium,resolved,2026-01-12T17:10:56.376226,2026-01-14T11:45:56.376226,2026-01-12T21:36:56.376226,oauth-provider,security-team,Infrastructure
INC1339,Service mesh configuration error,Service mesh configuration error affecting production environment with consistent failures,critical,investigating,2026-01-08T19:01:56.376226,,,reporting-service|container-registry,ops-team,Infrastructure
INC1340,Message queue backlog growing,Message queue backlog growing affecting production environment,medium,open,2026-01-17T05:30:56.376226,,,cache-service|rabbitmq|elasticsearch,ops-team,Monitoring
INC1341,Certificate authority unreachable,Certificate authority unreachable affecting production environment,medium,investigating,2026-01-10T15:54:56.376226,,,reporting-service|fluentd,observability-team,Security
INC1342,Third-party OAuth provider timeout,Third-party OAuth provider timeout affecting production environment,critical,resolved,2026-01-16T05:21:56.376226,2026-01-16T07:00:56.376226,2026-01-16T16:24:56.376226,fluentd,infra-team,Security
INC1343,Service mesh configuration error,Service mesh configuration error affecting production environment,low,resolved,2026-01-08T10:52:56.376226,2026-01-10T10:02:56.376226,2026-01-08T20:59:56.376226,notification-service|email-service|fulfillment-service,payments-team,Infrastructure
INC1344,Kubernetes cluster node failure,Kubernetes cluster node failure affecting production environment,critical,resolved,2026-01-07T21:51:56.376226,2026-01-09T11:35:56.376226,2026-01-08T01:34:56.376226,cdn|rate-limiter|frontend,search-team,Infrastructure
INC1345,Load balancer health check failing,Load balancer health check failing affecting production environment,high,open,2026-01-08T03:48:56.376226,,,fluentd,search-team,Infrastructure
INC1346,CDN cache invalidation stuck,CDN cache invalidation stuck affecting production environment,medium,investigating,2026-01-13T00:40:56.376226,,,container-registry|api-gateway,infra-team,Cache
INC1347,Rate limiting misconfiguration,Rate limiting misconfiguration affecting production environment with sporadic failures,high,open,2026-01-21T13:29:56.376226,,,user-service|ci-cd|product-service,api-team,Application
INC1348,Kubernetes cluster node failure,Kubernetes cluster node failure affecting production environment,low,open,2026-01-12T06:45:56.376226,,,rate-limiter,devops-team,Infrastructure
INC1349,Service mesh configuration error,Service mesh configuration error affecting production environment,low,open,2026-01-10T15:05:56.376226,,,checkout-service|reporting-service,platform-team,Infrastructure
INC1350,Message queue backlog growing,Message queue backlog growing affecting production environment,medium,resolved,2026-01-12T12:37:56.376226,2026-01-13T18:22:56.376226,2026-01-12T15:16:56.376226,read-replica,payments-team,Monitoring
INC1351,Rate limiting misconfiguration,Rate limiting misconfiguration affecting production environment,low,resolved,2026-01-20T22:17:56.376226,2026-01-21T19:16:56.376226,2026-01-21T05:42:56.376226,order-service|product-service,observability-team,Application
INC1352,Kubernetes cluster node failure,Kubernetes cluster node failure affecting production environment with intermittent failures,low,investigating,2026-01-10T13:35:56.376226,,,search-service|oauth-provider|ci-cd,dba-team,Infrastructure
INC1353,Container registry unavailable,Container registry unavailable affecting production environment with intermittent failures,low,investigating,2026-01-10T05:35:56.376226,,,load-balancer,identity-team,Infrastructure
INC1354,Redis cache connection failures,Redis cache connection failures affecting production environment with intermittent failures,high,open,2026-01-21T10:17:56.376226,,,fluentd|logging-service|load-balancer,devops-team,Cache
INC1355,Memory leak in kubernetes service,Memory leak in kubernetes service affecting production environment with sporadic failures,high,resolved,2026-01-16T13:10:56.376226,2026-01-18T00:43:56.376226,2026-01-16T14:24:56.376226,logging-service|reporting-service,observability-team,Application
INC1356,Redis cache connection failures,Redis cache connection failures affecting production environment,medium,investigating,2026-01-19T00:44:56.376226,,,frontend|cdn|api-gateway,identity-team,Cache
INC1357,Database connection timeout,Database connection timeout affecting production environment,high,resolved,2026-01-14T13:50:56.376226,2026-01-15T10:21:56.376226,2026-01-15T07:03:56.376226,logging-service|ci-cd,ops-team,Database
INC1358,Disk space critical on load-balancer nodes,Disk space critical on load-balancer nodes affecting production environment,low,investigating,2026-01-21T13:13:56.376226,,,reporting-service|checkout-service|container-registry,infra-team,Storage
INC1359,API response latency spike,API response latency spike affecting production environment with intermittent failures,high,investigating,2026-01-10T06:00:56.376226,,,load-balancer,observability-team,Network
INC1360,Log aggregation pipeline broken,Log aggregation pipeline broken affecting production environment with sporadic failures,medium,resolved,2026-01-12T16:10:56.376226,2026-01-12T20:08:56.376226,2026-01-13T01:38:56.376226,order-service,identity-team,Monitoring
INC1361,Kubernetes cluster node failure,Kubernetes cluster node failure affecting production environment with sporadic failures,high,open,2026-01-18T00:57:56.376226,,,rabbitmq,observability-team,Infrastructure
INC1362,Certificate authority unreachable,Certificate authority unreachable affecting production environment,critical,investigating,2026-01-10T19:23:56.376226,,,ci-cd,infra-team,Security
INC1363,Kubernetes cluster node failure,Kubernetes cluster node failure affecting production environment with intermittent failures,high,investigating,2026-01-06T22:35:56.376226,,,email-service|fulfillment-service|ci-cd,security-team,Infrastructure
INC1364,Log aggregation pipeline broken,Log aggregation pipeline broken affecting production environment with sporadic failures,high,open,2026-01-21T15:13:56.376226,,,frontend|fluentd,ops-team,Monitoring
INC1365,Log aggregation pipeline broken,Log aggregation pipeline broken affecting production environment with consistent failures,high,open,2026-01-20T09:42:56.376226,,,auth-service|container-registry|fluentd,search-team,Monitoring
INC1366,API response latency spike,API response latency spike affecting production environment with consistent failures,medium,resolved,2026-01-18T01:30:56.376226,2026-01-19T18:37:56.376226,2026-01-18T09:05:56.376226,checkout-service,identity-team,Network
INC1367,Payment service 500 errors,Payment service 500 errors affecting production environment,high,open,2026-01-18T03:09:56.376226,,,fluentd|cdn|session-service,dba-team,Payments
INC1368,Third-party OAuth provider timeout,Third-party OAuth provider timeout affecting production environment,high,open,2026-01-18T21:51:56.376226,,,api-gateway,dba-team,Security
INC1369,Load balancer health check failing,Load balancer health check failing affecting production environment,low,investigating,2026-01-13T21:33:56.376226,,,user-service,search-team,Infrastructure
INC1370,Kubernetes cluster node failure,Kubernetes cluster node failure affecting production environment,low,open,2026-01-13T13:49:56.376226,,,elasticsearch|payment-service,identity-team,Infrastructure
INC1371,Certificate authority unreachable,Certificate authority unreachable affecting production environment with sporadic failures,medium,open,2026-01-18T04:28:56.376226,,,auth-service|payment-service|search-service,security-team,Security
INC1372,Kubernetes cluster node failure,Kubernetes cluster node failure affecting production environment,medium,resolved,2026-01-07T06:50:56.376226,2026-01-07T17:08:56.376226,2026-01-07T07:23:56.376226,api-gateway|email-service|checkout-service,observability-team,Infrastructure
INC1373,Redis cache connection failures,Redis cache connection failures affecting production environment,critical,investigating,2026-01-10T13:59:56.376226,,,reporting-service|checkout-service,payments-team,Cache
INC1374,Network latency to search region,Network latency to search region affecting production environment,low,investigating,2026-01-15T11:27:56.376226,,,elasticsearch|checkout-service|search-service,infra-team,Network
INC1375,API response latency spike,API response latency spike affecting production environment,low,resolved,2026-01-09T18:50:56.376226,2026-01-09T20:26:56.376226,2026-01-09T20:32:56.376226,load-balancer,search-team,Network
INC1376,Service mesh configuration error,Service mesh configuration error affecting production environment,medium,resolved,2026-01-07T13:00:56.376226,2026-01-07T18:01:56.376226,2026-01-07T16:07:56.376226,load-balancer|database|rabbitmq,observability-team,Infrastructure
INC1377,Container registry unavailable,Container registry unavailable affecting production environment,critical,investigating,2026-01-14T13:42:56.376226,,,container-registry|oauth-provider,identity-team,Infrastructure
INC1378,SSL certificate expiration warning,SSL certificate expiration warning affecting production environment,high,open,2026-01-09T04:06:56.376226,,,checkout-service|cdn|cache-service,payments-team,Security
INC1379,Message queue backlog growing,Message queue backlog growing affecting production environment with consistent failures,high,open,2026-01-07T08:52:56.376226,,,reporting-service|kubernetes|email-service,search-team,Monitoring
INC1380,SSL certificate expiration warning,SSL certificate expiration warning affecting production environment with consistent failures,medium,investigating,2026-01-13T07:55:56.376226,,,oauth-provider|cdn|product-service,infra-team,Security
INC1381,Database replica lag critical,Database replica lag critical affecting production environment with intermittent failures,medium,open,2026-01-10T16:38:56.376226,,,notification-service|kubernetes|elasticsearch,observability-team,Database
INC1382,Certificate authority unreachable,Certificate authority unreachable affecting production environment,critical,resolved,2026-01-12T14:45:56.376226,2026-01-13T05:10:56.376226,2026-01-12T15:37:56.376226,database,api-team,Security
INC1383,Network latency to container-registry region,Network latency to container-registry region affecting production environment,critical,open,2026-01-12T12:22:56.376226,,,ci-cd,search-team,Infrastructure
INC1384,Disk space critical on frontend nodes,Disk space critical on frontend nodes affecting production environment,critical,investigating,2026-01-16T23:43:56.376226,,,ci-cd|rabbitmq|logging-service,payments-team,Storage
INC1385,Container registry unavailable,Container registry unavailable affecting production environment with intermittent failures,medium,investigating,2026-01-12T08:41:56.376226,,,payment-service|logging-service|database,infra-team,Infrastructure
INC1386,Certificate authority unreachable,Certificate authority unreachable affecting production environment with sporadic failures,low,resolved,2026-01-07T20:31:56.376226,2026-01-07T22:31:56.376226,2026-01-07T23:47:56.376226,search-service,api-team,Security
INC1387,Database replica lag critical,Database replica lag critical affecting production environment with consistent failures,medium,resolved,2026-01-09T00:45:56.376226,2026-01-09T06:08:56.376226,2026-01-09T14:44:56.376226,search-service|rabbitmq|load-balancer,identity-team,Database
INC1388,Load balancer health check failing,Load balancer health check failing affecting production environment,medium,investigating,2026-01-10T22:17:56.376226,,,checkout-service|payment-service|frontend,api-team,Infrastructure
INC1389,Network latency to fulfillment region,Network latency to fulfillment region affecting production environment,critical,resolved,2026-01-21T01:33:56.376226,2026-01-22T20:42:56.376226,2026-01-21T03:15:56.376226,order-service|logging-service,ops-team,Network
INC1390,SSL certificate expiration warning,SSL certificate expiration warning affecting production environment with consistent failures,critical,investigating,2026-01-07T13:10:56.376226,,,oauth-provider|rabbitmq,devops-team,Security
INC1391,Kubernetes cluster node failure,Kubernetes cluster node failure affecting production environment,low,investigating,2026-01-17T12:48:56.376226,,,api-gateway|product-service,api-team,Infrastructure
INC1392,Kubernetes cluster node failure,Kubernetes cluster node failure affecting production environment,high,resolved,2026-01-12T22:33:56.376226,2026-01-14T17:45:56.376226,2026-01-14T00:46:56.376226,search-service|session-service|fluentd,api-team,Infrastructure
INC1393,Message queue backlog growing,Message queue backlog growing affecting production environment with consistent failures,low,resolved,2026-01-21T12:52:56.376226,2026-01-22T00:15:56.376226,2026-01-21T13:21:56.376226,notification-service|read-replica,security-team,Monitoring
INC1394,Disk space critical on auth nodes,Disk space critical on auth nodes affecting production environment,medium,open,2026-01-17T02:10:56.376226,,,cache-service|oauth-provider,search-team,Storage
INC1395,Database replica lag critical,Database replica lag critical affecting production environment,critical,resolved,2026-01-14T19:34:56.376226,2026-01-16T11:34:56.376226,2026-01-14T23:17:56.376226,rabbitmq|auth-service|session-service,search-team,Database
INC1396,Redis cache connection failures,Redis cache connection failures affecting production environment with consistent failures,critical,investigating,2026-01-13T04:49:56.376226,,,kubernetes|rate-limiter|frontend,search-team,Cache
INC1397,Database replica lag critical,Database replica lag critical affecting production environment,high,resolved,2026-01-11T11:38:56.376226,2026-01-12T19:56:56.376226,2026-01-11T13:10:56.376226,api-gateway|oauth-provider,observability-team,Database
INC1398,Payment service 500 errors,Payment service 500 errors affecting production environment with consistent failures,low,open,2026-01-18T23:17:56.376226,,,email-service,api-team,Payments
INC1399,Kubernetes cluster node failure,Kubernetes cluster node failure affecting production environment,medium,resolved,2026-01-19T02:15:56.376226,2026-01-19T09:10:56.376226,2026-01-19T16:49:56.376226,auth-service,ops-team,Infrastructure
INC1400,Database replica lag critical,Database replica lag critical affecting production environment with sporadic failures,low,open,2026-01-16T15:21:56.376226,,,container-registry|kubernetes,infra-team,Database
INC1401,Memory leak in fulfillment service,Memory leak in fulfillment service affecting production environment,medium,open,2026-01-21T18:25:56.376226,,,checkout-service,api-team,Application
INC1402,Payment service 500 errors,Payment service 500 errors affecting production environment,medium,open,2026-01-07T16:31:56.376226,,,search-service|container-registry,dba-team,Payments
INC1403,Redis cache connection failures,Redis cache connection failures affecting production environment,medium,resolved,2026-01-14T14:11:56.376226,2026-01-15T02:41:56.376226,2026-01-14T23:29:56.376226,elasticsearch|ci-cd,devops-team,Cache
INC1404,API response latency spike,API response latency spike affecting production environment,low,open,2026-01-09T00:42:56.376226,,,reporting-service,devops-team,Network
INC1405,Redis cache connection failures,Redis cache connection failures affecting production environment with sporadic failures,low,open,2026-01-09T05:14:56.376226,,,checkout-service,search-team,Cache
INC1406,Service mesh configuration error,Service mesh configuration error affecting production environment,critical,investigating,2026-01-11T06:13:56.376226,,,read-replica,ops-team,Infrastructure
INC1407,CDN cache invalidation stuck,CDN cache invalidation stuck affecting production environment,medium,open,2026-01-06T20:57:56.376226,,,elasticsearch|user-service,devops-team,Cache
INC1408,Log aggregation pipeline broken,Log aggregation pipeline broken affecting production environment,critical,resolved,2026-01-12T13:15:56.376226,2026-01-13T13:59:56.376226,2026-01-12T14:50:56.376226,fulfillment-service|ci-cd|api-gateway,devops-team,Monitoring
INC1409,CDN cache invalidation stuck,CDN cache invalidation stuck affecting production environment with consistent failures,critical,investigating,2026-01-14T04:14:56.376226,,,search-service|reporting-service,platform-team,Cache
INC1410,Elasticsearch indexing delays,Elasticsearch indexing delays affecting production environment with intermittent failures,high,investigating,2026-01-14T08:46:56.376226,,,oauth-provider|kubernetes,identity-team,Monitoring
INC1411,Rate limiting misconfiguration,Rate limiting misconfiguration affecting production environment,critical,resolved,2026-01-19T04:50:56.376226,2026-01-20T21:59:56.376226,2026-01-19T07:41:56.376226,product-service|auth-service,search-team,Application
INC1412,Kubernetes cluster node failure,Kubernetes cluster node failure affecting production environment,medium,open,2026-01-07T18:51:56.376226,,,payment-service|cache-service,infra-team,Infrastructure
INC1413,Redis cache connection failures,Redis cache connection failures affecting production environment,critical,resolved,2026-01-15T02:40:56.376226,2026-01-15T16:11:56.376226,2026-01-15T04:45:56.376226,elasticsearch|database|frontend,search-team,Cache
INC1414,Kubernetes cluster node failure,Kubernetes cluster node failure affecting production environment,low,investigating,2026-01-07T20:46:56.376226,,,database|fulfillment-service|session-service,payments-team,Infrastructure
INC1415,Elasticsearch indexing delays,Elasticsearch indexing delays affecting production environment with consistent failures,medium,investigating,2026-01-13T18:45:56.376226,,,checkout-service|search-service|container-registry,security-team,Monitoring
INC1416,Certificate authority unreachable,Certificate authority unreachable affecting production environment,low,resolved,2026-01-09T10:44:56.376226,2026-01-10T09:30:56.376226,2026-01-09T14:29:56.376226,rate-limiter|fluentd,payments-team,Security
INC1417,Message queue backlog growing,Message queue backlog growing affecting production environment with consistent failures,low,open,2026-01-14T05:52:56.376226,,,notification-service,infra-team,Monitoring
INC1418,Elasticsearch indexing delays,Elasticsearch indexing delays affecting production environment with consistent failures,critical,resolved,2026-01-12T16:38:56.376226,2026-01-13T01:58:56.376226,2026-01-13T15:29:56.376226,rabbitmq|email-service|fluentd,devops-team,Monitoring
INC1419,Certificate authority unreachable,Certificate authority unreachable affecting production environment,medium,investigating,2026-01-16T10:22:56.376226,,,search-service,dba-team,Security
INC1420,Memory leak in cdn service,Memory leak in cdn service affecting production environment with sporadic failures,high,open,2026-01-15T09:55:56.376226,,,elasticsearch|cache-service|api-gateway,identity-team,Application
INC1421,Container registry unavailable,Container registry unavailable affecting production environment with consistent failures,medium,investigating,2026-01-19T19:56:56.376226,,,email-service,observability-team,Infrastructure
INC1422,Database connection timeout,Database connection timeout affecting production environment,critical,resolved,2026-01-11T04:57:56.376226,2026-01-12T02:35:56.376226,2026-01-11T07:22:56.376226,notification-service|load-balancer|rate-limiter,observability-team,Database
INC1423,Redis cache connection failures,Redis cache connection failures affecting production environment with sporadic failures,low,investigating,2026-01-17T20:13:56.376226,,,read-replica,dba-team,Cache
INC1424,Third-party OAuth provider timeout,Third-party OAuth provider timeout affecting production environment,critical,resolved,2026-01-11T02:39:56.376226,2026-01-11T12:57:56.376226,2026-01-11T05:37:56.376226,auth-service,observability-team,Security
INC1425,Log aggregation pipeline broken,Log aggregation pipeline broken affecting production environment,critical,investigating,2026-01-09T13:54:56.376226,,,order-service|cache-service,identity-team,Monitoring
INC1426,CDN cache invalidation stuck,CDN cache invalidation stuck affecting production environment,critical,investigating,2026-01-09T04:27:56.376226,,,user-service,infra-team,Cache
INC1427,Network latency to database region,Network latency to database region affecting production environment,high,resolved,2026-01-13T11:27:56.376226,2026-01-15T04:54:56.376226,2026-01-13T13:21:56.376226,search-service|cdn|checkout-service,infra-team,Database
INC1428,Certificate authority unreachable,Certificate authority unreachable affecting production environment with intermittent failures,high,investigating,2026-01-16T12:28:56.376226,,,user-service|elasticsearch|fluentd,payments-team,Security
INC1429,Load balancer health check failing,Load balancer health check failing affecting production environment,low,open,2026-01-08T21:59:56.376226,,,fluentd,platform-team,Infrastructure
INC1430,Payment service 500 errors,Payment service 500 errors affecting production environment with consistent failures,high,open,2026-01-13T05:14:56.376226,,,database,search-team,Payments
INC1431,Network latency to user region,Network latency to user region affecting production environment with sporadic failures,critical,resolved,2026-01-19T21:18:56.376226,2026-01-20T11:46:56.376226,2026-01-20T02:51:56.376226,order-service,security-team,Network
INC1432,Elasticsearch indexing delays,Elasticsearch indexing delays affecting production environment,low,open,2026-01-17T16:40:56.376226,,,user-service|email-service,platform-team,Monitoring
INC1433,SSL certificate expiration warning,SSL certificate expiration warning affecting production environment with intermittent failures,high,investigating,2026-01-13T15:08:56.376226,,,auth-service|read-replica,security-team,Security
INC1434,Load balancer health check failing,Load balancer health check failing affecting production environment,critical,resolved,2026-01-10T12:28:56.376226,2026-01-11T02:42:56.376226,2026-01-10T16:55:56.376226,database|auth-service|product-service,api-team,Infrastructure
INC1435,Service mesh configuration error,Service mesh configuration error affecting production environment with sporadic failures,medium,investigating,2026-01-09T23:00:56.376226,,,container-registry,devops-team,Infrastructure
INC1436,Third-party OAuth provider timeout,Third-party OAuth provider timeout affecting production environment,high,resolved,2026-01-13T00:19:56.376226,2026-01-13T14:07:56.376226,2026-01-13T03:10:56.376226,cache-service|search-service|notification-service,infra-team,Security
INC1437,CDN cache invalidation stuck,CDN cache invalidation stuck affecting production environment,high,investigating,2026-01-07T09:04:56.376226,,,ci-cd|read-replica|logging-service,search-team,Cache
INC1438,Redis cache connection failures,Redis cache connection failures affecting production environment,low,investigating,2026-01-18T22:13:56.376226,,,notification-service,devops-team,Cache
INC1439,Third-party OAuth provider timeout,Third-party OAuth provider timeout affecting production environment with sporadic failures,medium,resolved,2026-01-20T03:49:56.376226,2026-01-21T09:52:56.376226,2026-01-20T12:29:56.376226,container-registry|email-service|rabbitmq,security-team,Security
INC1440,Redis cache connection failures,Redis cache connection failures affecting production environment with consistent failures,low,open,2026-01-20T00:21:56.376226,,,notification-service|database,search-team,Cache
INC1441,Database replica lag critical,Database replica lag critical affecting production environment,critical,resolved,2026-01-14T12:04:56.376226,2026-01-15T07:54:56.376226,2026-01-15T00:00:56.376226,kubernetes|email-service|api-gateway,devops-team,Database
INC1442,Memory leak in auth service,Memory leak in auth service affecting production environment with sporadic failures,low,open,2026-01-10T18:45:56.376226,,,cdn|elasticsearch,devops-team,Application
INC1443,Kubernetes cluster node failure,Kubernetes cluster node failure affecting production environment,high,open,2026-01-17T00:53:56.376226,,,product-service|api-gateway|cache-service,search-team,Infrastructure
INC1444,Database connection timeout,Database connection timeout affecting production environment,low,open,2026-01-10T22:42:56.376226,,,rate-limiter|notification-service,api-team,Database
INC1445,Database connection timeout,Database connection timeout affecting production environment with consistent failures,medium,open,2026-01-07T21:12:56.376226,,,oauth-provider,devops-team,Database
INC1446,Network latency to cache region,Network latency to cache region affecting production environment,critical,investigating,2026-01-08T07:09:56.376226,,,auth-service|user-service,identity-team,Network
INC1447,Log aggregation pipeline broken,Log aggregation pipeline broken affecting production environment with consistent failures,medium,open,2026-01-15T20:08:56.376226,,,logging-service,security-team,Monitoring
INC1448,Third-party OAuth provider timeout,Third-party OAuth provider timeout affecting production environment with intermittent failures,high,open,2026-01-17T03:21:56.376226,,,email-service,identity-team,Security
INC1449,Database connection timeout,Database connection timeout affecting production environment with intermittent failures,critical,investigating,2026-01-10T17:20:56.376226,,,user-service|session-service|product-service,api-team,Database
INC1450,Certificate authority unreachable,Certificate authority unreachable affecting production environment,critical,resolved,2026-01-17T06:12:56.376226,2026-01-18T18:46:56.376226,2026-01-18T05:52:56.376226,search-service,observability-team,Security
INC1451,Message queue backlog growing,Message queue backlog growing affecting production environment,critical,investigating,2026-01-10T23:18:56.376226,,,logging-service|database|ci-cd,dba-team,Monitoring
INC1452,Log aggregation pipeline broken,Log aggregation pipeline broken affecting production environment,critical,resolved,2026-01-12T06:07:56.376226,2026-01-13T12:35:56.376226,2026-01-12T09:08:56.376226,kubernetes|ci-cd|checkout-service,ops-team,Monitoring
INC1453,Database replica lag critical,Database replica lag critical affecting production environment with sporadic failures,medium,resolved,2026-01-12T12:06:56.376226,2026-01-14T12:16:56.376226,2026-01-12T18:19:56.376226,payment-service|load-balancer|rate-limiter,platform-team,Database
INC1454,Container registry unavailable,Container registry unavailable affecting production environment,critical,resolved,2026-01-14T22:02:56.376226,2026-01-14T23:18:56.376226,2026-01-15T01:22:56.376226,ci-cd|checkout-service|elasticsearch,platform-team,Infrastructure
INC1455,Database replica lag critical,Database replica lag critical affecting production environment,high,resolved,2026-01-20T06:01:56.376226,2026-01-21T08:34:56.376226,2026-01-20T19:32:56.376226,load-balancer|cdn|email-service,devops-team,Database
INC1456,Message queue backlog growing,Message queue backlog growing affecting production environment with sporadic failures,low,open,2026-01-17T14:55:56.376226,,,load-balancer,platform-team,Monitoring
INC1457,Database connection timeout,Database connection timeout affecting production environment with sporadic failures,low,investigating,2026-01-08T21:10:56.376226,,,email-service|logging-service,search-team,Database
INC1458,Third-party OAuth provider timeout,Third-party OAuth provider timeout affecting production environment with sporadic failures,low,open,2026-01-06T18:27:56.376226,,,order-service|notification-service,payments-team,Security
INC1459,Payment service 500 errors,Payment service 500 errors affecting production environment,critical,investigating,2026-01-12T19:10:56.376226,,,session-service|search-service|cdn,infra-team,Payments
INC1460,Redis cache connection failures,Redis cache connection failures affecting production environment,critical,investigating,2026-01-13T19:57:56.376226,,,product-service|auth-service,security-team,Cache
INC1461,Load balancer health check failing,Load balancer health check failing affecting production environment with consistent failures,low,investigating,2026-01-18T13:05:56.376226,,,ci-cd|database,ops-team,Infrastructure
INC1462,Container registry unavailable,Container registry unavailable affecting production environment,critical,resolved,2026-01-08T02:12:56.376226,2026-01-10T00:52:56.376226,2026-01-08T05:52:56.376226,oauth-provider,search-team,Infrastructure
INC1463,Database replica lag critical,Database replica lag critical affecting production environment,critical,resolved,2026-01-18T08:39:56.376226,2026-01-20T01:05:56.376226,2026-01-20T06:48:56.376226,auth-service,observability-team,Database
INC1464,SSL certificate expiration warning,SSL certificate expiration warning affecting production environment with sporadic failures,low,resolved,2026-01-13T20:58:56.376226,2026-01-14T09:27:56.376226,2026-01-14T01:28:56.376226,fluentd|rabbitmq,search-team,Security
INC1465,Network latency to container-registry region,Network latency to container-registry region affecting production environment with consistent failures,low,resolved,2026-01-15T09:37:56.376226,2026-01-16T14:55:56.376226,2026-01-15T16:35:56.376226,user-service,security-team,Infrastructure
INC1466,Certificate authority unreachable,Certificate authority unreachable affecting production environment,low,resolved,2026-01-08T20:38:56.376226,2026-01-10T04:09:56.376226,2026-01-08T21:57:56.376226,auth-service,search-team,Security
INC1467,Kubernetes cluster node failure,Kubernetes cluster node failure affecting production environment with intermittent failures,high,open,2026-01-10T05:21:56.376226,,,rabbitmq|kubernetes|database,platform-team,Infrastructure
INC1468,Rate limiting misconfiguration,Rate limiting misconfiguration affecting production environment with intermittent failures,low,open,2026-01-08T23:13:56.376226,,,rabbitmq|auth-service|oauth-provider,identity-team,Application
INC1469,Message queue backlog growing,Message queue backlog growing affecting production environment with consistent failures,low,resolved,2026-01-15T16:49:56.376226,2026-01-17T10:23:56.376226,2026-01-16T03:14:56.376226,frontend,identity-team,Monitoring
INC1470,API response latency spike,API response latency spike affecting production environment,critical,open,2026-01-11T15:48:56.376226,,,cdn|read-replica,platform-team,Network
INC1471,SSL certificate expiration warning,SSL certificate expiration warning affecting production environment,medium,open,2026-01-16T00:08:56.376226,,,oauth-provider,observability-team,Security
INC1472,Network latency to product region,Network latency to product region affecting production environment with consistent failures,low,resolved,2026-01-09T12:52:56.376226,2026-01-09T21:27:56.376226,2026-01-09T14:20:56.376226,email-service,platform-team,Network
INC1473,SSL certificate expiration warning,SSL certificate expiration warning affecting production environment,critical,resolved,2026-01-06T21:59:56.376226,2026-01-08T17:16:56.376226,2026-01-07T10:16:56.376226,read-replica|auth-service|session-service,payments-team,Security
INC1474,Database replica lag critical,Database replica lag critical affecting production environment with consistent failures,medium,open,2026-01-17T09:56:56.376226,,,notification-service|order-service,payments-team,Database
INC1475,Container registry unavailable,Container registry unavailable affecting production environment with sporadic failures,low,open,2026-01-16T23:20:56.376226,,,payment-service|kubernetes|logging-service,api-team,Infrastructure
INC1476,Load balancer health check failing,Load balancer health check failing affecting production environment with intermittent failures,medium,open,2026-01-17T08:19:56.376226,,,product-service|email-service|load-balancer,security-team,Infrastructure
INC1477,Log aggregation pipeline broken,Log aggregation pipeline broken affecting production environment,critical,resolved,2026-01-07T01:08:56.376226,2026-01-09T01:07:56.376226,2026-01-07T21:35:56.376226,cdn|oauth-provider,devops-team,Monitoring
INC1478,Elasticsearch indexing delays,Elasticsearch indexing delays affecting production environment with intermittent failures,critical,resolved,2026-01-13T15:21:56.376226,2026-01-15T08:31:56.376226,2026-01-13T19:12:56.376226,fulfillment-service,dba-team,Monitoring
INC1479,Third-party OAuth provider timeout,Third-party OAuth provider timeout affecting production environment,low,investigating,2026-01-15T18:52:56.376226,,,reporting-service,api-team,Security
INC1480,SSL certificate expiration warning,SSL certificate expiration warning affecting production environment with intermittent failures,high,investigating,2026-01-13T02:55:56.376226,,,rate-limiter|search-service|session-service,dba-team,Security
INC1481,Certificate authority unreachable,Certificate authority unreachable affecting production environment,high,investigating,2026-01-15T09:50:56.376226,,,rabbitmq|fluentd|reporting-service,observability-team,Security
INC1482,Certificate authority unreachable,Certificate authority unreachable affecting production environment with sporadic failures,medium,investigating,2026-01-11T21:10:56.376226,,,search-service|reporting-service,dba-team,Security
INC1483,Certificate authority unreachable,Certificate authority unreachable affecting production environment with consistent failures,high,investigating,2026-01-20T04:04:56.376226,,,email-service|search-service|rabbitmq,platform-team,Security
INC1484,Message queue backlog growing,Message queue backlog growing affecting production environment with intermittent failures,high,resolved,2026-01-17T07:43:56.376226,2026-01-18T01:21:56.376226,2026-01-17T12:31:56.376226,ci-cd|notification-service,devops-team,Monitoring
INC1485,SSL certificate expiration warning,SSL certificate expiration warning affecting production environment with sporadic failures,high,open,2026-01-17T15:49:56.376226,,,reporting-service|search-service|notification-service,identity-team,Security
INC1486,Service mesh configuration error,Service mesh configuration error affecting production environment with intermittent failures,high,resolved,2026-01-10T01:04:56.376226,2026-01-11T18:57:56.376226,2026-01-10T07:17:56.376226,checkout-service|container-registry,identity-team,Infrastructure
INC1487,Message queue backlog growing,Message queue backlog growing affecting production environment,critical,resolved,2026-01-16T09:00:56.376226,2026-01-17T07:09:56.376226,2026-01-16T19:58:56.376226,fulfillment-service|api-gateway,security-team,Monitoring
INC1488,Memory leak in cdn service,Memory leak in cdn service affecting production environment with consistent failures,low,open,2026-01-10T03:25:56.376226,,,oauth-provider|reporting-service,devops-team,Application
INC1489,CDN cache invalidation stuck,CDN cache invalidation stuck affecting production environment with consistent failures,medium,investigating,2026-01-07T08:06:56.376226,,,fulfillment-service|order-service,identity-team,Cache
INC1490,Log aggregation pipeline broken,Log aggregation pipeline broken affecting production environment,low,open,2026-01-08T21:49:56.376226,,,user-service,api-team,Monitoring
INC1491,CDN cache invalidation stuck,CDN cache invalidation stuck affecting production environment,high,open,2026-01-18T22:25:56.376226,,,ci-cd|frontend|notification-service,ops-team,Cache
INC1492,Service mesh configuration error,Service mesh configuration error affecting production environment,low,investigating,2026-01-16T17:43:56.376226,,,frontend|email-service,platform-team,Infrastructure
INC1493,Elasticsearch indexing delays,Elasticsearch indexing delays affecting production environment with sporadic failures,high,resolved,2026-01-12T01:35:56.376226,2026-01-12T04:10:56.376226,2026-01-12T06:09:56.376226,search-service|logging-service|email-service,payments-team,Monitoring
INC1494,Container registry unavailable,Container registry unavailable affecting production environment,low,open,2026-01-08T13:13:56.376226,,,cache-service|rate-limiter|database,api-team,Infrastructure
INC1495,Memory leak in email service,Memory leak in email service affecting production environment with intermittent failures,medium,investigating,2026-01-16T00:23:56.376226,,,email-service,security-team,Application
INC1496,Memory leak in auth service,Memory leak in auth service affecting production environment,high,investigating,2026-01-16T14:20:56.376226,,,oauth-provider|notification-service,platform-team,Application
INC1497,Memory leak in kubernetes service,Memory leak in kubernetes service affecting production environment,critical,investigating,2026-01-21T07:20:56.376226,,,logging-service|cdn|auth-service,dba-team,Application
INC1498,CDN cache invalidation stuck,CDN cache invalidation stuck affecting production environment,critical,resolved,2026-01-11T18:57:56.376226,2026-01-13T04:36:56.376226,2026-01-11T20:43:56.376226,load-balancer|oauth-provider,devops-team,Cache
INC1499,Redis cache connection failures,Redis cache connection failures affecting production environment,low,resolved,2026-01-20T17:09:56.376226,2026-01-21T18:19:56.376226,2026-01-20T19:51:56.376226,notification-service|search-service,infra-team,Cache
INC1500,Container registry unavailable,Container registry unavailable affecting production environment,high,open,2026-01-13T14:22:56.376226,,,auth-service|ci-cd,devops-team,Infrastructure
