incident_id,ticket_id,type,resolution,description,source,similarity_score,resolved_by_team
INC001,SNOW001,similar_incident,Restarted 5 pods and cleared corrupted cache layer,,servicenow,0.8,payments-team
INC002,JIRA-001,similar_incident,Scaled consumer instances and processed backlog within SLA. Increased from 7 to 85 consumers. Backlog cleared in 6 hours.,,jira,0.76,devops-team
INC002,JIRA-002,related_change,,Payment provider SDK upgrade deployed yesterday,jira,,payments-team
INC002,SNOW002,similar_incident,Manually purged CDN cache and verified asset propagation,,servicenow,0.85,ops-team
INC003,SNOW003,similar_incident,Increased connection pool size from 17 to 76 connections and added exponential backoff retry logic with max 3 attempts. Monitored for 24 hours and confirmed resolution.,,servicenow,0.68,devops-team
INC003,SNOW004,related_change,,Deployed new read-replica version with performance improvements,servicenow,,dba-team
INC003,JIRA-003,related_change,,Payment provider SDK upgrade deployed yesterday,jira,,observability-team
INC004,SNOW005,similar_incident,Scaled consumer instances and processed backlog within SLA. Increased from 13 to 53 consumers. Backlog cleared in 5 hours.,,servicenow,0.81,identity-team
INC004,SNOW006,similar_incident,Manually purged CDN cache and verified asset propagation,,servicenow,0.67,security-team
INC005,SNOW007,similar_incident,Implemented 20 for automatic failover. Configured 84-node cluster with quorum of 4. Tested failover scenarios successfully.,,servicenow,0.84,ops-team
INC005,SNOW008,similar_incident,Scaled up 13 instances from 52 to 10 pods and optimized query performance by adding database indexes on frequently queried columns. Response times improved from 1s to databasems average.,,servicenow,0.89,devops-team
INC005,SNOW009,similar_incident,Renewed SSL certificates and updated load balancer configuration,,servicenow,0.94,identity-team
INC006,SNOW010,similar_incident,Promoted replica to primary and rebuilt read replica from backup. Verified data consistency using checksums. Recovery completed within RTO of 10 minutes.,,servicenow,0.93,dba-team
INC007,SNOW011,similar_incident,Fixed 6 timeout by increasing connection timeout to 90s and implementing circuit breaker pattern. Also added health check monitoring.,,servicenow,0.91,ops-team
INC007,JIRA-004,related_change,,Added new notification templates last sprint,jira,,search-team
INC008,SNOW012,similar_incident,Scaled up 12 instances from 50 to 2 pods and optimized query performance by adding database indexes on frequently queried columns. Response times improved from 1s to databasems average.,,servicenow,0.65,devops-team
INC008,JIRA-005,related_change,,Heavy batch job scheduled during peak hours,jira,,observability-team
INC009,JIRA-006,similar_incident,Renewed SSL certificates and updated load balancer configuration,,jira,0.79,infra-team
INC009,JIRA-007,related_change,,Registry storage migration performed,jira,,dba-team
INC010,JIRA-008,similar_incident,Fixed 20 timeout by increasing connection timeout to 46s and implementing circuit breaker pattern. Also added health check monitoring.,,jira,0.96,observability-team
INC010,JIRA-009,similar_incident,Manually purged CDN cache and verified asset propagation,,jira,0.93,search-team
INC011,JIRA-010,similar_incident,Implemented 16 for automatic failover. Configured 33-node cluster with quorum of 7. Tested failover scenarios successfully.,,jira,0.72,security-team
INC011,SNOW013,related_change,,Fluentd configuration update for new log format,servicenow,,search-team
INC012,SNOW014,similar_incident,Implemented 17 for automatic failover. Configured 61-node cluster with quorum of 4. Tested failover scenarios successfully.,,servicenow,0.73,ops-team
INC012,JIRA-011,related_change,,New order notification feature deployed,jira,,api-team
INC012,JIRA-012,related_change,,Rate limiting threshold adjustment for new API tier,jira,,infra-team
INC013,JIRA-013,similar_incident,Fixed 18 timeout by increasing connection timeout to 36s and implementing circuit breaker pattern. Also added health check monitoring.,,jira,0.77,observability-team
INC014,JIRA-014,similar_incident,Scaled consumer instances and processed backlog within SLA. Increased from 18 to 39 consumers. Backlog cleared in 6 hours.,,jira,0.8,ops-team
INC014,JIRA-015,similar_incident,Promoted replica to primary and rebuilt read replica from backup. Verified data consistency using checksums. Recovery completed within RTO of 15 minutes.,,jira,0.96,identity-team
INC015,JIRA-016,similar_incident,Increased connection pool size from 5 to 95 connections and added exponential backoff retry logic with max 3 attempts. Monitored for 24 hours and confirmed resolution.,,jira,0.79,infra-team
INC016,JIRA-017,similar_incident,Promoted replica to primary and rebuilt read replica from backup. Verified data consistency using checksums. Recovery completed within RTO of 15 minutes.,,jira,0.69,platform-team
INC016,JIRA-018,related_change,,Redis cluster scaling performed last week,jira,,ops-team
INC017,SNOW015,similar_incident,Renewed SSL certificates and updated load balancer configuration,,servicenow,0.88,search-team
INC017,SNOW016,similar_incident,Scaled consumer instances and processed backlog within SLA. Increased from 15 to 86 consumers. Backlog cleared in 6 hours.,,servicenow,0.68,ops-team
INC017,JIRA-019,related_change,,Redis cluster scaling performed last week,jira,,platform-team
INC018,SNOW017,similar_incident,Increased connection pool size from 14 to 31 connections and added exponential backoff retry logic with max 3 attempts. Monitored for 24 hours and confirmed resolution.,,servicenow,0.71,devops-team
INC019,JIRA-020,similar_incident,Renewed SSL certificates and updated load balancer configuration,,jira,0.83,security-team
INC020,SNOW018,similar_incident,Scaled up 10 instances from 34 to 6 pods and optimized query performance by adding database indexes on frequently queried columns. Response times improved from 4s to Redisms average.,,servicenow,0.8,devops-team
INC021,JIRA-021,similar_incident,Scaled up 7 instances from 88 to 7 pods and optimized query performance by adding database indexes on frequently queried columns. Response times improved from 5s to gatewayms average.,,jira,0.95,security-team
INC022,JIRA-022,similar_incident,Promoted replica to primary and rebuilt read replica from backup. Verified data consistency using checksums. Recovery completed within RTO of 9 minutes.,,jira,0.9,identity-team
INC022,JIRA-023,related_change,,Automated certificate rotation implementation in progress,jira,,devops-team
INC023,JIRA-024,similar_incident,Restarted 17 pods and cleared corrupted cache layer,,jira,0.82,dba-team
INC023,SNOW019,similar_incident,Restarted 9 pods and cleared corrupted cache layer,,servicenow,0.88,devops-team
INC024,JIRA-025,similar_incident,Implemented 7 for automatic failover. Configured 61-node cluster with quorum of 4. Tested failover scenarios successfully.,,jira,0.89,security-team
INC024,SNOW020,related_change,,Redis cluster scaling performed last week,servicenow,,observability-team
INC025,SNOW021,similar_incident,Scaled consumer instances and processed backlog within SLA. Increased from 20 to 33 consumers. Backlog cleared in 7 hours.,,servicenow,0.72,api-team
INC025,JIRA-026,related_change,,Added backup OAuth provider configuration,jira,,search-team
INC026,JIRA-027,similar_incident,Scaled consumer instances and processed backlog within SLA. Increased from 12 to 66 consumers. Backlog cleared in 5 hours.,,jira,0.7,ops-team
INC027,JIRA-028,similar_incident,Scaled up 8 instances from 40 to 3 pods and optimized query performance by adding database indexes on frequently queried columns. Response times improved from 1s to servicems average.,,jira,0.78,identity-team
INC027,SNOW022,similar_incident,Increased connection pool size from 5 to 90 connections and added exponential backoff retry logic with max 3 attempts. Monitored for 24 hours and confirmed resolution.,,servicenow,0.95,payments-team
INC028,JIRA-029,similar_incident,Manually purged CDN cache and verified asset propagation,,jira,0.68,identity-team
INC028,SNOW023,related_change,,Node capacity upgrade scheduled for maintenance window,servicenow,,identity-team
INC029,SNOW024,similar_incident,Manually purged CDN cache and verified asset propagation,,servicenow,0.68,security-team
INC030,SNOW025,similar_incident,Rolled back to previous 10 version to restore functionality,,servicenow,0.74,identity-team
INC031,SNOW026,similar_incident,Manually purged CDN cache and verified asset propagation,,servicenow,0.74,platform-team
INC031,SNOW027,related_change,,Added backup OAuth provider configuration,servicenow,,security-team
INC031,JIRA-030,similar_incident,Renewed SSL certificates and updated load balancer configuration,,jira,0.68,identity-team
INC032,SNOW028,similar_incident,Implemented 6 for automatic failover. Configured 80-node cluster with quorum of 7. Tested failover scenarios successfully.,,servicenow,0.76,identity-team
INC032,JIRA-031,related_change,,Heavy batch job scheduled during peak hours,jira,,dba-team
INC032,JIRA-032,related_change,,Registry storage migration performed,jira,,identity-team
INC033,JIRA-033,similar_incident,Promoted replica to primary and rebuilt read replica from backup. Verified data consistency using checksums. Recovery completed within RTO of 11 minutes.,,jira,0.67,security-team
INC034,SNOW029,similar_incident,Fixed 8 timeout by increasing connection timeout to 87s and implementing circuit breaker pattern. Also added health check monitoring.,,servicenow,0.89,payments-team
INC034,JIRA-034,similar_incident,Restarted 18 pods and cleared corrupted cache layer,,jira,0.94,observability-team
INC034,SNOW030,related_change,,Heavy batch job scheduled during peak hours,servicenow,,search-team
INC035,JIRA-035,similar_incident,Fixed 17 timeout by increasing connection timeout to 54s and implementing circuit breaker pattern. Also added health check monitoring.,,jira,0.91,dba-team
INC036,JIRA-036,similar_incident,Fixed 20 timeout by increasing connection timeout to 89s and implementing circuit breaker pattern. Also added health check monitoring.,,jira,0.9,identity-team
INC036,JIRA-037,related_change,,Rate limiting threshold adjustment for new API tier,jira,,payments-team
INC037,SNOW031,similar_incident,Increased connection pool size from 10 to 62 connections and added exponential backoff retry logic with max 3 attempts. Monitored for 24 hours and confirmed resolution.,,servicenow,0.7,observability-team
INC037,SNOW032,similar_incident,Renewed SSL certificates and updated load balancer configuration,,servicenow,0.84,security-team
INC037,JIRA-038,similar_incident,Fixed 18 timeout by increasing connection timeout to 34s and implementing circuit breaker pattern. Also added health check monitoring.,,jira,0.77,search-team
INC038,SNOW033,similar_incident,Restarted 11 pods and cleared corrupted cache layer,,servicenow,0.81,devops-team
INC039,SNOW034,similar_incident,Scaled consumer instances and processed backlog within SLA. Increased from 6 to 88 consumers. Backlog cleared in 10 hours.,,servicenow,0.66,devops-team
INC039,JIRA-039,similar_incident,Scaled consumer instances and processed backlog within SLA. Increased from 7 to 90 consumers. Backlog cleared in 8 hours.,,jira,0.72,observability-team
INC039,JIRA-040,similar_incident,Restarted 13 pods and cleared corrupted cache layer,,jira,0.77,dba-team
INC040,SNOW035,similar_incident,Increased connection pool size from 12 to 87 connections and added exponential backoff retry logic with max 3 attempts. Monitored for 24 hours and confirmed resolution.,,servicenow,0.66,ops-team
INC041,JIRA-041,similar_incident,Renewed SSL certificates and updated load balancer configuration,,jira,0.9,platform-team
INC042,JIRA-042,similar_incident,Increased connection pool size from 14 to 36 connections and added exponential backoff retry logic with max 3 attempts. Monitored for 24 hours and confirmed resolution.,,jira,0.85,dba-team
INC042,JIRA-043,similar_incident,Rolled back to previous 17 version to restore functionality,,jira,0.86,payments-team
INC042,SNOW036,related_change,,Heavy batch job scheduled during peak hours,servicenow,,ops-team
INC043,JIRA-044,similar_incident,Increased connection pool size from 8 to 46 connections and added exponential backoff retry logic with max 3 attempts. Monitored for 24 hours and confirmed resolution.,,jira,0.78,infra-team
INC044,SNOW037,similar_incident,Fixed 16 timeout by increasing connection timeout to 42s and implementing circuit breaker pattern. Also added health check monitoring.,,servicenow,0.85,observability-team
INC044,SNOW038,similar_incident,Scaled up 5 instances from 60 to 3 pods and optimized query performance by adding database indexes on frequently queried columns. Response times improved from 3s to servicems average.,,servicenow,0.89,payments-team
INC045,SNOW039,similar_incident,Renewed SSL certificates and updated load balancer configuration,,servicenow,0.89,devops-team
INC045,JIRA-045,similar_incident,Restarted 13 pods and cleared corrupted cache layer,,jira,0.77,identity-team
INC046,JIRA-046,similar_incident,Increased connection pool size from 7 to 38 connections and added exponential backoff retry logic with max 3 attempts. Monitored for 24 hours and confirmed resolution.,,jira,0.81,ops-team
INC047,SNOW040,similar_incident,Restarted 16 pods and cleared corrupted cache layer,,servicenow,0.9,security-team
INC047,JIRA-047,similar_incident,Fixed 11 timeout by increasing connection timeout to 91s and implementing circuit breaker pattern. Also added health check monitoring.,,jira,0.89,infra-team
INC047,JIRA-048,related_change,,Heavy batch job scheduled during peak hours,jira,,payments-team
INC048,SNOW041,similar_incident,Increased connection pool size from 6 to 87 connections and added exponential backoff retry logic with max 3 attempts. Monitored for 24 hours and confirmed resolution.,,servicenow,0.66,dba-team
INC048,JIRA-049,related_change,,Redis cluster scaling performed last week,jira,,dba-team
INC049,SNOW042,similar_incident,Promoted replica to primary and rebuilt read replica from backup. Verified data consistency using checksums. Recovery completed within RTO of 19 minutes.,,servicenow,0.82,search-team
INC049,SNOW043,similar_incident,Restarted 20 pods and cleared corrupted cache layer,,servicenow,0.9,dba-team
INC049,JIRA-050,similar_incident,Implemented 18 for automatic failover. Configured 67-node cluster with quorum of 2. Tested failover scenarios successfully.,,jira,0.86,search-team
INC050,JIRA-051,similar_incident,Scaled consumer instances and processed backlog within SLA. Increased from 9 to 65 consumers. Backlog cleared in 7 hours.,,jira,0.76,dba-team
INC051,JIRA-052,similar_incident,Implemented 18 for automatic failover. Configured 32-node cluster with quorum of 2. Tested failover scenarios successfully.,,jira,0.87,payments-team
INC051,SNOW044,similar_incident,Promoted replica to primary and rebuilt read replica from backup. Verified data consistency using checksums. Recovery completed within RTO of 8 minutes.,,servicenow,0.71,api-team
INC052,SNOW045,similar_incident,Rolled back to previous 6 version to restore functionality,,servicenow,0.9,api-team
INC053,JIRA-053,similar_incident,Renewed SSL certificates and updated load balancer configuration,,jira,0.85,search-team
INC053,SNOW046,related_change,,Registry storage migration performed,servicenow,,payments-team
INC053,SNOW047,related_change,,Rate limiting threshold adjustment for new API tier,servicenow,,platform-team
INC054,SNOW048,similar_incident,Promoted replica to primary and rebuilt read replica from backup. Verified data consistency using checksums. Recovery completed within RTO of 13 minutes.,,servicenow,0.65,payments-team
INC054,JIRA-054,similar_incident,Restarted 16 pods and cleared corrupted cache layer,,jira,0.83,payments-team
INC055,SNOW049,similar_incident,Scaled up 15 instances from 51 to 4 pods and optimized query performance by adding database indexes on frequently queried columns. Response times improved from 5s to Redisms average.,,servicenow,0.9,platform-team
INC055,JIRA-055,similar_incident,Fixed 10 timeout by increasing connection timeout to 95s and implementing circuit breaker pattern. Also added health check monitoring.,,jira,0.92,infra-team
INC055,SNOW050,related_change,,CDN configuration update for cache TTL,servicenow,,ops-team
INC056,SNOW051,similar_incident,Scaled consumer instances and processed backlog within SLA. Increased from 11 to 79 consumers. Backlog cleared in 5 hours.,,servicenow,0.69,identity-team
INC057,JIRA-056,similar_incident,Manually purged CDN cache and verified asset propagation,,jira,0.74,ops-team
INC057,SNOW052,similar_incident,Scaled consumer instances and processed backlog within SLA. Increased from 13 to 93 consumers. Backlog cleared in 2 hours.,,servicenow,0.71,search-team
INC057,JIRA-057,similar_incident,Manually purged CDN cache and verified asset propagation,,jira,0.71,search-team
INC058,SNOW053,similar_incident,Rolled back to previous 9 version to restore functionality,,servicenow,0.86,payments-team
INC058,SNOW054,similar_incident,Implemented 8 for automatic failover. Configured 30-node cluster with quorum of 5. Tested failover scenarios successfully.,,servicenow,0.68,identity-team
INC058,SNOW055,related_change,,Payment provider SDK upgrade deployed yesterday,servicenow,,search-team
INC059,SNOW056,similar_incident,Promoted replica to primary and rebuilt read replica from backup. Verified data consistency using checksums. Recovery completed within RTO of 15 minutes.,,servicenow,0.86,ops-team
INC060,SNOW057,similar_incident,Rolled back to previous 17 version to restore functionality,,servicenow,0.94,identity-team
INC060,JIRA-058,similar_incident,Implemented 5 for automatic failover. Configured 85-node cluster with quorum of 9. Tested failover scenarios successfully.,,jira,0.88,api-team
INC060,JIRA-059,similar_incident,Scaled consumer instances and processed backlog within SLA. Increased from 8 to 66 consumers. Backlog cleared in 4 hours.,,jira,0.78,payments-team
INC061,JIRA-060,similar_incident,Renewed SSL certificates and updated load balancer configuration,,jira,0.67,identity-team
INC062,JIRA-061,similar_incident,Implemented 12 for automatic failover. Configured 87-node cluster with quorum of 5. Tested failover scenarios successfully.,,jira,0.73,infra-team
INC062,JIRA-062,similar_incident,Restarted 9 pods and cleared corrupted cache layer,,jira,0.96,observability-team
INC063,SNOW058,similar_incident,Scaled up 13 instances from 77 to 10 pods and optimized query performance by adding database indexes on frequently queried columns. Response times improved from 3s to Redisms average.,,servicenow,0.92,payments-team
INC063,JIRA-063,related_change,,Database migration completed last week,jira,,platform-team
INC063,SNOW059,similar_incident,Rolled back to previous 14 version to restore functionality,,servicenow,0.9,payments-team
INC064,SNOW060,similar_incident,Restarted 5 pods and cleared corrupted cache layer,,servicenow,0.83,search-team
INC064,SNOW061,related_change,,Added new notification templates last sprint,servicenow,,ops-team
INC064,SNOW062,similar_incident,Implemented 18 for automatic failover. Configured 62-node cluster with quorum of 6. Tested failover scenarios successfully.,,servicenow,0.77,ops-team
INC065,JIRA-064,similar_incident,Scaled up 17 instances from 90 to 5 pods and optimized query performance by adding database indexes on frequently queried columns. Response times improved from 2s to gatewayms average.,,jira,0.92,dba-team
INC065,JIRA-065,related_change,,Registry storage migration performed,jira,,devops-team
INC065,SNOW063,related_change,,Elasticsearch cluster version upgrade deployed,servicenow,,observability-team
INC066,JIRA-066,similar_incident,Renewed SSL certificates and updated load balancer configuration,,jira,0.66,security-team
INC067,SNOW064,similar_incident,Manually purged CDN cache and verified asset propagation,,servicenow,0.93,dba-team
INC068,JIRA-067,similar_incident,Increased connection pool size from 11 to 89 connections and added exponential backoff retry logic with max 3 attempts. Monitored for 24 hours and confirmed resolution.,,jira,0.86,platform-team
INC069,JIRA-068,similar_incident,Fixed 12 timeout by increasing connection timeout to 57s and implementing circuit breaker pattern. Also added health check monitoring.,,jira,0.73,identity-team
INC069,JIRA-069,similar_incident,Implemented 19 for automatic failover. Configured 56-node cluster with quorum of 3. Tested failover scenarios successfully.,,jira,0.69,dba-team
INC069,JIRA-070,similar_incident,Increased connection pool size from 20 to 65 connections and added exponential backoff retry logic with max 3 attempts. Monitored for 24 hours and confirmed resolution.,,jira,0.9,infra-team
INC070,JIRA-071,similar_incident,Promoted replica to primary and rebuilt read replica from backup. Verified data consistency using checksums. Recovery completed within RTO of 8 minutes.,,jira,0.74,dba-team
INC071,JIRA-072,similar_incident,Promoted replica to primary and rebuilt read replica from backup. Verified data consistency using checksums. Recovery completed within RTO of 19 minutes.,,jira,0.86,payments-team
INC071,SNOW065,similar_incident,Fixed 12 timeout by increasing connection timeout to 35s and implementing circuit breaker pattern. Also added health check monitoring.,,servicenow,0.69,dba-team
INC072,SNOW066,similar_incident,Restarted 12 pods and cleared corrupted cache layer,,servicenow,0.84,observability-team
INC072,JIRA-073,related_change,,Payment provider SDK upgrade deployed yesterday,jira,,dba-team
INC073,SNOW067,similar_incident,Fixed 20 timeout by increasing connection timeout to 78s and implementing circuit breaker pattern. Also added health check monitoring.,,servicenow,0.82,api-team
INC073,JIRA-074,similar_incident,Scaled up 10 instances from 57 to 3 pods and optimized query performance by adding database indexes on frequently queried columns. Response times improved from 2s to databasems average.,,jira,0.78,platform-team
INC073,SNOW068,related_change,,New order notification feature deployed,servicenow,,api-team
INC074,JIRA-075,similar_incident,Restarted 10 pods and cleared corrupted cache layer,,jira,0.84,devops-team
INC074,JIRA-076,related_change,,Node capacity upgrade scheduled for maintenance window,jira,,dba-team
INC074,JIRA-077,similar_incident,Increased connection pool size from 11 to 81 connections and added exponential backoff retry logic with max 3 attempts. Monitored for 24 hours and confirmed resolution.,,jira,0.94,ops-team
INC075,SNOW069,similar_incident,Fixed 6 timeout by increasing connection timeout to 59s and implementing circuit breaker pattern. Also added health check monitoring.,,servicenow,0.77,payments-team
INC075,SNOW070,similar_incident,Renewed SSL certificates and updated load balancer configuration,,servicenow,0.71,platform-team
INC075,SNOW071,similar_incident,Rolled back to previous 6 version to restore functionality,,servicenow,0.82,observability-team
INC076,SNOW072,similar_incident,Implemented 13 for automatic failover. Configured 72-node cluster with quorum of 10. Tested failover scenarios successfully.,,servicenow,0.78,observability-team
INC076,SNOW073,similar_incident,Rolled back to previous 7 version to restore functionality,,servicenow,0.78,observability-team
INC077,SNOW074,similar_incident,Promoted replica to primary and rebuilt read replica from backup. Verified data consistency using checksums. Recovery completed within RTO of 19 minutes.,,servicenow,0.89,security-team
INC077,SNOW075,similar_incident,Increased connection pool size from 7 to 71 connections and added exponential backoff retry logic with max 3 attempts. Monitored for 24 hours and confirmed resolution.,,servicenow,0.86,identity-team
INC077,JIRA-078,similar_incident,Restarted 16 pods and cleared corrupted cache layer,,jira,0.77,ops-team
INC078,JIRA-079,similar_incident,Implemented 13 for automatic failover. Configured 50-node cluster with quorum of 3. Tested failover scenarios successfully.,,jira,0.86,devops-team
INC079,JIRA-080,similar_incident,Implemented 20 for automatic failover. Configured 96-node cluster with quorum of 3. Tested failover scenarios successfully.,,jira,0.81,platform-team
INC079,SNOW076,related_change,,Redis cluster scaling performed last week,servicenow,,payments-team
INC079,JIRA-081,similar_incident,Renewed SSL certificates and updated load balancer configuration,,jira,0.78,infra-team
INC080,SNOW077,similar_incident,Manually purged CDN cache and verified asset propagation,,servicenow,0.67,api-team
INC081,JIRA-082,similar_incident,Rolled back to previous 17 version to restore functionality,,jira,0.74,security-team
INC081,SNOW078,related_change,,Redis cluster scaling performed last week,servicenow,,security-team
INC081,SNOW079,similar_incident,Scaled consumer instances and processed backlog within SLA. Increased from 9 to 64 consumers. Backlog cleared in 10 hours.,,servicenow,0.86,ops-team
INC082,JIRA-083,similar_incident,Fixed 17 timeout by increasing connection timeout to 35s and implementing circuit breaker pattern. Also added health check monitoring.,,jira,0.78,observability-team
INC082,SNOW080,related_change,,Added backup OAuth provider configuration,servicenow,,infra-team
INC083,JIRA-084,similar_incident,Manually purged CDN cache and verified asset propagation,,jira,0.76,search-team
INC083,SNOW081,similar_incident,Fixed 7 timeout by increasing connection timeout to 37s and implementing circuit breaker pattern. Also added health check monitoring.,,servicenow,0.73,infra-team
INC083,SNOW082,similar_incident,Implemented 13 for automatic failover. Configured 52-node cluster with quorum of 10. Tested failover scenarios successfully.,,servicenow,0.81,api-team
INC084,SNOW083,similar_incident,Renewed SSL certificates and updated load balancer configuration,,servicenow,0.85,identity-team
INC084,JIRA-085,related_change,,Added new notification templates last sprint,jira,,devops-team
INC085,SNOW084,similar_incident,Fixed 17 timeout by increasing connection timeout to 67s and implementing circuit breaker pattern. Also added health check monitoring.,,servicenow,0.78,devops-team
INC086,SNOW085,similar_incident,Rolled back to previous 18 version to restore functionality,,servicenow,0.68,api-team
INC087,SNOW086,similar_incident,Restarted 6 pods and cleared corrupted cache layer,,servicenow,0.94,ops-team
INC087,JIRA-086,related_change,,Fluentd configuration update for new log format,jira,,dba-team
INC088,SNOW087,similar_incident,Scaled consumer instances and processed backlog within SLA. Increased from 12 to 77 consumers. Backlog cleared in 7 hours.,,servicenow,0.71,security-team
INC089,SNOW088,similar_incident,Scaled up 20 instances from 78 to 6 pods and optimized query performance by adding database indexes on frequently queried columns. Response times improved from 4s to gatewayms average.,,servicenow,0.81,platform-team
INC089,SNOW089,similar_incident,Scaled up 16 instances from 60 to 10 pods and optimized query performance by adding database indexes on frequently queried columns. Response times improved from 5s to APIms average.,,servicenow,0.91,payments-team
INC089,JIRA-087,related_change,,New order notification feature deployed,jira,,payments-team
INC090,JIRA-088,similar_incident,Manually purged CDN cache and verified asset propagation,,jira,0.91,dba-team
INC091,JIRA-089,similar_incident,Increased connection pool size from 14 to 37 connections and added exponential backoff retry logic with max 3 attempts. Monitored for 24 hours and confirmed resolution.,,jira,0.71,dba-team
INC092,SNOW090,similar_incident,Renewed SSL certificates and updated load balancer configuration,,servicenow,0.73,api-team
INC092,JIRA-090,similar_incident,Scaled consumer instances and processed backlog within SLA. Increased from 12 to 48 consumers. Backlog cleared in 3 hours.,,jira,0.79,devops-team
INC093,SNOW091,similar_incident,Renewed SSL certificates and updated load balancer configuration,,servicenow,0.66,search-team
INC093,SNOW092,similar_incident,Manually purged CDN cache and verified asset propagation,,servicenow,0.68,observability-team
INC094,SNOW093,similar_incident,Restarted 11 pods and cleared corrupted cache layer,,servicenow,0.92,api-team
INC094,SNOW094,similar_incident,Scaled up 20 instances from 71 to 8 pods and optimized query performance by adding database indexes on frequently queried columns. Response times improved from 1s to databasems average.,,servicenow,0.92,dba-team
INC094,SNOW095,similar_incident,Fixed 11 timeout by increasing connection timeout to 33s and implementing circuit breaker pattern. Also added health check monitoring.,,servicenow,0.89,devops-team
INC095,SNOW096,similar_incident,Manually purged CDN cache and verified asset propagation,,servicenow,0.81,payments-team
INC096,SNOW097,similar_incident,Scaled consumer instances and processed backlog within SLA. Increased from 15 to 90 consumers. Backlog cleared in 9 hours.,,servicenow,0.69,ops-team
INC097,JIRA-091,similar_incident,Increased connection pool size from 11 to 80 connections and added exponential backoff retry logic with max 3 attempts. Monitored for 24 hours and confirmed resolution.,,jira,0.92,observability-team
INC097,SNOW098,related_change,,Added backup OAuth provider configuration,servicenow,,api-team
INC097,SNOW099,similar_incident,Renewed SSL certificates and updated load balancer configuration,,servicenow,0.85,security-team
INC098,JIRA-092,similar_incident,Scaled up 14 instances from 58 to 5 pods and optimized query performance by adding database indexes on frequently queried columns. Response times improved from 4s to APIms average.,,jira,0.76,observability-team
INC098,SNOW100,similar_incident,Scaled consumer instances and processed backlog within SLA. Increased from 11 to 51 consumers. Backlog cleared in 4 hours.,,servicenow,0.81,identity-team
INC098,SNOW101,similar_incident,Restarted 13 pods and cleared corrupted cache layer,,servicenow,0.73,api-team
INC099,JIRA-093,similar_incident,Fixed 18 timeout by increasing connection timeout to 35s and implementing circuit breaker pattern. Also added health check monitoring.,,jira,0.8,dba-team
INC100,JIRA-094,similar_incident,Scaled consumer instances and processed backlog within SLA. Increased from 6 to 96 consumers. Backlog cleared in 3 hours.,,jira,0.89,infra-team
INC100,SNOW102,similar_incident,Rolled back to previous 6 version to restore functionality,,servicenow,0.92,infra-team
INC101,SNOW103,similar_incident,Scaled consumer instances and processed backlog within SLA. Increased from 9 to 88 consumers. Backlog cleared in 3 hours.,,servicenow,0.95,api-team
INC102,JIRA-095,similar_incident,Promoted replica to primary and rebuilt read replica from backup. Verified data consistency using checksums. Recovery completed within RTO of 16 minutes.,,jira,0.79,search-team
INC103,JIRA-096,similar_incident,Restarted 18 pods and cleared corrupted cache layer,,jira,0.88,platform-team
INC104,SNOW104,similar_incident,Rolled back to previous 14 version to restore functionality,,servicenow,0.76,security-team
INC105,JIRA-097,similar_incident,Renewed SSL certificates and updated load balancer configuration,,jira,0.88,api-team
INC106,SNOW105,similar_incident,Scaled consumer instances and processed backlog within SLA. Increased from 6 to 57 consumers. Backlog cleared in 5 hours.,,servicenow,0.67,security-team
INC106,JIRA-098,related_change,,New order notification feature deployed,jira,,search-team
INC106,SNOW106,similar_incident,Renewed SSL certificates and updated load balancer configuration,,servicenow,0.76,api-team
INC107,SNOW107,similar_incident,Implemented 14 for automatic failover. Configured 53-node cluster with quorum of 2. Tested failover scenarios successfully.,,servicenow,0.9,dba-team
INC107,JIRA-099,related_change,,Registry storage migration performed,jira,,dba-team
INC107,JIRA-100,related_change,,Fluentd configuration update for new log format,jira,,payments-team
INC108,JIRA-101,similar_incident,Scaled up 14 instances from 48 to 10 pods and optimized query performance by adding database indexes on frequently queried columns. Response times improved from 3s to APIms average.,,jira,0.85,infra-team
INC108,SNOW108,similar_incident,Promoted replica to primary and rebuilt read replica from backup. Verified data consistency using checksums. Recovery completed within RTO of 8 minutes.,,servicenow,0.84,search-team
INC108,SNOW109,similar_incident,Rolled back to previous 8 version to restore functionality,,servicenow,0.78,search-team
INC109,SNOW110,similar_incident,Scaled consumer instances and processed backlog within SLA. Increased from 5 to 90 consumers. Backlog cleared in 4 hours.,,servicenow,0.89,search-team
INC109,SNOW111,related_change,,Payment provider SDK upgrade deployed yesterday,servicenow,,identity-team
INC109,SNOW112,related_change,,CDN configuration update for cache TTL,servicenow,,devops-team
INC110,SNOW113,similar_incident,Renewed SSL certificates and updated load balancer configuration,,servicenow,0.84,payments-team
INC110,JIRA-102,related_change,,Heavy batch job scheduled during peak hours,jira,,dba-team
INC110,SNOW114,similar_incident,Renewed SSL certificates and updated load balancer configuration,,servicenow,0.88,platform-team
INC111,SNOW115,similar_incident,Promoted replica to primary and rebuilt read replica from backup. Verified data consistency using checksums. Recovery completed within RTO of 18 minutes.,,servicenow,0.76,devops-team
INC111,SNOW116,related_change,,Added backup OAuth provider configuration,servicenow,,search-team
INC112,SNOW117,similar_incident,Scaled consumer instances and processed backlog within SLA. Increased from 13 to 41 consumers. Backlog cleared in 10 hours.,,servicenow,0.76,infra-team
INC112,SNOW118,similar_incident,Increased connection pool size from 20 to 84 connections and added exponential backoff retry logic with max 3 attempts. Monitored for 24 hours and confirmed resolution.,,servicenow,0.75,ops-team
INC113,SNOW119,similar_incident,Implemented 11 for automatic failover. Configured 64-node cluster with quorum of 8. Tested failover scenarios successfully.,,servicenow,0.83,infra-team
INC113,JIRA-103,related_change,,Heavy batch job scheduled during peak hours,jira,,identity-team
INC114,SNOW120,similar_incident,Fixed 20 timeout by increasing connection timeout to 58s and implementing circuit breaker pattern. Also added health check monitoring.,,servicenow,0.84,payments-team
INC115,SNOW121,similar_incident,Increased connection pool size from 8 to 79 connections and added exponential backoff retry logic with max 3 attempts. Monitored for 24 hours and confirmed resolution.,,servicenow,0.86,payments-team
INC115,JIRA-104,similar_incident,Increased connection pool size from 7 to 78 connections and added exponential backoff retry logic with max 3 attempts. Monitored for 24 hours and confirmed resolution.,,jira,0.67,security-team
INC116,SNOW122,similar_incident,Promoted replica to primary and rebuilt read replica from backup. Verified data consistency using checksums. Recovery completed within RTO of 6 minutes.,,servicenow,0.92,api-team
INC116,JIRA-105,related_change,,Heavy batch job scheduled during peak hours,jira,,devops-team
INC116,SNOW123,similar_incident,Promoted replica to primary and rebuilt read replica from backup. Verified data consistency using checksums. Recovery completed within RTO of 12 minutes.,,servicenow,0.79,infra-team
INC117,JIRA-106,similar_incident,Fixed 6 timeout by increasing connection timeout to 87s and implementing circuit breaker pattern. Also added health check monitoring.,,jira,0.83,ops-team
INC117,JIRA-107,similar_incident,Renewed SSL certificates and updated load balancer configuration,,jira,0.9,observability-team
INC118,JIRA-108,similar_incident,Restarted 17 pods and cleared corrupted cache layer,,jira,0.89,infra-team
INC118,JIRA-109,similar_incident,Scaled consumer instances and processed backlog within SLA. Increased from 13 to 38 consumers. Backlog cleared in 5 hours.,,jira,0.72,observability-team
INC118,SNOW124,related_change,,Node capacity upgrade scheduled for maintenance window,servicenow,,payments-team
INC119,SNOW125,similar_incident,Rolled back to previous 16 version to restore functionality,,servicenow,0.79,identity-team
INC119,SNOW126,similar_incident,Scaled up 7 instances from 50 to 2 pods and optimized query performance by adding database indexes on frequently queried columns. Response times improved from 4s to Redisms average.,,servicenow,0.88,devops-team
INC119,SNOW127,related_change,,Payment provider SDK upgrade deployed yesterday,servicenow,,security-team
INC120,JIRA-110,similar_incident,Renewed SSL certificates and updated load balancer configuration,,jira,0.83,identity-team
INC120,JIRA-111,related_change,,Deployed new notification-service version with performance improvements,jira,,platform-team
INC121,JIRA-112,similar_incident,Scaled up 14 instances from 69 to 6 pods and optimized query performance by adding database indexes on frequently queried columns. Response times improved from 5s to Redisms average.,,jira,0.92,devops-team
INC122,SNOW128,similar_incident,Fixed 17 timeout by increasing connection timeout to 67s and implementing circuit breaker pattern. Also added health check monitoring.,,servicenow,0.74,platform-team
INC122,SNOW129,similar_incident,Restarted 11 pods and cleared corrupted cache layer,,servicenow,0.68,ops-team
INC123,JIRA-113,similar_incident,Restarted 10 pods and cleared corrupted cache layer,,jira,0.68,dba-team
INC124,SNOW130,similar_incident,Scaled up 11 instances from 63 to 10 pods and optimized query performance by adding database indexes on frequently queried columns. Response times improved from 4s to servicems average.,,servicenow,0.82,dba-team
INC124,JIRA-114,related_change,,Added new notification templates last sprint,jira,,ops-team
INC125,SNOW131,similar_incident,Renewed SSL certificates and updated load balancer configuration,,servicenow,0.73,ops-team
INC125,SNOW132,similar_incident,Renewed SSL certificates and updated load balancer configuration,,servicenow,0.86,dba-team
INC126,JIRA-115,similar_incident,Increased connection pool size from 15 to 59 connections and added exponential backoff retry logic with max 3 attempts. Monitored for 24 hours and confirmed resolution.,,jira,0.82,dba-team
INC126,JIRA-116,related_change,,Heavy batch job scheduled during peak hours,jira,,platform-team
INC127,JIRA-117,similar_incident,Restarted 6 pods and cleared corrupted cache layer,,jira,0.89,devops-team
INC128,SNOW133,similar_incident,Promoted replica to primary and rebuilt read replica from backup. Verified data consistency using checksums. Recovery completed within RTO of 5 minutes.,,servicenow,0.71,devops-team
INC129,JIRA-118,similar_incident,Promoted replica to primary and rebuilt read replica from backup. Verified data consistency using checksums. Recovery completed within RTO of 10 minutes.,,jira,0.82,identity-team
INC129,JIRA-119,similar_incident,Implemented 17 for automatic failover. Configured 49-node cluster with quorum of 3. Tested failover scenarios successfully.,,jira,0.95,api-team
INC129,SNOW134,related_change,,Added backup OAuth provider configuration,servicenow,,identity-team
INC130,JIRA-120,similar_incident,Manually purged CDN cache and verified asset propagation,,jira,0.95,ops-team
INC130,JIRA-121,similar_incident,Scaled consumer instances and processed backlog within SLA. Increased from 14 to 99 consumers. Backlog cleared in 2 hours.,,jira,0.91,infra-team
INC131,SNOW135,similar_incident,Renewed SSL certificates and updated load balancer configuration,,servicenow,0.78,devops-team
INC132,JIRA-122,similar_incident,Renewed SSL certificates and updated load balancer configuration,,jira,0.95,devops-team
INC132,SNOW136,related_change,,Rate limiting threshold adjustment for new API tier,servicenow,,search-team
INC132,JIRA-123,similar_incident,Scaled up 14 instances from 74 to 9 pods and optimized query performance by adding database indexes on frequently queried columns. Response times improved from 5s to APIms average.,,jira,0.95,ops-team
INC133,JIRA-124,similar_incident,Scaled up 16 instances from 52 to 5 pods and optimized query performance by adding database indexes on frequently queried columns. Response times improved from 5s to databasems average.,,jira,0.77,platform-team
INC134,SNOW137,similar_incident,Increased connection pool size from 19 to 65 connections and added exponential backoff retry logic with max 3 attempts. Monitored for 24 hours and confirmed resolution.,,servicenow,0.87,observability-team
INC135,JIRA-125,similar_incident,Restarted 20 pods and cleared corrupted cache layer,,jira,0.93,search-team
INC135,JIRA-126,similar_incident,Fixed 15 timeout by increasing connection timeout to 96s and implementing circuit breaker pattern. Also added health check monitoring.,,jira,0.75,devops-team
INC135,SNOW138,related_change,,Heavy batch job scheduled during peak hours,servicenow,,infra-team
INC136,SNOW139,similar_incident,Promoted replica to primary and rebuilt read replica from backup. Verified data consistency using checksums. Recovery completed within RTO of 6 minutes.,,servicenow,0.88,devops-team
INC137,JIRA-127,similar_incident,Manually purged CDN cache and verified asset propagation,,jira,0.66,infra-team
INC137,SNOW140,similar_incident,Implemented 10 for automatic failover. Configured 73-node cluster with quorum of 7. Tested failover scenarios successfully.,,servicenow,0.94,platform-team
INC138,JIRA-128,similar_incident,Manually purged CDN cache and verified asset propagation,,jira,0.77,security-team
INC138,SNOW141,related_change,,Fluentd configuration update for new log format,servicenow,,payments-team
INC139,JIRA-129,similar_incident,Fixed 12 timeout by increasing connection timeout to 47s and implementing circuit breaker pattern. Also added health check monitoring.,,jira,0.91,platform-team
INC139,SNOW142,similar_incident,Renewed SSL certificates and updated load balancer configuration,,servicenow,0.95,observability-team
INC139,SNOW143,related_change,,Redis cluster scaling performed last week,servicenow,,devops-team
INC140,JIRA-130,similar_incident,Scaled up 15 instances from 53 to 10 pods and optimized query performance by adding database indexes on frequently queried columns. Response times improved from 3s to databasems average.,,jira,0.93,api-team
INC141,JIRA-131,similar_incident,Fixed 10 timeout by increasing connection timeout to 81s and implementing circuit breaker pattern. Also added health check monitoring.,,jira,0.84,dba-team
INC141,JIRA-132,similar_incident,Rolled back to previous 8 version to restore functionality,,jira,0.81,ops-team
INC142,JIRA-133,similar_incident,Increased connection pool size from 15 to 92 connections and added exponential backoff retry logic with max 3 attempts. Monitored for 24 hours and confirmed resolution.,,jira,0.71,api-team
INC142,SNOW144,similar_incident,Scaled up 20 instances from 91 to 4 pods and optimized query performance by adding database indexes on frequently queried columns. Response times improved from 1s to servicems average.,,servicenow,0.91,identity-team
INC143,SNOW145,similar_incident,Implemented 6 for automatic failover. Configured 41-node cluster with quorum of 7. Tested failover scenarios successfully.,,servicenow,0.68,payments-team
INC143,JIRA-134,related_change,,Deployed new search-service version with performance improvements,jira,,devops-team
INC144,SNOW146,similar_incident,Scaled up 11 instances from 52 to 7 pods and optimized query performance by adding database indexes on frequently queried columns. Response times improved from 5s to servicems average.,,servicenow,0.8,api-team
INC144,SNOW147,similar_incident,Scaled consumer instances and processed backlog within SLA. Increased from 19 to 70 consumers. Backlog cleared in 2 hours.,,servicenow,0.95,infra-team
INC145,SNOW148,similar_incident,Implemented 7 for automatic failover. Configured 34-node cluster with quorum of 7. Tested failover scenarios successfully.,,servicenow,0.84,payments-team
INC146,JIRA-135,similar_incident,Renewed SSL certificates and updated load balancer configuration,,jira,0.67,devops-team
INC147,SNOW149,similar_incident,Restarted 5 pods and cleared corrupted cache layer,,servicenow,0.81,security-team
INC147,JIRA-136,related_change,,Payment provider SDK upgrade deployed yesterday,jira,,platform-team
INC147,SNOW150,related_change,,CDN configuration update for cache TTL,servicenow,,ops-team
INC148,JIRA-137,similar_incident,Increased connection pool size from 15 to 94 connections and added exponential backoff retry logic with max 3 attempts. Monitored for 24 hours and confirmed resolution.,,jira,0.74,observability-team
INC148,SNOW151,similar_incident,Restarted 15 pods and cleared corrupted cache layer,,servicenow,0.76,api-team
INC149,JIRA-138,similar_incident,Promoted replica to primary and rebuilt read replica from backup. Verified data consistency using checksums. Recovery completed within RTO of 15 minutes.,,jira,0.95,infra-team
INC149,SNOW152,similar_incident,Scaled consumer instances and processed backlog within SLA. Increased from 15 to 33 consumers. Backlog cleared in 4 hours.,,servicenow,0.7,ops-team
INC149,JIRA-139,related_change,,Heavy batch job scheduled during peak hours,jira,,devops-team
INC150,SNOW153,similar_incident,Scaled up 12 instances from 46 to 3 pods and optimized query performance by adding database indexes on frequently queried columns. Response times improved from 3s to gatewayms average.,,servicenow,0.71,infra-team
INC151,JIRA-140,similar_incident,Restarted 6 pods and cleared corrupted cache layer,,jira,0.86,observability-team
INC151,JIRA-141,related_change,,Automated certificate rotation implementation in progress,jira,,dba-team
INC152,JIRA-142,similar_incident,Scaled consumer instances and processed backlog within SLA. Increased from 20 to 48 consumers. Backlog cleared in 9 hours.,,jira,0.93,platform-team
INC152,JIRA-143,related_change,,Heavy batch job scheduled during peak hours,jira,,devops-team
INC152,JIRA-144,similar_incident,Increased connection pool size from 9 to 76 connections and added exponential backoff retry logic with max 3 attempts. Monitored for 24 hours and confirmed resolution.,,jira,0.71,infra-team
INC153,SNOW154,similar_incident,Fixed 8 timeout by increasing connection timeout to 47s and implementing circuit breaker pattern. Also added health check monitoring.,,servicenow,0.84,observability-team
INC154,SNOW155,similar_incident,Implemented 7 for automatic failover. Configured 37-node cluster with quorum of 8. Tested failover scenarios successfully.,,servicenow,0.73,identity-team
INC154,JIRA-145,related_change,,Payment provider SDK upgrade deployed yesterday,jira,,infra-team
INC154,SNOW156,related_change,,Node capacity upgrade scheduled for maintenance window,servicenow,,payments-team
INC155,SNOW157,similar_incident,Restarted 17 pods and cleared corrupted cache layer,,servicenow,0.93,search-team
INC156,JIRA-146,similar_incident,Promoted replica to primary and rebuilt read replica from backup. Verified data consistency using checksums. Recovery completed within RTO of 13 minutes.,,jira,0.77,security-team
INC156,SNOW158,related_change,,Payment provider SDK upgrade deployed yesterday,servicenow,,devops-team
INC157,SNOW159,similar_incident,Renewed SSL certificates and updated load balancer configuration,,servicenow,0.9,payments-team
INC157,JIRA-147,related_change,,Rate limiting threshold adjustment for new API tier,jira,,api-team
INC157,SNOW160,similar_incident,Scaled consumer instances and processed backlog within SLA. Increased from 6 to 100 consumers. Backlog cleared in 4 hours.,,servicenow,0.7,identity-team
INC158,SNOW161,similar_incident,Rolled back to previous 19 version to restore functionality,,servicenow,0.7,devops-team
INC158,SNOW162,related_change,,Rate limiting threshold adjustment for new API tier,servicenow,,identity-team
INC159,SNOW163,similar_incident,Scaled consumer instances and processed backlog within SLA. Increased from 15 to 39 consumers. Backlog cleared in 6 hours.,,servicenow,0.69,search-team
INC160,JIRA-148,similar_incident,Promoted replica to primary and rebuilt read replica from backup. Verified data consistency using checksums. Recovery completed within RTO of 12 minutes.,,jira,0.73,payments-team
INC161,JIRA-149,similar_incident,Restarted 20 pods and cleared corrupted cache layer,,jira,0.94,infra-team
INC162,JIRA-150,similar_incident,Implemented 13 for automatic failover. Configured 93-node cluster with quorum of 3. Tested failover scenarios successfully.,,jira,0.91,payments-team
INC162,JIRA-151,similar_incident,Fixed 10 timeout by increasing connection timeout to 86s and implementing circuit breaker pattern. Also added health check monitoring.,,jira,0.73,ops-team
INC162,JIRA-152,related_change,,New order notification feature deployed,jira,,devops-team
INC163,SNOW164,similar_incident,Restarted 15 pods and cleared corrupted cache layer,,servicenow,0.7,devops-team
INC164,SNOW165,similar_incident,Fixed 16 timeout by increasing connection timeout to 80s and implementing circuit breaker pattern. Also added health check monitoring.,,servicenow,0.66,api-team
INC164,SNOW166,related_change,,Registry storage migration performed,servicenow,,ops-team
INC164,JIRA-153,related_change,,CDN configuration update for cache TTL,jira,,search-team
INC165,JIRA-154,similar_incident,Promoted replica to primary and rebuilt read replica from backup. Verified data consistency using checksums. Recovery completed within RTO of 11 minutes.,,jira,0.85,security-team
INC165,JIRA-155,similar_incident,Increased connection pool size from 11 to 32 connections and added exponential backoff retry logic with max 3 attempts. Monitored for 24 hours and confirmed resolution.,,jira,0.85,observability-team
INC165,JIRA-156,similar_incident,Restarted 7 pods and cleared corrupted cache layer,,jira,0.66,observability-team
INC166,SNOW167,similar_incident,Manually purged CDN cache and verified asset propagation,,servicenow,0.88,search-team
INC167,SNOW168,similar_incident,Scaled up 14 instances from 55 to 9 pods and optimized query performance by adding database indexes on frequently queried columns. Response times improved from 3s to APIms average.,,servicenow,0.67,observability-team
INC167,SNOW169,similar_incident,Manually purged CDN cache and verified asset propagation,,servicenow,0.78,ops-team
INC167,JIRA-157,similar_incident,Rolled back to previous 20 version to restore functionality,,jira,0.85,payments-team
INC168,SNOW170,similar_incident,Scaled up 11 instances from 50 to 3 pods and optimized query performance by adding database indexes on frequently queried columns. Response times improved from 4s to databasems average.,,servicenow,0.88,observability-team
INC168,SNOW171,similar_incident,Scaled up 7 instances from 44 to 3 pods and optimized query performance by adding database indexes on frequently queried columns. Response times improved from 4s to databasems average.,,servicenow,0.69,ops-team
INC168,SNOW172,similar_incident,Scaled up 6 instances from 87 to 4 pods and optimized query performance by adding database indexes on frequently queried columns. Response times improved from 3s to APIms average.,,servicenow,0.94,devops-team
INC169,SNOW173,similar_incident,Increased connection pool size from 14 to 54 connections and added exponential backoff retry logic with max 3 attempts. Monitored for 24 hours and confirmed resolution.,,servicenow,0.82,payments-team
INC170,SNOW174,similar_incident,Restarted 14 pods and cleared corrupted cache layer,,servicenow,0.68,ops-team
INC170,JIRA-158,similar_incident,Renewed SSL certificates and updated load balancer configuration,,jira,0.86,payments-team
INC170,SNOW175,related_change,,Fluentd configuration update for new log format,servicenow,,api-team
INC171,JIRA-159,similar_incident,Fixed 9 timeout by increasing connection timeout to 66s and implementing circuit breaker pattern. Also added health check monitoring.,,jira,0.71,platform-team
INC172,JIRA-160,similar_incident,Scaled consumer instances and processed backlog within SLA. Increased from 7 to 30 consumers. Backlog cleared in 5 hours.,,jira,0.69,payments-team
INC172,JIRA-161,similar_incident,Scaled up 12 instances from 88 to 3 pods and optimized query performance by adding database indexes on frequently queried columns. Response times improved from 2s to gatewayms average.,,jira,0.78,security-team
INC173,JIRA-162,similar_incident,Renewed SSL certificates and updated load balancer configuration,,jira,0.76,observability-team
INC173,JIRA-163,similar_incident,Rolled back to previous 5 version to restore functionality,,jira,0.96,dba-team
INC174,JIRA-164,similar_incident,Scaled up 16 instances from 50 to 9 pods and optimized query performance by adding database indexes on frequently queried columns. Response times improved from 2s to APIms average.,,jira,0.74,search-team
INC175,SNOW176,similar_incident,Restarted 7 pods and cleared corrupted cache layer,,servicenow,0.72,identity-team
INC176,JIRA-165,similar_incident,Renewed SSL certificates and updated load balancer configuration,,jira,0.85,security-team
INC177,JIRA-166,similar_incident,Promoted replica to primary and rebuilt read replica from backup. Verified data consistency using checksums. Recovery completed within RTO of 13 minutes.,,jira,0.73,dba-team
INC178,SNOW177,similar_incident,Manually purged CDN cache and verified asset propagation,,servicenow,0.76,api-team
INC179,JIRA-167,similar_incident,Manually purged CDN cache and verified asset propagation,,jira,0.93,identity-team
INC179,JIRA-168,related_change,,Redis cluster scaling performed last week,jira,,platform-team
INC180,SNOW178,similar_incident,Promoted replica to primary and rebuilt read replica from backup. Verified data consistency using checksums. Recovery completed within RTO of 19 minutes.,,servicenow,0.94,payments-team
INC180,JIRA-169,related_change,,Fluentd configuration update for new log format,jira,,api-team
INC181,SNOW179,similar_incident,Implemented 19 for automatic failover. Configured 85-node cluster with quorum of 2. Tested failover scenarios successfully.,,servicenow,0.67,infra-team
INC182,SNOW180,similar_incident,Increased connection pool size from 11 to 33 connections and added exponential backoff retry logic with max 3 attempts. Monitored for 24 hours and confirmed resolution.,,servicenow,0.79,api-team
INC183,SNOW181,similar_incident,Restarted 10 pods and cleared corrupted cache layer,,servicenow,0.81,api-team
INC183,JIRA-170,related_change,,Deployed new payment-service version with performance improvements,jira,,identity-team
INC184,SNOW182,similar_incident,Scaled up 15 instances from 37 to 9 pods and optimized query performance by adding database indexes on frequently queried columns. Response times improved from 1s to servicems average.,,servicenow,0.66,identity-team
INC184,JIRA-171,similar_incident,Rolled back to previous 6 version to restore functionality,,jira,0.9,api-team
INC184,JIRA-172,related_change,,CDN configuration update for cache TTL,jira,,platform-team
INC185,JIRA-173,similar_incident,Implemented 11 for automatic failover. Configured 81-node cluster with quorum of 4. Tested failover scenarios successfully.,,jira,0.66,platform-team
INC185,JIRA-174,similar_incident,Promoted replica to primary and rebuilt read replica from backup. Verified data consistency using checksums. Recovery completed within RTO of 16 minutes.,,jira,0.8,security-team
INC186,SNOW183,similar_incident,Renewed SSL certificates and updated load balancer configuration,,servicenow,0.65,api-team
INC187,SNOW184,similar_incident,Manually purged CDN cache and verified asset propagation,,servicenow,0.77,observability-team
INC188,JIRA-175,similar_incident,Scaled consumer instances and processed backlog within SLA. Increased from 17 to 85 consumers. Backlog cleared in 4 hours.,,jira,0.67,platform-team
INC188,SNOW185,similar_incident,Restarted 5 pods and cleared corrupted cache layer,,servicenow,0.78,identity-team
INC189,JIRA-176,similar_incident,Manually purged CDN cache and verified asset propagation,,jira,0.66,search-team
INC189,SNOW186,similar_incident,Increased connection pool size from 19 to 92 connections and added exponential backoff retry logic with max 3 attempts. Monitored for 24 hours and confirmed resolution.,,servicenow,0.66,observability-team
INC190,JIRA-177,similar_incident,Manually purged CDN cache and verified asset propagation,,jira,0.72,ops-team
INC190,SNOW187,related_change,,Added backup OAuth provider configuration,servicenow,,dba-team
INC190,SNOW188,related_change,,Added new notification templates last sprint,servicenow,,platform-team
INC191,SNOW189,similar_incident,Promoted replica to primary and rebuilt read replica from backup. Verified data consistency using checksums. Recovery completed within RTO of 10 minutes.,,servicenow,0.66,security-team
INC191,JIRA-178,related_change,,Rate limiting threshold adjustment for new API tier,jira,,observability-team
INC191,JIRA-179,related_change,,Heavy batch job scheduled during peak hours,jira,,platform-team
INC192,SNOW190,similar_incident,Rolled back to previous 19 version to restore functionality,,servicenow,0.82,platform-team
INC193,SNOW191,similar_incident,Scaled consumer instances and processed backlog within SLA. Increased from 17 to 42 consumers. Backlog cleared in 4 hours.,,servicenow,0.95,ops-team
INC193,JIRA-180,related_change,,Added backup OAuth provider configuration,jira,,payments-team
INC194,SNOW192,similar_incident,Rolled back to previous 10 version to restore functionality,,servicenow,0.86,infra-team
INC194,JIRA-181,similar_incident,Manually purged CDN cache and verified asset propagation,,jira,0.79,ops-team
INC195,SNOW193,similar_incident,Implemented 10 for automatic failover. Configured 85-node cluster with quorum of 4. Tested failover scenarios successfully.,,servicenow,0.67,search-team
INC196,SNOW194,similar_incident,Scaled up 7 instances from 82 to 2 pods and optimized query performance by adding database indexes on frequently queried columns. Response times improved from 2s to Redisms average.,,servicenow,0.9,observability-team
INC196,JIRA-182,similar_incident,Renewed SSL certificates and updated load balancer configuration,,jira,0.94,infra-team
INC197,SNOW195,similar_incident,Promoted replica to primary and rebuilt read replica from backup. Verified data consistency using checksums. Recovery completed within RTO of 19 minutes.,,servicenow,0.88,infra-team
INC198,JIRA-183,similar_incident,Renewed SSL certificates and updated load balancer configuration,,jira,0.66,search-team
INC198,SNOW196,related_change,,Rate limiting threshold adjustment for new API tier,servicenow,,devops-team
INC198,JIRA-184,related_change,,CDN configuration update for cache TTL,jira,,ops-team
INC199,SNOW197,similar_incident,Scaled up 19 instances from 75 to 10 pods and optimized query performance by adding database indexes on frequently queried columns. Response times improved from 5s to servicems average.,,servicenow,0.95,api-team
INC200,JIRA-185,similar_incident,Restarted 5 pods and cleared corrupted cache layer,,jira,0.82,observability-team
INC200,JIRA-186,related_change,,Node capacity upgrade scheduled for maintenance window,jira,,identity-team
INC200,JIRA-187,similar_incident,Fixed 11 timeout by increasing connection timeout to 78s and implementing circuit breaker pattern. Also added health check monitoring.,,jira,0.68,dba-team
INC201,SNOW198,similar_incident,Fixed 20 timeout by increasing connection timeout to 64s and implementing circuit breaker pattern. Also added health check monitoring.,,servicenow,0.93,platform-team
INC201,SNOW199,related_change,,New order notification feature deployed,servicenow,,payments-team
INC201,JIRA-188,related_change,,Heavy batch job scheduled during peak hours,jira,,identity-team
INC202,SNOW200,similar_incident,Implemented 6 for automatic failover. Configured 75-node cluster with quorum of 5. Tested failover scenarios successfully.,,servicenow,0.89,observability-team
INC202,JIRA-189,similar_incident,Promoted replica to primary and rebuilt read replica from backup. Verified data consistency using checksums. Recovery completed within RTO of 18 minutes.,,jira,0.8,infra-team
INC202,SNOW201,related_change,,New order notification feature deployed,servicenow,,payments-team
INC203,JIRA-190,similar_incident,Scaled up 19 instances from 80 to 4 pods and optimized query performance by adding database indexes on frequently queried columns. Response times improved from 3s to Redisms average.,,jira,0.94,infra-team
INC203,JIRA-191,related_change,,Redis cluster scaling performed last week,jira,,api-team
INC204,SNOW202,similar_incident,Implemented 18 for automatic failover. Configured 33-node cluster with quorum of 6. Tested failover scenarios successfully.,,servicenow,0.7,observability-team
INC204,JIRA-192,similar_incident,Fixed 15 timeout by increasing connection timeout to 43s and implementing circuit breaker pattern. Also added health check monitoring.,,jira,0.83,infra-team
INC204,SNOW203,related_change,,Automated certificate rotation implementation in progress,servicenow,,dba-team
INC205,SNOW204,similar_incident,Increased connection pool size from 12 to 64 connections and added exponential backoff retry logic with max 3 attempts. Monitored for 24 hours and confirmed resolution.,,servicenow,0.72,search-team
INC205,SNOW205,related_change,,Payment provider SDK upgrade deployed yesterday,servicenow,,devops-team
INC205,JIRA-193,related_change,,Elasticsearch cluster version upgrade deployed,jira,,identity-team
INC206,JIRA-194,similar_incident,Manually purged CDN cache and verified asset propagation,,jira,0.83,infra-team
INC207,SNOW206,similar_incident,Manually purged CDN cache and verified asset propagation,,servicenow,0.91,devops-team
INC207,SNOW207,related_change,,Deployed new notification-service version with performance improvements,servicenow,,devops-team
INC208,SNOW208,similar_incident,Promoted replica to primary and rebuilt read replica from backup. Verified data consistency using checksums. Recovery completed within RTO of 10 minutes.,,servicenow,0.8,identity-team
INC209,SNOW209,similar_incident,Promoted replica to primary and rebuilt read replica from backup. Verified data consistency using checksums. Recovery completed within RTO of 10 minutes.,,servicenow,0.81,identity-team
INC209,JIRA-195,related_change,,Registry storage migration performed,jira,,platform-team
INC210,SNOW210,similar_incident,Fixed 16 timeout by increasing connection timeout to 65s and implementing circuit breaker pattern. Also added health check monitoring.,,servicenow,0.69,payments-team
INC210,SNOW211,related_change,,Node capacity upgrade scheduled for maintenance window,servicenow,,ops-team
INC210,SNOW212,similar_incident,Implemented 13 for automatic failover. Configured 33-node cluster with quorum of 8. Tested failover scenarios successfully.,,servicenow,0.88,dba-team
INC211,SNOW213,similar_incident,Renewed SSL certificates and updated load balancer configuration,,servicenow,0.69,search-team
INC211,JIRA-196,similar_incident,Renewed SSL certificates and updated load balancer configuration,,jira,0.82,ops-team
INC212,SNOW214,similar_incident,Scaled consumer instances and processed backlog within SLA. Increased from 19 to 100 consumers. Backlog cleared in 4 hours.,,servicenow,0.79,payments-team
INC212,JIRA-197,similar_incident,Rolled back to previous 15 version to restore functionality,,jira,0.78,infra-team
INC212,SNOW215,related_change,,New order notification feature deployed,servicenow,,payments-team
INC213,JIRA-198,similar_incident,Implemented 17 for automatic failover. Configured 69-node cluster with quorum of 3. Tested failover scenarios successfully.,,jira,0.73,api-team
INC213,JIRA-199,similar_incident,Scaled up 8 instances from 47 to 4 pods and optimized query performance by adding database indexes on frequently queried columns. Response times improved from 1s to databasems average.,,jira,0.73,payments-team
INC213,JIRA-200,similar_incident,Promoted replica to primary and rebuilt read replica from backup. Verified data consistency using checksums. Recovery completed within RTO of 8 minutes.,,jira,0.72,ops-team
INC214,JIRA-201,similar_incident,Rolled back to previous 18 version to restore functionality,,jira,0.81,identity-team
INC214,JIRA-202,related_change,,Node capacity upgrade scheduled for maintenance window,jira,,platform-team
INC214,SNOW216,related_change,,Elasticsearch cluster version upgrade deployed,servicenow,,api-team
INC215,SNOW217,similar_incident,Increased connection pool size from 14 to 47 connections and added exponential backoff retry logic with max 3 attempts. Monitored for 24 hours and confirmed resolution.,,servicenow,0.71,observability-team
INC216,JIRA-203,similar_incident,Scaled consumer instances and processed backlog within SLA. Increased from 13 to 85 consumers. Backlog cleared in 8 hours.,,jira,0.75,search-team
INC216,JIRA-204,related_change,,Payment provider SDK upgrade deployed yesterday,jira,,platform-team
INC217,JIRA-205,similar_incident,Promoted replica to primary and rebuilt read replica from backup. Verified data consistency using checksums. Recovery completed within RTO of 18 minutes.,,jira,0.93,infra-team
INC218,JIRA-206,similar_incident,Implemented 15 for automatic failover. Configured 58-node cluster with quorum of 5. Tested failover scenarios successfully.,,jira,0.78,security-team
INC218,SNOW218,related_change,,Automated certificate rotation implementation in progress,servicenow,,payments-team
INC218,JIRA-207,related_change,,Registry storage migration performed,jira,,observability-team
INC219,SNOW219,similar_incident,Scaled consumer instances and processed backlog within SLA. Increased from 15 to 67 consumers. Backlog cleared in 2 hours.,,servicenow,0.75,security-team
INC220,JIRA-208,similar_incident,Rolled back to previous 6 version to restore functionality,,jira,0.7,platform-team
INC220,JIRA-209,similar_incident,Restarted 18 pods and cleared corrupted cache layer,,jira,0.89,search-team
INC220,SNOW220,related_change,,Database migration completed last week,servicenow,,dba-team
INC221,SNOW221,similar_incident,Fixed 13 timeout by increasing connection timeout to 42s and implementing circuit breaker pattern. Also added health check monitoring.,,servicenow,0.82,infra-team
INC222,JIRA-210,similar_incident,Increased connection pool size from 5 to 98 connections and added exponential backoff retry logic with max 3 attempts. Monitored for 24 hours and confirmed resolution.,,jira,0.81,observability-team
INC222,JIRA-211,related_change,,New order notification feature deployed,jira,,identity-team
INC222,JIRA-212,similar_incident,Rolled back to previous 7 version to restore functionality,,jira,0.79,ops-team
INC223,JIRA-213,similar_incident,Implemented 10 for automatic failover. Configured 84-node cluster with quorum of 3. Tested failover scenarios successfully.,,jira,0.67,devops-team
INC223,JIRA-214,similar_incident,Restarted 15 pods and cleared corrupted cache layer,,jira,0.92,observability-team
INC223,SNOW222,related_change,,CDN configuration update for cache TTL,servicenow,,infra-team
INC224,SNOW223,similar_incident,Promoted replica to primary and rebuilt read replica from backup. Verified data consistency using checksums. Recovery completed within RTO of 13 minutes.,,servicenow,0.86,observability-team
INC224,SNOW224,related_change,,Rate limiting threshold adjustment for new API tier,servicenow,,api-team
INC225,JIRA-215,similar_incident,Implemented 6 for automatic failover. Configured 34-node cluster with quorum of 8. Tested failover scenarios successfully.,,jira,0.74,platform-team
INC225,JIRA-216,related_change,,New order notification feature deployed,jira,,platform-team
INC226,SNOW225,similar_incident,Scaled up 8 instances from 47 to 5 pods and optimized query performance by adding database indexes on frequently queried columns. Response times improved from 2s to databasems average.,,servicenow,0.89,infra-team
INC227,JIRA-217,similar_incident,Manually purged CDN cache and verified asset propagation,,jira,0.88,identity-team
INC227,SNOW226,related_change,,Elasticsearch cluster version upgrade deployed,servicenow,,infra-team
INC227,JIRA-218,similar_incident,Rolled back to previous 14 version to restore functionality,,jira,0.92,dba-team
INC228,JIRA-219,similar_incident,Fixed 7 timeout by increasing connection timeout to 90s and implementing circuit breaker pattern. Also added health check monitoring.,,jira,0.9,infra-team
INC228,SNOW227,related_change,,Added new notification templates last sprint,servicenow,,search-team
INC228,SNOW228,related_change,,Node capacity upgrade scheduled for maintenance window,servicenow,,dba-team
INC229,SNOW229,similar_incident,Increased connection pool size from 17 to 59 connections and added exponential backoff retry logic with max 3 attempts. Monitored for 24 hours and confirmed resolution.,,servicenow,0.73,search-team
INC229,SNOW230,related_change,,Fluentd configuration update for new log format,servicenow,,search-team
INC229,SNOW231,related_change,,Database migration completed last week,servicenow,,infra-team
INC230,SNOW232,similar_incident,Renewed SSL certificates and updated load balancer configuration,,servicenow,0.67,api-team
INC231,JIRA-220,similar_incident,Restarted 14 pods and cleared corrupted cache layer,,jira,0.74,payments-team
INC231,JIRA-221,related_change,,Automated certificate rotation implementation in progress,jira,,api-team
INC232,JIRA-222,similar_incident,Increased connection pool size from 11 to 98 connections and added exponential backoff retry logic with max 3 attempts. Monitored for 24 hours and confirmed resolution.,,jira,0.84,identity-team
INC232,JIRA-223,similar_incident,Increased connection pool size from 15 to 60 connections and added exponential backoff retry logic with max 3 attempts. Monitored for 24 hours and confirmed resolution.,,jira,0.95,search-team
INC233,JIRA-224,similar_incident,Renewed SSL certificates and updated load balancer configuration,,jira,0.88,infra-team
INC233,JIRA-225,similar_incident,Manually purged CDN cache and verified asset propagation,,jira,0.67,search-team
INC233,JIRA-226,related_change,,Added backup OAuth provider configuration,jira,,dba-team
INC234,SNOW233,similar_incident,Restarted 8 pods and cleared corrupted cache layer,,servicenow,0.72,platform-team
INC234,SNOW234,related_change,,New order notification feature deployed,servicenow,,dba-team
INC234,JIRA-227,similar_incident,Implemented 9 for automatic failover. Configured 56-node cluster with quorum of 10. Tested failover scenarios successfully.,,jira,0.7,observability-team
INC235,SNOW235,similar_incident,Manually purged CDN cache and verified asset propagation,,servicenow,0.9,security-team
INC236,SNOW236,similar_incident,Renewed SSL certificates and updated load balancer configuration,,servicenow,0.8,dba-team
INC237,SNOW237,similar_incident,Manually purged CDN cache and verified asset propagation,,servicenow,0.72,platform-team
INC237,SNOW238,similar_incident,Manually purged CDN cache and verified asset propagation,,servicenow,0.82,platform-team
INC238,SNOW239,similar_incident,Fixed 8 timeout by increasing connection timeout to 35s and implementing circuit breaker pattern. Also added health check monitoring.,,servicenow,0.7,dba-team
INC239,SNOW240,similar_incident,Scaled up 17 instances from 89 to 8 pods and optimized query performance by adding database indexes on frequently queried columns. Response times improved from 4s to Redisms average.,,servicenow,0.93,api-team
INC240,JIRA-228,similar_incident,Scaled consumer instances and processed backlog within SLA. Increased from 8 to 31 consumers. Backlog cleared in 10 hours.,,jira,0.77,api-team
INC240,SNOW241,related_change,,Database migration completed last week,servicenow,,infra-team
INC240,SNOW242,related_change,,Rate limiting threshold adjustment for new API tier,servicenow,,platform-team
INC241,SNOW243,similar_incident,Scaled up 6 instances from 91 to 6 pods and optimized query performance by adding database indexes on frequently queried columns. Response times improved from 4s to APIms average.,,servicenow,0.71,identity-team
INC241,JIRA-229,related_change,,Fluentd configuration update for new log format,jira,,security-team
INC242,JIRA-230,similar_incident,Scaled up 6 instances from 30 to 5 pods and optimized query performance by adding database indexes on frequently queried columns. Response times improved from 1s to databasems average.,,jira,0.93,observability-team
INC242,SNOW244,related_change,,Fluentd configuration update for new log format,servicenow,,devops-team
INC242,JIRA-231,related_change,,New order notification feature deployed,jira,,infra-team
INC243,JIRA-232,similar_incident,Restarted 7 pods and cleared corrupted cache layer,,jira,0.95,dba-team
INC243,JIRA-233,related_change,,Automated certificate rotation implementation in progress,jira,,identity-team
INC243,SNOW245,similar_incident,Increased connection pool size from 17 to 77 connections and added exponential backoff retry logic with max 3 attempts. Monitored for 24 hours and confirmed resolution.,,servicenow,0.96,api-team
INC244,JIRA-234,similar_incident,Renewed SSL certificates and updated load balancer configuration,,jira,0.75,dba-team
INC245,JIRA-235,similar_incident,Manually purged CDN cache and verified asset propagation,,jira,0.8,identity-team
INC245,SNOW246,related_change,,Registry storage migration performed,servicenow,,api-team
INC246,SNOW247,similar_incident,Scaled consumer instances and processed backlog within SLA. Increased from 18 to 100 consumers. Backlog cleared in 5 hours.,,servicenow,0.77,platform-team
INC246,JIRA-236,similar_incident,Scaled consumer instances and processed backlog within SLA. Increased from 19 to 31 consumers. Backlog cleared in 10 hours.,,jira,0.82,identity-team
INC246,SNOW248,related_change,,CDN configuration update for cache TTL,servicenow,,dba-team
INC247,JIRA-237,similar_incident,Manually purged CDN cache and verified asset propagation,,jira,0.67,api-team
INC247,SNOW249,related_change,,Registry storage migration performed,servicenow,,api-team
INC247,JIRA-238,similar_incident,Promoted replica to primary and rebuilt read replica from backup. Verified data consistency using checksums. Recovery completed within RTO of 19 minutes.,,jira,0.72,identity-team
INC248,SNOW250,similar_incident,Fixed 18 timeout by increasing connection timeout to 75s and implementing circuit breaker pattern. Also added health check monitoring.,,servicenow,0.91,search-team
INC249,JIRA-239,similar_incident,Increased connection pool size from 14 to 40 connections and added exponential backoff retry logic with max 3 attempts. Monitored for 24 hours and confirmed resolution.,,jira,0.94,ops-team
INC250,JIRA-240,similar_incident,Promoted replica to primary and rebuilt read replica from backup. Verified data consistency using checksums. Recovery completed within RTO of 15 minutes.,,jira,0.79,platform-team
INC251,SNOW251,similar_incident,Fixed 20 timeout by increasing connection timeout to 67s and implementing circuit breaker pattern. Also added health check monitoring.,,servicenow,0.68,infra-team
INC251,SNOW252,related_change,,Deployed new fulfillment-service version with performance improvements,servicenow,,security-team
INC251,JIRA-241,similar_incident,Scaled consumer instances and processed backlog within SLA. Increased from 13 to 52 consumers. Backlog cleared in 4 hours.,,jira,0.75,ops-team
INC252,SNOW253,similar_incident,Restarted 6 pods and cleared corrupted cache layer,,servicenow,0.91,platform-team
INC252,JIRA-242,related_change,,Node capacity upgrade scheduled for maintenance window,jira,,search-team
INC252,JIRA-243,similar_incident,Promoted replica to primary and rebuilt read replica from backup. Verified data consistency using checksums. Recovery completed within RTO of 18 minutes.,,jira,0.69,platform-team
INC253,JIRA-244,similar_incident,Increased connection pool size from 5 to 36 connections and added exponential backoff retry logic with max 3 attempts. Monitored for 24 hours and confirmed resolution.,,jira,0.78,payments-team
INC253,SNOW254,related_change,,Payment provider SDK upgrade deployed yesterday,servicenow,,api-team
INC254,SNOW255,similar_incident,Implemented 20 for automatic failover. Configured 52-node cluster with quorum of 10. Tested failover scenarios successfully.,,servicenow,0.75,ops-team
INC255,JIRA-245,similar_incident,Increased connection pool size from 6 to 41 connections and added exponential backoff retry logic with max 3 attempts. Monitored for 24 hours and confirmed resolution.,,jira,0.7,devops-team
INC255,JIRA-246,related_change,,Added new notification templates last sprint,jira,,devops-team
INC255,SNOW256,similar_incident,Scaled consumer instances and processed backlog within SLA. Increased from 7 to 79 consumers. Backlog cleared in 10 hours.,,servicenow,0.67,dba-team
INC256,SNOW257,similar_incident,Scaled up 8 instances from 77 to 2 pods and optimized query performance by adding database indexes on frequently queried columns. Response times improved from 5s to servicems average.,,servicenow,0.92,search-team
INC256,SNOW258,similar_incident,Promoted replica to primary and rebuilt read replica from backup. Verified data consistency using checksums. Recovery completed within RTO of 10 minutes.,,servicenow,0.94,platform-team
INC257,SNOW259,similar_incident,Manually purged CDN cache and verified asset propagation,,servicenow,0.69,search-team
INC257,SNOW260,similar_incident,Restarted 7 pods and cleared corrupted cache layer,,servicenow,0.73,ops-team
INC258,SNOW261,similar_incident,Renewed SSL certificates and updated load balancer configuration,,servicenow,0.83,observability-team
INC258,JIRA-247,related_change,,New order notification feature deployed,jira,,payments-team
INC258,JIRA-248,similar_incident,Fixed 19 timeout by increasing connection timeout to 82s and implementing circuit breaker pattern. Also added health check monitoring.,,jira,0.76,api-team
INC259,JIRA-249,similar_incident,Implemented 20 for automatic failover. Configured 44-node cluster with quorum of 8. Tested failover scenarios successfully.,,jira,0.94,devops-team
INC259,JIRA-250,similar_incident,Implemented 7 for automatic failover. Configured 57-node cluster with quorum of 3. Tested failover scenarios successfully.,,jira,0.66,dba-team
INC259,JIRA-251,related_change,,Added new notification templates last sprint,jira,,payments-team
INC260,SNOW262,similar_incident,Scaled up 19 instances from 67 to 5 pods and optimized query performance by adding database indexes on frequently queried columns. Response times improved from 3s to databasems average.,,servicenow,0.81,platform-team
INC260,SNOW263,related_change,,Fluentd configuration update for new log format,servicenow,,api-team
INC260,SNOW264,related_change,,CDN configuration update for cache TTL,servicenow,,ops-team
INC261,JIRA-252,similar_incident,Implemented 18 for automatic failover. Configured 34-node cluster with quorum of 8. Tested failover scenarios successfully.,,jira,0.82,payments-team
INC262,JIRA-253,similar_incident,Implemented 11 for automatic failover. Configured 100-node cluster with quorum of 6. Tested failover scenarios successfully.,,jira,0.77,platform-team
INC262,JIRA-254,related_change,,Rate limiting threshold adjustment for new API tier,jira,,identity-team
INC262,SNOW265,similar_incident,Promoted replica to primary and rebuilt read replica from backup. Verified data consistency using checksums. Recovery completed within RTO of 15 minutes.,,servicenow,0.77,payments-team
INC263,JIRA-255,similar_incident,Promoted replica to primary and rebuilt read replica from backup. Verified data consistency using checksums. Recovery completed within RTO of 7 minutes.,,jira,0.71,platform-team
INC263,SNOW266,similar_incident,Renewed SSL certificates and updated load balancer configuration,,servicenow,0.94,search-team
INC264,SNOW267,similar_incident,Increased connection pool size from 20 to 69 connections and added exponential backoff retry logic with max 3 attempts. Monitored for 24 hours and confirmed resolution.,,servicenow,0.68,security-team
INC264,SNOW268,similar_incident,Restarted 17 pods and cleared corrupted cache layer,,servicenow,0.87,observability-team
INC265,JIRA-256,similar_incident,Increased connection pool size from 10 to 51 connections and added exponential backoff retry logic with max 3 attempts. Monitored for 24 hours and confirmed resolution.,,jira,0.94,identity-team
INC265,JIRA-257,related_change,,New order notification feature deployed,jira,,platform-team
INC266,SNOW269,similar_incident,Increased connection pool size from 7 to 47 connections and added exponential backoff retry logic with max 3 attempts. Monitored for 24 hours and confirmed resolution.,,servicenow,0.76,dba-team
INC267,SNOW270,similar_incident,Fixed 18 timeout by increasing connection timeout to 36s and implementing circuit breaker pattern. Also added health check monitoring.,,servicenow,0.72,dba-team
INC268,SNOW271,similar_incident,Promoted replica to primary and rebuilt read replica from backup. Verified data consistency using checksums. Recovery completed within RTO of 13 minutes.,,servicenow,0.66,api-team
INC268,JIRA-258,similar_incident,Restarted 11 pods and cleared corrupted cache layer,,jira,0.94,infra-team
INC268,JIRA-259,similar_incident,Rolled back to previous 7 version to restore functionality,,jira,0.72,devops-team
INC269,SNOW272,similar_incident,Rolled back to previous 8 version to restore functionality,,servicenow,0.92,payments-team
INC269,JIRA-260,similar_incident,Renewed SSL certificates and updated load balancer configuration,,jira,0.84,ops-team
INC270,SNOW273,similar_incident,Scaled up 14 instances from 42 to 5 pods and optimized query performance by adding database indexes on frequently queried columns. Response times improved from 3s to APIms average.,,servicenow,0.93,platform-team
INC270,JIRA-261,related_change,,Registry storage migration performed,jira,,ops-team
INC271,JIRA-262,similar_incident,Manually purged CDN cache and verified asset propagation,,jira,0.76,payments-team
INC272,JIRA-263,similar_incident,Scaled consumer instances and processed backlog within SLA. Increased from 7 to 34 consumers. Backlog cleared in 2 hours.,,jira,0.94,identity-team
INC273,SNOW274,similar_incident,Scaled consumer instances and processed backlog within SLA. Increased from 18 to 100 consumers. Backlog cleared in 2 hours.,,servicenow,0.87,infra-team
INC274,JIRA-264,similar_incident,Increased connection pool size from 12 to 91 connections and added exponential backoff retry logic with max 3 attempts. Monitored for 24 hours and confirmed resolution.,,jira,0.86,identity-team
INC274,JIRA-265,related_change,,Added backup OAuth provider configuration,jira,,observability-team
INC275,JIRA-266,similar_incident,Rolled back to previous 5 version to restore functionality,,jira,0.89,dba-team
INC275,SNOW275,related_change,,Node capacity upgrade scheduled for maintenance window,servicenow,,platform-team
INC275,SNOW276,similar_incident,Fixed 16 timeout by increasing connection timeout to 31s and implementing circuit breaker pattern. Also added health check monitoring.,,servicenow,0.75,payments-team
INC276,JIRA-267,similar_incident,Fixed 14 timeout by increasing connection timeout to 43s and implementing circuit breaker pattern. Also added health check monitoring.,,jira,0.83,identity-team
INC277,SNOW277,similar_incident,Manually purged CDN cache and verified asset propagation,,servicenow,0.87,security-team
INC277,SNOW278,similar_incident,Rolled back to previous 14 version to restore functionality,,servicenow,0.83,security-team
INC277,JIRA-268,similar_incident,Promoted replica to primary and rebuilt read replica from backup. Verified data consistency using checksums. Recovery completed within RTO of 12 minutes.,,jira,0.73,observability-team
INC278,SNOW279,similar_incident,Scaled up 7 instances from 79 to 8 pods and optimized query performance by adding database indexes on frequently queried columns. Response times improved from 4s to servicems average.,,servicenow,0.84,payments-team
INC279,JIRA-269,similar_incident,Promoted replica to primary and rebuilt read replica from backup. Verified data consistency using checksums. Recovery completed within RTO of 19 minutes.,,jira,0.92,api-team
INC280,SNOW280,similar_incident,Fixed 18 timeout by increasing connection timeout to 69s and implementing circuit breaker pattern. Also added health check monitoring.,,servicenow,0.95,search-team
INC281,JIRA-270,similar_incident,Fixed 5 timeout by increasing connection timeout to 48s and implementing circuit breaker pattern. Also added health check monitoring.,,jira,0.71,search-team
INC282,JIRA-271,similar_incident,Restarted 5 pods and cleared corrupted cache layer,,jira,0.9,security-team
INC282,SNOW281,similar_incident,Renewed SSL certificates and updated load balancer configuration,,servicenow,0.65,devops-team
INC283,JIRA-272,similar_incident,Fixed 8 timeout by increasing connection timeout to 51s and implementing circuit breaker pattern. Also added health check monitoring.,,jira,0.81,search-team
INC284,SNOW282,similar_incident,Promoted replica to primary and rebuilt read replica from backup. Verified data consistency using checksums. Recovery completed within RTO of 8 minutes.,,servicenow,0.72,platform-team
INC284,JIRA-273,related_change,,CDN configuration update for cache TTL,jira,,ops-team
INC285,SNOW283,similar_incident,Manually purged CDN cache and verified asset propagation,,servicenow,0.92,identity-team
INC285,JIRA-274,related_change,,Payment provider SDK upgrade deployed yesterday,jira,,payments-team
INC285,SNOW284,related_change,,CDN configuration update for cache TTL,servicenow,,security-team
INC286,SNOW285,similar_incident,Increased connection pool size from 15 to 60 connections and added exponential backoff retry logic with max 3 attempts. Monitored for 24 hours and confirmed resolution.,,servicenow,0.67,devops-team
INC286,JIRA-275,similar_incident,Renewed SSL certificates and updated load balancer configuration,,jira,0.93,infra-team
INC286,JIRA-276,similar_incident,Renewed SSL certificates and updated load balancer configuration,,jira,0.74,infra-team
INC287,SNOW286,similar_incident,Scaled up 9 instances from 51 to 9 pods and optimized query performance by adding database indexes on frequently queried columns. Response times improved from 2s to Redisms average.,,servicenow,0.71,platform-team
INC287,SNOW287,related_change,,CDN configuration update for cache TTL,servicenow,,ops-team
INC288,SNOW288,similar_incident,Fixed 9 timeout by increasing connection timeout to 37s and implementing circuit breaker pattern. Also added health check monitoring.,,servicenow,0.8,identity-team
INC289,SNOW289,similar_incident,Fixed 8 timeout by increasing connection timeout to 38s and implementing circuit breaker pattern. Also added health check monitoring.,,servicenow,0.87,identity-team
INC289,SNOW290,similar_incident,Increased connection pool size from 9 to 34 connections and added exponential backoff retry logic with max 3 attempts. Monitored for 24 hours and confirmed resolution.,,servicenow,0.72,infra-team
INC290,SNOW291,similar_incident,Restarted 20 pods and cleared corrupted cache layer,,servicenow,0.87,api-team
INC291,SNOW292,similar_incident,Renewed SSL certificates and updated load balancer configuration,,servicenow,0.68,infra-team
INC292,SNOW293,similar_incident,Scaled consumer instances and processed backlog within SLA. Increased from 13 to 80 consumers. Backlog cleared in 5 hours.,,servicenow,0.87,payments-team
INC292,SNOW294,related_change,,Elasticsearch cluster version upgrade deployed,servicenow,,identity-team
INC293,JIRA-277,similar_incident,Scaled consumer instances and processed backlog within SLA. Increased from 8 to 98 consumers. Backlog cleared in 5 hours.,,jira,0.85,dba-team
INC293,SNOW295,related_change,,Heavy batch job scheduled during peak hours,servicenow,,observability-team
INC294,SNOW296,similar_incident,Restarted 14 pods and cleared corrupted cache layer,,servicenow,0.72,search-team
INC294,SNOW297,related_change,,Added new notification templates last sprint,servicenow,,security-team
INC294,JIRA-278,similar_incident,Manually purged CDN cache and verified asset propagation,,jira,0.77,infra-team
INC295,SNOW298,similar_incident,Manually purged CDN cache and verified asset propagation,,servicenow,0.68,api-team
INC296,SNOW299,similar_incident,Scaled consumer instances and processed backlog within SLA. Increased from 20 to 31 consumers. Backlog cleared in 10 hours.,,servicenow,0.82,dba-team
INC297,JIRA-279,similar_incident,Scaled consumer instances and processed backlog within SLA. Increased from 19 to 35 consumers. Backlog cleared in 8 hours.,,jira,0.68,search-team
INC297,JIRA-280,related_change,,Node capacity upgrade scheduled for maintenance window,jira,,api-team
INC298,JIRA-281,similar_incident,Manually purged CDN cache and verified asset propagation,,jira,0.74,ops-team
INC299,JIRA-282,similar_incident,Increased connection pool size from 19 to 85 connections and added exponential backoff retry logic with max 3 attempts. Monitored for 24 hours and confirmed resolution.,,jira,0.89,ops-team
INC299,SNOW300,related_change,,Node capacity upgrade scheduled for maintenance window,servicenow,,identity-team
INC300,JIRA-283,similar_incident,Manually purged CDN cache and verified asset propagation,,jira,0.77,api-team
INC301,SNOW301,similar_incident,Fixed 10 timeout by increasing connection timeout to 79s and implementing circuit breaker pattern. Also added health check monitoring.,,servicenow,0.74,search-team
INC301,SNOW302,related_change,,Added new notification templates last sprint,servicenow,,identity-team
INC302,SNOW303,similar_incident,Promoted replica to primary and rebuilt read replica from backup. Verified data consistency using checksums. Recovery completed within RTO of 15 minutes.,,servicenow,0.85,observability-team
INC302,SNOW304,related_change,,Added backup OAuth provider configuration,servicenow,,search-team
INC303,SNOW305,similar_incident,Manually purged CDN cache and verified asset propagation,,servicenow,0.94,platform-team
INC303,SNOW306,similar_incident,Implemented 7 for automatic failover. Configured 78-node cluster with quorum of 6. Tested failover scenarios successfully.,,servicenow,0.76,dba-team
INC303,SNOW307,similar_incident,Implemented 19 for automatic failover. Configured 53-node cluster with quorum of 7. Tested failover scenarios successfully.,,servicenow,0.72,observability-team
INC304,JIRA-284,similar_incident,Rolled back to previous 6 version to restore functionality,,jira,0.8,infra-team
INC305,JIRA-285,similar_incident,Implemented 16 for automatic failover. Configured 89-node cluster with quorum of 8. Tested failover scenarios successfully.,,jira,0.75,devops-team
INC306,JIRA-286,similar_incident,Manually purged CDN cache and verified asset propagation,,jira,0.87,security-team
INC306,JIRA-287,related_change,,Added new notification templates last sprint,jira,,platform-team
INC307,SNOW308,similar_incident,Scaled consumer instances and processed backlog within SLA. Increased from 16 to 90 consumers. Backlog cleared in 6 hours.,,servicenow,0.89,devops-team
INC307,JIRA-288,similar_incident,Scaled consumer instances and processed backlog within SLA. Increased from 11 to 65 consumers. Backlog cleared in 4 hours.,,jira,0.74,payments-team
INC308,SNOW309,similar_incident,Manually purged CDN cache and verified asset propagation,,servicenow,0.75,observability-team
INC309,JIRA-289,similar_incident,Renewed SSL certificates and updated load balancer configuration,,jira,0.68,security-team
INC309,JIRA-290,similar_incident,Scaled consumer instances and processed backlog within SLA. Increased from 9 to 71 consumers. Backlog cleared in 7 hours.,,jira,0.74,identity-team
INC309,JIRA-291,similar_incident,Scaled up 12 instances from 31 to 9 pods and optimized query performance by adding database indexes on frequently queried columns. Response times improved from 3s to servicems average.,,jira,0.76,ops-team
INC310,SNOW310,similar_incident,Implemented 10 for automatic failover. Configured 79-node cluster with quorum of 3. Tested failover scenarios successfully.,,servicenow,0.85,api-team
INC310,SNOW311,similar_incident,Fixed 18 timeout by increasing connection timeout to 44s and implementing circuit breaker pattern. Also added health check monitoring.,,servicenow,0.87,infra-team
INC310,SNOW312,related_change,,Added backup OAuth provider configuration,servicenow,,dba-team
INC311,SNOW313,similar_incident,Restarted 12 pods and cleared corrupted cache layer,,servicenow,0.8,api-team
INC311,JIRA-292,similar_incident,Fixed 8 timeout by increasing connection timeout to 40s and implementing circuit breaker pattern. Also added health check monitoring.,,jira,0.93,dba-team
INC312,JIRA-293,similar_incident,Promoted replica to primary and rebuilt read replica from backup. Verified data consistency using checksums. Recovery completed within RTO of 10 minutes.,,jira,0.93,dba-team
INC312,JIRA-294,related_change,,Automated certificate rotation implementation in progress,jira,,dba-team
INC312,JIRA-295,similar_incident,Scaled up 20 instances from 54 to 4 pods and optimized query performance by adding database indexes on frequently queried columns. Response times improved from 1s to APIms average.,,jira,0.9,payments-team
INC313,SNOW314,similar_incident,Rolled back to previous 19 version to restore functionality,,servicenow,0.77,security-team
INC313,JIRA-296,related_change,,Added new notification templates last sprint,jira,,payments-team
INC313,SNOW315,related_change,,Database migration completed last week,servicenow,,ops-team
INC314,JIRA-297,similar_incident,Increased connection pool size from 6 to 75 connections and added exponential backoff retry logic with max 3 attempts. Monitored for 24 hours and confirmed resolution.,,jira,0.66,dba-team
INC315,JIRA-298,similar_incident,Renewed SSL certificates and updated load balancer configuration,,jira,0.85,identity-team
INC315,SNOW316,similar_incident,Increased connection pool size from 9 to 91 connections and added exponential backoff retry logic with max 3 attempts. Monitored for 24 hours and confirmed resolution.,,servicenow,0.71,search-team
INC316,SNOW317,similar_incident,Scaled up 18 instances from 33 to 6 pods and optimized query performance by adding database indexes on frequently queried columns. Response times improved from 2s to APIms average.,,servicenow,0.89,platform-team
INC316,SNOW318,related_change,,CDN configuration update for cache TTL,servicenow,,payments-team
INC317,SNOW319,similar_incident,Restarted 10 pods and cleared corrupted cache layer,,servicenow,0.84,search-team
INC317,JIRA-299,similar_incident,Renewed SSL certificates and updated load balancer configuration,,jira,0.89,infra-team
INC317,SNOW320,similar_incident,Manually purged CDN cache and verified asset propagation,,servicenow,0.85,search-team
INC318,JIRA-300,similar_incident,Rolled back to previous 16 version to restore functionality,,jira,0.93,observability-team
INC318,SNOW321,similar_incident,Fixed 19 timeout by increasing connection timeout to 59s and implementing circuit breaker pattern. Also added health check monitoring.,,servicenow,0.7,observability-team
INC318,JIRA-301,related_change,,Fluentd configuration update for new log format,jira,,observability-team
INC319,SNOW322,similar_incident,Promoted replica to primary and rebuilt read replica from backup. Verified data consistency using checksums. Recovery completed within RTO of 12 minutes.,,servicenow,0.81,devops-team
INC319,SNOW323,related_change,,Redis cluster scaling performed last week,servicenow,,platform-team
INC320,SNOW324,similar_incident,Renewed SSL certificates and updated load balancer configuration,,servicenow,0.95,observability-team
INC321,SNOW325,similar_incident,Scaled consumer instances and processed backlog within SLA. Increased from 20 to 45 consumers. Backlog cleared in 10 hours.,,servicenow,0.66,api-team
INC322,JIRA-302,similar_incident,Scaled up 9 instances from 80 to 3 pods and optimized query performance by adding database indexes on frequently queried columns. Response times improved from 3s to APIms average.,,jira,0.93,payments-team
INC323,SNOW326,similar_incident,Scaled up 20 instances from 85 to 6 pods and optimized query performance by adding database indexes on frequently queried columns. Response times improved from 5s to gatewayms average.,,servicenow,0.8,platform-team
INC323,JIRA-303,related_change,,Registry storage migration performed,jira,,infra-team
INC323,JIRA-304,similar_incident,Fixed 11 timeout by increasing connection timeout to 57s and implementing circuit breaker pattern. Also added health check monitoring.,,jira,0.66,security-team
INC324,JIRA-305,similar_incident,Implemented 9 for automatic failover. Configured 74-node cluster with quorum of 10. Tested failover scenarios successfully.,,jira,0.92,identity-team
INC325,JIRA-306,similar_incident,Scaled consumer instances and processed backlog within SLA. Increased from 6 to 78 consumers. Backlog cleared in 4 hours.,,jira,0.77,devops-team
INC326,JIRA-307,similar_incident,Rolled back to previous 20 version to restore functionality,,jira,0.73,security-team
INC327,JIRA-308,similar_incident,Implemented 8 for automatic failover. Configured 60-node cluster with quorum of 2. Tested failover scenarios successfully.,,jira,0.92,dba-team
INC327,JIRA-309,similar_incident,Renewed SSL certificates and updated load balancer configuration,,jira,0.75,ops-team
INC327,SNOW327,similar_incident,Rolled back to previous 17 version to restore functionality,,servicenow,0.86,platform-team
INC328,JIRA-310,similar_incident,Promoted replica to primary and rebuilt read replica from backup. Verified data consistency using checksums. Recovery completed within RTO of 17 minutes.,,jira,0.76,dba-team
INC329,SNOW328,similar_incident,Fixed 7 timeout by increasing connection timeout to 77s and implementing circuit breaker pattern. Also added health check monitoring.,,servicenow,0.67,ops-team
INC329,JIRA-311,related_change,,Redis cluster scaling performed last week,jira,,infra-team
INC330,SNOW329,similar_incident,Manually purged CDN cache and verified asset propagation,,servicenow,0.94,payments-team
INC330,SNOW330,related_change,,Added backup OAuth provider configuration,servicenow,,observability-team
INC331,JIRA-312,similar_incident,Restarted 20 pods and cleared corrupted cache layer,,jira,0.9,infra-team
INC332,JIRA-313,similar_incident,Fixed 18 timeout by increasing connection timeout to 50s and implementing circuit breaker pattern. Also added health check monitoring.,,jira,0.68,security-team
INC333,SNOW331,similar_incident,Fixed 14 timeout by increasing connection timeout to 39s and implementing circuit breaker pattern. Also added health check monitoring.,,servicenow,0.93,api-team
INC333,JIRA-314,related_change,,CDN configuration update for cache TTL,jira,,ops-team
INC333,JIRA-315,related_change,,Database migration completed last week,jira,,search-team
INC334,JIRA-316,similar_incident,Rolled back to previous 7 version to restore functionality,,jira,0.67,api-team
INC334,SNOW332,similar_incident,Restarted 17 pods and cleared corrupted cache layer,,servicenow,0.82,security-team
INC334,JIRA-317,related_change,,Node capacity upgrade scheduled for maintenance window,jira,,devops-team
INC335,SNOW333,similar_incident,Manually purged CDN cache and verified asset propagation,,servicenow,0.93,payments-team
INC336,JIRA-318,similar_incident,Rolled back to previous 8 version to restore functionality,,jira,0.66,search-team
INC336,JIRA-319,similar_incident,Rolled back to previous 8 version to restore functionality,,jira,0.67,identity-team
INC336,SNOW334,related_change,,Elasticsearch cluster version upgrade deployed,servicenow,,devops-team
INC337,JIRA-320,similar_incident,Implemented 19 for automatic failover. Configured 66-node cluster with quorum of 9. Tested failover scenarios successfully.,,jira,0.69,identity-team
INC337,JIRA-321,related_change,,Automated certificate rotation implementation in progress,jira,,observability-team
INC338,JIRA-322,similar_incident,Restarted 17 pods and cleared corrupted cache layer,,jira,0.92,api-team
INC338,SNOW335,related_change,,Fluentd configuration update for new log format,servicenow,,search-team
INC339,JIRA-323,similar_incident,Promoted replica to primary and rebuilt read replica from backup. Verified data consistency using checksums. Recovery completed within RTO of 18 minutes.,,jira,0.78,devops-team
INC340,JIRA-324,similar_incident,Rolled back to previous 20 version to restore functionality,,jira,0.83,identity-team
INC340,SNOW336,related_change,,Elasticsearch cluster version upgrade deployed,servicenow,,identity-team
INC341,SNOW337,similar_incident,Manually purged CDN cache and verified asset propagation,,servicenow,0.85,search-team
INC342,JIRA-325,similar_incident,Rolled back to previous 15 version to restore functionality,,jira,0.87,platform-team
INC343,JIRA-326,similar_incident,Promoted replica to primary and rebuilt read replica from backup. Verified data consistency using checksums. Recovery completed within RTO of 8 minutes.,,jira,0.86,identity-team
INC344,JIRA-327,similar_incident,Rolled back to previous 7 version to restore functionality,,jira,0.91,dba-team
INC344,JIRA-328,related_change,,Node capacity upgrade scheduled for maintenance window,jira,,api-team
INC345,JIRA-329,similar_incident,Scaled consumer instances and processed backlog within SLA. Increased from 12 to 68 consumers. Backlog cleared in 7 hours.,,jira,0.75,platform-team
INC345,JIRA-330,similar_incident,Implemented 8 for automatic failover. Configured 80-node cluster with quorum of 5. Tested failover scenarios successfully.,,jira,0.74,devops-team
INC346,JIRA-331,similar_incident,Rolled back to previous 13 version to restore functionality,,jira,0.7,security-team
INC346,SNOW338,similar_incident,Manually purged CDN cache and verified asset propagation,,servicenow,0.75,security-team
INC347,SNOW339,similar_incident,Manually purged CDN cache and verified asset propagation,,servicenow,0.87,search-team
INC347,SNOW340,related_change,,Deployed new email-service version with performance improvements,servicenow,,api-team
INC348,SNOW341,similar_incident,Increased connection pool size from 19 to 46 connections and added exponential backoff retry logic with max 3 attempts. Monitored for 24 hours and confirmed resolution.,,servicenow,0.89,infra-team
INC349,JIRA-332,similar_incident,Implemented 16 for automatic failover. Configured 54-node cluster with quorum of 6. Tested failover scenarios successfully.,,jira,0.8,search-team
INC349,SNOW342,similar_incident,Increased connection pool size from 12 to 31 connections and added exponential backoff retry logic with max 3 attempts. Monitored for 24 hours and confirmed resolution.,,servicenow,0.78,identity-team
INC350,JIRA-333,similar_incident,Scaled up 9 instances from 58 to 2 pods and optimized query performance by adding database indexes on frequently queried columns. Response times improved from 1s to servicems average.,,jira,0.68,payments-team
INC350,SNOW343,similar_incident,Restarted 15 pods and cleared corrupted cache layer,,servicenow,0.71,infra-team
INC351,JIRA-334,similar_incident,Restarted 5 pods and cleared corrupted cache layer,,jira,0.94,observability-team
INC351,JIRA-335,related_change,,CDN configuration update for cache TTL,jira,,identity-team
INC351,JIRA-336,similar_incident,Implemented 15 for automatic failover. Configured 80-node cluster with quorum of 8. Tested failover scenarios successfully.,,jira,0.72,api-team
INC352,JIRA-337,similar_incident,Increased connection pool size from 11 to 67 connections and added exponential backoff retry logic with max 3 attempts. Monitored for 24 hours and confirmed resolution.,,jira,0.94,search-team
INC352,SNOW344,similar_incident,Rolled back to previous 11 version to restore functionality,,servicenow,0.78,ops-team
INC352,SNOW345,similar_incident,Implemented 12 for automatic failover. Configured 87-node cluster with quorum of 8. Tested failover scenarios successfully.,,servicenow,0.91,dba-team
INC353,JIRA-338,similar_incident,Fixed 13 timeout by increasing connection timeout to 78s and implementing circuit breaker pattern. Also added health check monitoring.,,jira,0.79,identity-team
INC354,SNOW346,similar_incident,Restarted 13 pods and cleared corrupted cache layer,,servicenow,0.67,identity-team
INC354,SNOW347,related_change,,Database migration completed last week,servicenow,,identity-team
INC355,SNOW348,similar_incident,Renewed SSL certificates and updated load balancer configuration,,servicenow,0.84,devops-team
INC356,JIRA-339,similar_incident,Scaled consumer instances and processed backlog within SLA. Increased from 15 to 53 consumers. Backlog cleared in 9 hours.,,jira,0.71,observability-team
INC356,SNOW349,similar_incident,Increased connection pool size from 9 to 32 connections and added exponential backoff retry logic with max 3 attempts. Monitored for 24 hours and confirmed resolution.,,servicenow,0.96,api-team
INC357,SNOW350,similar_incident,Increased connection pool size from 12 to 32 connections and added exponential backoff retry logic with max 3 attempts. Monitored for 24 hours and confirmed resolution.,,servicenow,0.8,identity-team
INC358,SNOW351,similar_incident,Scaled consumer instances and processed backlog within SLA. Increased from 19 to 76 consumers. Backlog cleared in 2 hours.,,servicenow,0.89,identity-team
INC359,JIRA-340,similar_incident,Promoted replica to primary and rebuilt read replica from backup. Verified data consistency using checksums. Recovery completed within RTO of 12 minutes.,,jira,0.67,payments-team
INC359,SNOW352,similar_incident,Manually purged CDN cache and verified asset propagation,,servicenow,0.82,platform-team
INC359,JIRA-341,related_change,,Payment provider SDK upgrade deployed yesterday,jira,,api-team
INC360,SNOW353,similar_incident,Rolled back to previous 13 version to restore functionality,,servicenow,0.79,payments-team
INC361,SNOW354,similar_incident,Scaled up 19 instances from 50 to 4 pods and optimized query performance by adding database indexes on frequently queried columns. Response times improved from 2s to gatewayms average.,,servicenow,0.92,api-team
INC361,SNOW355,related_change,,Fluentd configuration update for new log format,servicenow,,ops-team
INC361,JIRA-342,related_change,,Heavy batch job scheduled during peak hours,jira,,dba-team
INC362,JIRA-343,similar_incident,Scaled up 20 instances from 93 to 7 pods and optimized query performance by adding database indexes on frequently queried columns. Response times improved from 3s to databasems average.,,jira,0.84,observability-team
INC362,SNOW356,related_change,,Database migration completed last week,servicenow,,dba-team
INC362,JIRA-344,related_change,,Heavy batch job scheduled during peak hours,jira,,devops-team
INC363,SNOW357,similar_incident,Renewed SSL certificates and updated load balancer configuration,,servicenow,0.92,payments-team
INC363,JIRA-345,similar_incident,Restarted 9 pods and cleared corrupted cache layer,,jira,0.75,security-team
INC363,SNOW358,related_change,,Redis cluster scaling performed last week,servicenow,,api-team
INC364,JIRA-346,similar_incident,Implemented 9 for automatic failover. Configured 61-node cluster with quorum of 9. Tested failover scenarios successfully.,,jira,0.83,devops-team
INC364,SNOW359,similar_incident,Scaled up 9 instances from 40 to 3 pods and optimized query performance by adding database indexes on frequently queried columns. Response times improved from 1s to Redisms average.,,servicenow,0.79,dba-team
INC365,SNOW360,similar_incident,Rolled back to previous 16 version to restore functionality,,servicenow,0.79,devops-team
INC365,SNOW361,related_change,,Automated certificate rotation implementation in progress,servicenow,,ops-team
INC365,SNOW362,similar_incident,Manually purged CDN cache and verified asset propagation,,servicenow,0.7,ops-team
INC366,JIRA-347,similar_incident,Promoted replica to primary and rebuilt read replica from backup. Verified data consistency using checksums. Recovery completed within RTO of 10 minutes.,,jira,0.7,dba-team
INC367,JIRA-348,similar_incident,Implemented 12 for automatic failover. Configured 58-node cluster with quorum of 10. Tested failover scenarios successfully.,,jira,0.66,devops-team
INC367,JIRA-349,similar_incident,Fixed 8 timeout by increasing connection timeout to 78s and implementing circuit breaker pattern. Also added health check monitoring.,,jira,0.83,devops-team
INC368,JIRA-350,similar_incident,Rolled back to previous 11 version to restore functionality,,jira,0.74,platform-team
INC368,JIRA-351,similar_incident,Implemented 20 for automatic failover. Configured 95-node cluster with quorum of 7. Tested failover scenarios successfully.,,jira,0.66,dba-team
INC368,SNOW363,similar_incident,Promoted replica to primary and rebuilt read replica from backup. Verified data consistency using checksums. Recovery completed within RTO of 17 minutes.,,servicenow,0.71,infra-team
INC369,JIRA-352,similar_incident,Restarted 13 pods and cleared corrupted cache layer,,jira,0.94,observability-team
INC369,JIRA-353,related_change,,Added new notification templates last sprint,jira,,dba-team
INC369,JIRA-354,similar_incident,Restarted 20 pods and cleared corrupted cache layer,,jira,0.83,dba-team
INC370,JIRA-355,similar_incident,Scaled up 17 instances from 74 to 10 pods and optimized query performance by adding database indexes on frequently queried columns. Response times improved from 1s to servicems average.,,jira,0.69,ops-team
INC371,JIRA-356,similar_incident,Manually purged CDN cache and verified asset propagation,,jira,0.87,payments-team
INC371,SNOW364,similar_incident,Manually purged CDN cache and verified asset propagation,,servicenow,0.74,security-team
INC371,SNOW365,related_change,,Rate limiting threshold adjustment for new API tier,servicenow,,infra-team
INC372,SNOW366,similar_incident,Increased connection pool size from 9 to 70 connections and added exponential backoff retry logic with max 3 attempts. Monitored for 24 hours and confirmed resolution.,,servicenow,0.79,dba-team
INC372,JIRA-357,similar_incident,Scaled consumer instances and processed backlog within SLA. Increased from 10 to 67 consumers. Backlog cleared in 4 hours.,,jira,0.67,identity-team
INC373,JIRA-358,similar_incident,Manually purged CDN cache and verified asset propagation,,jira,0.81,payments-team
INC373,JIRA-359,similar_incident,Rolled back to previous 11 version to restore functionality,,jira,0.73,dba-team
INC373,SNOW367,similar_incident,Scaled up 7 instances from 52 to 4 pods and optimized query performance by adding database indexes on frequently queried columns. Response times improved from 1s to servicems average.,,servicenow,0.77,search-team
INC374,SNOW368,similar_incident,Promoted replica to primary and rebuilt read replica from backup. Verified data consistency using checksums. Recovery completed within RTO of 9 minutes.,,servicenow,0.96,search-team
INC374,JIRA-360,similar_incident,Scaled up 8 instances from 97 to 7 pods and optimized query performance by adding database indexes on frequently queried columns. Response times improved from 3s to APIms average.,,jira,0.67,infra-team
INC375,JIRA-361,similar_incident,Fixed 5 timeout by increasing connection timeout to 35s and implementing circuit breaker pattern. Also added health check monitoring.,,jira,0.93,platform-team
INC375,JIRA-362,related_change,,Heavy batch job scheduled during peak hours,jira,,dba-team
INC376,JIRA-363,similar_incident,Rolled back to previous 15 version to restore functionality,,jira,0.94,ops-team
INC376,JIRA-364,related_change,,Registry storage migration performed,jira,,api-team
INC376,SNOW369,related_change,,New order notification feature deployed,servicenow,,dba-team
INC377,SNOW370,similar_incident,Implemented 10 for automatic failover. Configured 44-node cluster with quorum of 4. Tested failover scenarios successfully.,,servicenow,0.67,ops-team
INC378,SNOW371,similar_incident,Implemented 7 for automatic failover. Configured 35-node cluster with quorum of 6. Tested failover scenarios successfully.,,servicenow,0.81,search-team
INC379,JIRA-365,similar_incident,Restarted 8 pods and cleared corrupted cache layer,,jira,0.91,api-team
INC380,JIRA-366,similar_incident,Manually purged CDN cache and verified asset propagation,,jira,0.86,search-team
INC380,SNOW372,similar_incident,Renewed SSL certificates and updated load balancer configuration,,servicenow,0.87,dba-team
INC381,SNOW373,similar_incident,Increased connection pool size from 12 to 85 connections and added exponential backoff retry logic with max 3 attempts. Monitored for 24 hours and confirmed resolution.,,servicenow,0.87,infra-team
INC382,SNOW374,similar_incident,Promoted replica to primary and rebuilt read replica from backup. Verified data consistency using checksums. Recovery completed within RTO of 11 minutes.,,servicenow,0.77,identity-team
INC383,SNOW375,similar_incident,Promoted replica to primary and rebuilt read replica from backup. Verified data consistency using checksums. Recovery completed within RTO of 6 minutes.,,servicenow,0.93,search-team
INC384,SNOW376,similar_incident,Promoted replica to primary and rebuilt read replica from backup. Verified data consistency using checksums. Recovery completed within RTO of 10 minutes.,,servicenow,0.67,infra-team
INC384,JIRA-367,related_change,,Payment provider SDK upgrade deployed yesterday,jira,,ops-team
INC384,JIRA-368,related_change,,Rate limiting threshold adjustment for new API tier,jira,,security-team
INC385,SNOW377,similar_incident,Fixed 11 timeout by increasing connection timeout to 94s and implementing circuit breaker pattern. Also added health check monitoring.,,servicenow,0.78,api-team
INC386,SNOW378,similar_incident,Renewed SSL certificates and updated load balancer configuration,,servicenow,0.75,identity-team
INC386,SNOW379,related_change,,Payment provider SDK upgrade deployed yesterday,servicenow,,ops-team
INC386,JIRA-369,related_change,,Deployed new email-service version with performance improvements,jira,,infra-team
INC387,JIRA-370,similar_incident,Scaled up 5 instances from 39 to 5 pods and optimized query performance by adding database indexes on frequently queried columns. Response times improved from 2s to APIms average.,,jira,0.71,platform-team
INC387,SNOW380,similar_incident,Scaled up 12 instances from 74 to 4 pods and optimized query performance by adding database indexes on frequently queried columns. Response times improved from 4s to APIms average.,,servicenow,0.81,platform-team
INC388,SNOW381,similar_incident,Scaled consumer instances and processed backlog within SLA. Increased from 20 to 93 consumers. Backlog cleared in 8 hours.,,servicenow,0.88,infra-team
INC388,JIRA-371,similar_incident,Increased connection pool size from 8 to 64 connections and added exponential backoff retry logic with max 3 attempts. Monitored for 24 hours and confirmed resolution.,,jira,0.79,api-team
INC389,JIRA-372,similar_incident,Scaled up 19 instances from 94 to 3 pods and optimized query performance by adding database indexes on frequently queried columns. Response times improved from 3s to APIms average.,,jira,0.83,infra-team
INC389,SNOW382,related_change,,Node capacity upgrade scheduled for maintenance window,servicenow,,infra-team
INC390,JIRA-373,similar_incident,Fixed 5 timeout by increasing connection timeout to 49s and implementing circuit breaker pattern. Also added health check monitoring.,,jira,0.82,observability-team
INC390,SNOW383,related_change,,Added backup OAuth provider configuration,servicenow,,devops-team
INC390,SNOW384,similar_incident,Promoted replica to primary and rebuilt read replica from backup. Verified data consistency using checksums. Recovery completed within RTO of 19 minutes.,,servicenow,0.83,infra-team
INC391,JIRA-374,similar_incident,Promoted replica to primary and rebuilt read replica from backup. Verified data consistency using checksums. Recovery completed within RTO of 12 minutes.,,jira,0.92,observability-team
INC392,SNOW385,similar_incident,Restarted 13 pods and cleared corrupted cache layer,,servicenow,0.83,dba-team
INC392,JIRA-375,similar_incident,Restarted 17 pods and cleared corrupted cache layer,,jira,0.89,api-team
INC392,JIRA-376,related_change,,Heavy batch job scheduled during peak hours,jira,,api-team
INC393,JIRA-377,similar_incident,Implemented 16 for automatic failover. Configured 66-node cluster with quorum of 8. Tested failover scenarios successfully.,,jira,0.71,infra-team
INC393,JIRA-378,similar_incident,Scaled consumer instances and processed backlog within SLA. Increased from 19 to 61 consumers. Backlog cleared in 6 hours.,,jira,0.76,search-team
INC393,JIRA-379,similar_incident,Scaled consumer instances and processed backlog within SLA. Increased from 14 to 98 consumers. Backlog cleared in 2 hours.,,jira,0.65,api-team
INC394,SNOW386,similar_incident,Renewed SSL certificates and updated load balancer configuration,,servicenow,0.9,platform-team
INC394,SNOW387,related_change,,Payment provider SDK upgrade deployed yesterday,servicenow,,dba-team
INC394,SNOW388,similar_incident,Fixed 17 timeout by increasing connection timeout to 47s and implementing circuit breaker pattern. Also added health check monitoring.,,servicenow,0.74,api-team
INC395,SNOW389,similar_incident,Increased connection pool size from 10 to 64 connections and added exponential backoff retry logic with max 3 attempts. Monitored for 24 hours and confirmed resolution.,,servicenow,0.68,search-team
INC395,SNOW390,similar_incident,Renewed SSL certificates and updated load balancer configuration,,servicenow,0.92,platform-team
INC395,SNOW391,similar_incident,Promoted replica to primary and rebuilt read replica from backup. Verified data consistency using checksums. Recovery completed within RTO of 20 minutes.,,servicenow,0.83,identity-team
INC396,JIRA-380,similar_incident,Scaled up 16 instances from 83 to 5 pods and optimized query performance by adding database indexes on frequently queried columns. Response times improved from 1s to servicems average.,,jira,0.89,payments-team
INC396,SNOW392,similar_incident,Increased connection pool size from 11 to 35 connections and added exponential backoff retry logic with max 3 attempts. Monitored for 24 hours and confirmed resolution.,,servicenow,0.83,payments-team
INC397,JIRA-381,similar_incident,Rolled back to previous 5 version to restore functionality,,jira,0.73,security-team
INC397,SNOW393,related_change,,CDN configuration update for cache TTL,servicenow,,platform-team
INC397,JIRA-382,related_change,,Elasticsearch cluster version upgrade deployed,jira,,infra-team
INC398,SNOW394,similar_incident,Renewed SSL certificates and updated load balancer configuration,,servicenow,0.89,observability-team
INC398,SNOW395,similar_incident,Renewed SSL certificates and updated load balancer configuration,,servicenow,0.8,security-team
INC398,JIRA-383,similar_incident,Increased connection pool size from 8 to 56 connections and added exponential backoff retry logic with max 3 attempts. Monitored for 24 hours and confirmed resolution.,,jira,0.72,ops-team
INC399,JIRA-384,similar_incident,Implemented 9 for automatic failover. Configured 35-node cluster with quorum of 8. Tested failover scenarios successfully.,,jira,0.95,infra-team
INC399,JIRA-385,related_change,,Payment provider SDK upgrade deployed yesterday,jira,,infra-team
INC400,SNOW396,similar_incident,Scaled consumer instances and processed backlog within SLA. Increased from 9 to 46 consumers. Backlog cleared in 3 hours.,,servicenow,0.84,search-team
INC400,JIRA-386,similar_incident,Promoted replica to primary and rebuilt read replica from backup. Verified data consistency using checksums. Recovery completed within RTO of 18 minutes.,,jira,0.65,payments-team
INC401,SNOW397,similar_incident,Implemented 19 for automatic failover. Configured 33-node cluster with quorum of 6. Tested failover scenarios successfully.,,servicenow,0.93,search-team
INC402,JIRA-387,similar_incident,Promoted replica to primary and rebuilt read replica from backup. Verified data consistency using checksums. Recovery completed within RTO of 16 minutes.,,jira,0.91,ops-team
INC402,SNOW398,similar_incident,Promoted replica to primary and rebuilt read replica from backup. Verified data consistency using checksums. Recovery completed within RTO of 5 minutes.,,servicenow,0.88,devops-team
INC403,SNOW399,similar_incident,Fixed 6 timeout by increasing connection timeout to 30s and implementing circuit breaker pattern. Also added health check monitoring.,,servicenow,0.94,devops-team
INC404,JIRA-388,similar_incident,Rolled back to previous 9 version to restore functionality,,jira,0.82,observability-team
INC405,SNOW400,similar_incident,Manually purged CDN cache and verified asset propagation,,servicenow,0.76,infra-team
INC405,JIRA-389,related_change,,CDN configuration update for cache TTL,jira,,search-team
INC405,JIRA-390,similar_incident,Fixed 14 timeout by increasing connection timeout to 51s and implementing circuit breaker pattern. Also added health check monitoring.,,jira,0.78,security-team
INC406,JIRA-391,similar_incident,Restarted 16 pods and cleared corrupted cache layer,,jira,0.93,security-team
INC406,SNOW401,related_change,,Automated certificate rotation implementation in progress,servicenow,,dba-team
INC406,SNOW402,related_change,,Elasticsearch cluster version upgrade deployed,servicenow,,platform-team
INC407,JIRA-392,similar_incident,Implemented 20 for automatic failover. Configured 59-node cluster with quorum of 7. Tested failover scenarios successfully.,,jira,0.74,ops-team
INC407,JIRA-393,similar_incident,Restarted 8 pods and cleared corrupted cache layer,,jira,0.73,ops-team
INC408,SNOW403,similar_incident,Increased connection pool size from 15 to 59 connections and added exponential backoff retry logic with max 3 attempts. Monitored for 24 hours and confirmed resolution.,,servicenow,0.72,infra-team
INC408,SNOW404,similar_incident,Scaled consumer instances and processed backlog within SLA. Increased from 7 to 38 consumers. Backlog cleared in 5 hours.,,servicenow,0.95,api-team
INC408,JIRA-394,similar_incident,Renewed SSL certificates and updated load balancer configuration,,jira,0.8,platform-team
INC409,SNOW405,similar_incident,Renewed SSL certificates and updated load balancer configuration,,servicenow,0.67,devops-team
INC409,SNOW406,related_change,,CDN configuration update for cache TTL,servicenow,,security-team
INC409,JIRA-395,similar_incident,Increased connection pool size from 14 to 85 connections and added exponential backoff retry logic with max 3 attempts. Monitored for 24 hours and confirmed resolution.,,jira,0.71,observability-team
INC410,JIRA-396,similar_incident,Scaled consumer instances and processed backlog within SLA. Increased from 15 to 57 consumers. Backlog cleared in 7 hours.,,jira,0.67,identity-team
INC410,SNOW407,related_change,,Redis cluster scaling performed last week,servicenow,,dba-team
INC411,JIRA-397,similar_incident,Rolled back to previous 14 version to restore functionality,,jira,0.79,infra-team
INC411,JIRA-398,similar_incident,Manually purged CDN cache and verified asset propagation,,jira,0.9,platform-team
INC411,SNOW408,related_change,,Added new notification templates last sprint,servicenow,,platform-team
INC412,JIRA-399,similar_incident,Fixed 13 timeout by increasing connection timeout to 78s and implementing circuit breaker pattern. Also added health check monitoring.,,jira,0.84,observability-team
INC413,SNOW409,similar_incident,Increased connection pool size from 8 to 36 connections and added exponential backoff retry logic with max 3 attempts. Monitored for 24 hours and confirmed resolution.,,servicenow,0.8,dba-team
INC413,SNOW410,similar_incident,Promoted replica to primary and rebuilt read replica from backup. Verified data consistency using checksums. Recovery completed within RTO of 10 minutes.,,servicenow,0.86,search-team
INC413,JIRA-400,related_change,,Payment provider SDK upgrade deployed yesterday,jira,,dba-team
INC414,JIRA-401,similar_incident,Scaled consumer instances and processed backlog within SLA. Increased from 13 to 95 consumers. Backlog cleared in 10 hours.,,jira,0.87,search-team
INC414,JIRA-402,related_change,,Payment provider SDK upgrade deployed yesterday,jira,,observability-team
INC414,JIRA-403,related_change,,Node capacity upgrade scheduled for maintenance window,jira,,dba-team
INC415,JIRA-404,similar_incident,Renewed SSL certificates and updated load balancer configuration,,jira,0.69,dba-team
INC415,SNOW411,similar_incident,Fixed 9 timeout by increasing connection timeout to 39s and implementing circuit breaker pattern. Also added health check monitoring.,,servicenow,0.84,observability-team
INC415,SNOW412,similar_incident,Implemented 11 for automatic failover. Configured 87-node cluster with quorum of 3. Tested failover scenarios successfully.,,servicenow,0.88,api-team
INC416,JIRA-405,similar_incident,Implemented 15 for automatic failover. Configured 42-node cluster with quorum of 6. Tested failover scenarios successfully.,,jira,0.89,dba-team
INC416,SNOW413,related_change,,CDN configuration update for cache TTL,servicenow,,infra-team
INC416,SNOW414,similar_incident,Fixed 11 timeout by increasing connection timeout to 33s and implementing circuit breaker pattern. Also added health check monitoring.,,servicenow,0.88,platform-team
INC417,SNOW415,similar_incident,Scaled up 12 instances from 92 to 10 pods and optimized query performance by adding database indexes on frequently queried columns. Response times improved from 1s to gatewayms average.,,servicenow,0.83,ops-team
INC417,SNOW416,similar_incident,Scaled up 19 instances from 89 to 2 pods and optimized query performance by adding database indexes on frequently queried columns. Response times improved from 3s to gatewayms average.,,servicenow,0.82,ops-team
INC417,JIRA-406,related_change,,Added backup OAuth provider configuration,jira,,api-team
INC418,SNOW417,similar_incident,Promoted replica to primary and rebuilt read replica from backup. Verified data consistency using checksums. Recovery completed within RTO of 7 minutes.,,servicenow,0.95,security-team
INC419,JIRA-407,similar_incident,Rolled back to previous 9 version to restore functionality,,jira,0.72,platform-team
INC420,SNOW418,similar_incident,Increased connection pool size from 12 to 98 connections and added exponential backoff retry logic with max 3 attempts. Monitored for 24 hours and confirmed resolution.,,servicenow,0.69,api-team
INC420,JIRA-408,related_change,,Deployed new email-service version with performance improvements,jira,,ops-team
INC420,JIRA-409,similar_incident,Manually purged CDN cache and verified asset propagation,,jira,0.67,api-team
INC421,JIRA-410,similar_incident,Renewed SSL certificates and updated load balancer configuration,,jira,0.9,observability-team
INC421,SNOW419,similar_incident,Implemented 15 for automatic failover. Configured 37-node cluster with quorum of 4. Tested failover scenarios successfully.,,servicenow,0.71,platform-team
INC421,SNOW420,related_change,,Rate limiting threshold adjustment for new API tier,servicenow,,dba-team
INC422,JIRA-411,similar_incident,Rolled back to previous 17 version to restore functionality,,jira,0.86,identity-team
INC422,JIRA-412,similar_incident,Rolled back to previous 16 version to restore functionality,,jira,0.75,search-team
INC422,JIRA-413,similar_incident,Promoted replica to primary and rebuilt read replica from backup. Verified data consistency using checksums. Recovery completed within RTO of 14 minutes.,,jira,0.9,observability-team
INC423,JIRA-414,similar_incident,Manually purged CDN cache and verified asset propagation,,jira,0.71,observability-team
INC424,SNOW421,similar_incident,Scaled up 17 instances from 67 to 5 pods and optimized query performance by adding database indexes on frequently queried columns. Response times improved from 4s to APIms average.,,servicenow,0.85,devops-team
INC424,SNOW422,related_change,,Elasticsearch cluster version upgrade deployed,servicenow,,devops-team
INC425,JIRA-415,similar_incident,Increased connection pool size from 10 to 99 connections and added exponential backoff retry logic with max 3 attempts. Monitored for 24 hours and confirmed resolution.,,jira,0.76,devops-team
INC426,JIRA-416,similar_incident,Fixed 7 timeout by increasing connection timeout to 78s and implementing circuit breaker pattern. Also added health check monitoring.,,jira,0.67,infra-team
INC427,JIRA-417,similar_incident,Promoted replica to primary and rebuilt read replica from backup. Verified data consistency using checksums. Recovery completed within RTO of 11 minutes.,,jira,0.66,security-team
INC428,SNOW423,similar_incident,Increased connection pool size from 11 to 99 connections and added exponential backoff retry logic with max 3 attempts. Monitored for 24 hours and confirmed resolution.,,servicenow,0.65,observability-team
INC428,SNOW424,related_change,,Redis cluster scaling performed last week,servicenow,,devops-team
INC429,JIRA-418,similar_incident,Fixed 8 timeout by increasing connection timeout to 63s and implementing circuit breaker pattern. Also added health check monitoring.,,jira,0.81,devops-team
INC430,SNOW425,similar_incident,Manually purged CDN cache and verified asset propagation,,servicenow,0.75,platform-team
INC430,SNOW426,similar_incident,Manually purged CDN cache and verified asset propagation,,servicenow,0.78,observability-team
INC430,SNOW427,related_change,,Elasticsearch cluster version upgrade deployed,servicenow,,devops-team
INC431,JIRA-419,similar_incident,Manually purged CDN cache and verified asset propagation,,jira,0.84,devops-team
INC431,SNOW428,similar_incident,Fixed 13 timeout by increasing connection timeout to 95s and implementing circuit breaker pattern. Also added health check monitoring.,,servicenow,0.68,ops-team
INC432,SNOW429,similar_incident,Promoted replica to primary and rebuilt read replica from backup. Verified data consistency using checksums. Recovery completed within RTO of 19 minutes.,,servicenow,0.93,platform-team
INC432,SNOW430,related_change,,Registry storage migration performed,servicenow,,search-team
INC432,SNOW431,similar_incident,Scaled consumer instances and processed backlog within SLA. Increased from 13 to 34 consumers. Backlog cleared in 5 hours.,,servicenow,0.81,payments-team
INC433,SNOW432,similar_incident,Renewed SSL certificates and updated load balancer configuration,,servicenow,0.8,ops-team
INC433,JIRA-420,related_change,,Heavy batch job scheduled during peak hours,jira,,identity-team
INC433,JIRA-421,similar_incident,Rolled back to previous 11 version to restore functionality,,jira,0.91,payments-team
INC434,SNOW433,similar_incident,Increased connection pool size from 5 to 44 connections and added exponential backoff retry logic with max 3 attempts. Monitored for 24 hours and confirmed resolution.,,servicenow,0.92,platform-team
INC435,SNOW434,similar_incident,Renewed SSL certificates and updated load balancer configuration,,servicenow,0.69,search-team
INC436,JIRA-422,similar_incident,Implemented 10 for automatic failover. Configured 35-node cluster with quorum of 6. Tested failover scenarios successfully.,,jira,0.93,infra-team
INC437,SNOW435,similar_incident,Promoted replica to primary and rebuilt read replica from backup. Verified data consistency using checksums. Recovery completed within RTO of 19 minutes.,,servicenow,0.67,dba-team
INC437,SNOW436,related_change,,New order notification feature deployed,servicenow,,payments-team
INC437,JIRA-423,similar_incident,Manually purged CDN cache and verified asset propagation,,jira,0.72,platform-team
INC438,JIRA-424,similar_incident,Rolled back to previous 7 version to restore functionality,,jira,0.95,ops-team
INC438,SNOW437,similar_incident,Implemented 19 for automatic failover. Configured 33-node cluster with quorum of 10. Tested failover scenarios successfully.,,servicenow,0.95,devops-team
INC439,JIRA-425,similar_incident,Rolled back to previous 10 version to restore functionality,,jira,0.9,observability-team
INC439,SNOW438,related_change,,Database migration completed last week,servicenow,,search-team
INC439,JIRA-426,similar_incident,Fixed 18 timeout by increasing connection timeout to 42s and implementing circuit breaker pattern. Also added health check monitoring.,,jira,0.66,payments-team
INC440,JIRA-427,similar_incident,Renewed SSL certificates and updated load balancer configuration,,jira,0.78,search-team
INC440,JIRA-428,similar_incident,Increased connection pool size from 20 to 31 connections and added exponential backoff retry logic with max 3 attempts. Monitored for 24 hours and confirmed resolution.,,jira,0.87,payments-team
INC441,SNOW439,similar_incident,Fixed 6 timeout by increasing connection timeout to 34s and implementing circuit breaker pattern. Also added health check monitoring.,,servicenow,0.87,identity-team
INC442,JIRA-429,similar_incident,Rolled back to previous 18 version to restore functionality,,jira,0.8,infra-team
INC443,SNOW440,similar_incident,Increased connection pool size from 8 to 93 connections and added exponential backoff retry logic with max 3 attempts. Monitored for 24 hours and confirmed resolution.,,servicenow,0.95,observability-team
INC443,SNOW441,related_change,,Added new notification templates last sprint,servicenow,,ops-team
INC444,JIRA-430,similar_incident,Scaled up 11 instances from 34 to 9 pods and optimized query performance by adding database indexes on frequently queried columns. Response times improved from 2s to servicems average.,,jira,0.68,payments-team
INC444,JIRA-431,similar_incident,Renewed SSL certificates and updated load balancer configuration,,jira,0.8,security-team
INC444,SNOW442,related_change,,Elasticsearch cluster version upgrade deployed,servicenow,,payments-team
INC445,SNOW443,similar_incident,Scaled up 5 instances from 62 to 7 pods and optimized query performance by adding database indexes on frequently queried columns. Response times improved from 3s to databasems average.,,servicenow,0.96,security-team
INC446,SNOW444,similar_incident,Renewed SSL certificates and updated load balancer configuration,,servicenow,0.9,identity-team
INC447,JIRA-432,similar_incident,Increased connection pool size from 19 to 62 connections and added exponential backoff retry logic with max 3 attempts. Monitored for 24 hours and confirmed resolution.,,jira,0.95,observability-team
INC448,SNOW445,similar_incident,Implemented 14 for automatic failover. Configured 46-node cluster with quorum of 4. Tested failover scenarios successfully.,,servicenow,0.85,api-team
INC449,SNOW446,similar_incident,Promoted replica to primary and rebuilt read replica from backup. Verified data consistency using checksums. Recovery completed within RTO of 10 minutes.,,servicenow,0.83,dba-team
INC450,JIRA-433,similar_incident,Restarted 10 pods and cleared corrupted cache layer,,jira,0.85,devops-team
INC450,JIRA-434,related_change,,Deployed new email-service version with performance improvements,jira,,api-team
INC451,JIRA-435,similar_incident,Scaled consumer instances and processed backlog within SLA. Increased from 7 to 89 consumers. Backlog cleared in 6 hours.,,jira,0.73,payments-team
INC452,JIRA-436,similar_incident,Manually purged CDN cache and verified asset propagation,,jira,0.82,search-team
INC452,SNOW447,related_change,,Database migration completed last week,servicenow,,infra-team
INC453,SNOW448,similar_incident,Scaled up 8 instances from 70 to 10 pods and optimized query performance by adding database indexes on frequently queried columns. Response times improved from 5s to Redisms average.,,servicenow,0.9,devops-team
INC454,JIRA-437,similar_incident,Implemented 18 for automatic failover. Configured 62-node cluster with quorum of 9. Tested failover scenarios successfully.,,jira,0.86,dba-team
INC454,SNOW449,similar_incident,Restarted 17 pods and cleared corrupted cache layer,,servicenow,0.75,platform-team
INC454,JIRA-438,similar_incident,Renewed SSL certificates and updated load balancer configuration,,jira,0.88,devops-team
INC455,SNOW450,similar_incident,Manually purged CDN cache and verified asset propagation,,servicenow,0.68,api-team
INC455,SNOW451,related_change,,Automated certificate rotation implementation in progress,servicenow,,api-team
INC456,SNOW452,similar_incident,Scaled up 18 instances from 68 to 2 pods and optimized query performance by adding database indexes on frequently queried columns. Response times improved from 1s to databasems average.,,servicenow,0.88,search-team
INC456,SNOW453,related_change,,Added backup OAuth provider configuration,servicenow,,dba-team
INC456,SNOW454,similar_incident,Promoted replica to primary and rebuilt read replica from backup. Verified data consistency using checksums. Recovery completed within RTO of 12 minutes.,,servicenow,0.73,infra-team
INC457,SNOW455,similar_incident,Scaled up 12 instances from 97 to 8 pods and optimized query performance by adding database indexes on frequently queried columns. Response times improved from 3s to gatewayms average.,,servicenow,0.71,infra-team
INC458,SNOW456,similar_incident,Fixed 7 timeout by increasing connection timeout to 51s and implementing circuit breaker pattern. Also added health check monitoring.,,servicenow,0.76,api-team
INC458,JIRA-439,similar_incident,Rolled back to previous 11 version to restore functionality,,jira,0.81,ops-team
INC458,SNOW457,related_change,,New order notification feature deployed,servicenow,,security-team
INC459,JIRA-440,similar_incident,Restarted 12 pods and cleared corrupted cache layer,,jira,0.83,identity-team
INC459,SNOW458,similar_incident,Implemented 8 for automatic failover. Configured 81-node cluster with quorum of 2. Tested failover scenarios successfully.,,servicenow,0.77,security-team
INC459,SNOW459,similar_incident,Fixed 20 timeout by increasing connection timeout to 55s and implementing circuit breaker pattern. Also added health check monitoring.,,servicenow,0.88,infra-team
INC460,SNOW460,similar_incident,Scaled consumer instances and processed backlog within SLA. Increased from 5 to 99 consumers. Backlog cleared in 7 hours.,,servicenow,0.94,search-team
INC460,JIRA-441,related_change,,Automated certificate rotation implementation in progress,jira,,ops-team
INC460,JIRA-442,similar_incident,Increased connection pool size from 6 to 32 connections and added exponential backoff retry logic with max 3 attempts. Monitored for 24 hours and confirmed resolution.,,jira,0.78,api-team
INC461,SNOW461,similar_incident,Restarted 7 pods and cleared corrupted cache layer,,servicenow,0.86,identity-team
INC462,JIRA-443,similar_incident,Implemented 15 for automatic failover. Configured 94-node cluster with quorum of 4. Tested failover scenarios successfully.,,jira,0.95,identity-team
INC462,SNOW462,related_change,,Registry storage migration performed,servicenow,,observability-team
INC462,SNOW463,similar_incident,Promoted replica to primary and rebuilt read replica from backup. Verified data consistency using checksums. Recovery completed within RTO of 11 minutes.,,servicenow,0.66,devops-team
INC463,JIRA-444,similar_incident,Manually purged CDN cache and verified asset propagation,,jira,0.84,ops-team
INC463,JIRA-445,related_change,,Added backup OAuth provider configuration,jira,,security-team
INC464,JIRA-446,similar_incident,Scaled consumer instances and processed backlog within SLA. Increased from 18 to 86 consumers. Backlog cleared in 4 hours.,,jira,0.82,ops-team
INC464,JIRA-447,similar_incident,Fixed 7 timeout by increasing connection timeout to 94s and implementing circuit breaker pattern. Also added health check monitoring.,,jira,0.79,security-team
INC464,JIRA-448,similar_incident,Fixed 17 timeout by increasing connection timeout to 48s and implementing circuit breaker pattern. Also added health check monitoring.,,jira,0.93,devops-team
INC465,JIRA-449,similar_incident,Promoted replica to primary and rebuilt read replica from backup. Verified data consistency using checksums. Recovery completed within RTO of 9 minutes.,,jira,0.75,platform-team
INC465,SNOW464,related_change,,Elasticsearch cluster version upgrade deployed,servicenow,,security-team
INC466,SNOW465,similar_incident,Implemented 7 for automatic failover. Configured 50-node cluster with quorum of 3. Tested failover scenarios successfully.,,servicenow,0.87,dba-team
INC467,SNOW466,similar_incident,Scaled consumer instances and processed backlog within SLA. Increased from 7 to 52 consumers. Backlog cleared in 7 hours.,,servicenow,0.74,devops-team
INC468,SNOW467,similar_incident,Increased connection pool size from 6 to 89 connections and added exponential backoff retry logic with max 3 attempts. Monitored for 24 hours and confirmed resolution.,,servicenow,0.78,observability-team
INC468,SNOW468,similar_incident,Scaled up 9 instances from 61 to 10 pods and optimized query performance by adding database indexes on frequently queried columns. Response times improved from 2s to databasems average.,,servicenow,0.66,dba-team
INC469,SNOW469,similar_incident,Rolled back to previous 9 version to restore functionality,,servicenow,0.66,devops-team
INC469,JIRA-450,related_change,,Database migration completed last week,jira,,security-team
INC469,JIRA-451,related_change,,Redis cluster scaling performed last week,jira,,payments-team
INC470,SNOW470,similar_incident,Implemented 14 for automatic failover. Configured 78-node cluster with quorum of 2. Tested failover scenarios successfully.,,servicenow,0.95,identity-team
INC470,JIRA-452,similar_incident,Implemented 17 for automatic failover. Configured 33-node cluster with quorum of 3. Tested failover scenarios successfully.,,jira,0.72,identity-team
INC471,JIRA-453,similar_incident,Rolled back to previous 14 version to restore functionality,,jira,0.82,infra-team
INC471,JIRA-454,similar_incident,Restarted 18 pods and cleared corrupted cache layer,,jira,0.88,identity-team
INC472,JIRA-455,similar_incident,Fixed 17 timeout by increasing connection timeout to 87s and implementing circuit breaker pattern. Also added health check monitoring.,,jira,0.87,dba-team
INC473,JIRA-456,similar_incident,Scaled consumer instances and processed backlog within SLA. Increased from 9 to 46 consumers. Backlog cleared in 6 hours.,,jira,0.92,observability-team
INC473,JIRA-457,related_change,,CDN configuration update for cache TTL,jira,,payments-team
INC474,JIRA-458,similar_incident,Restarted 19 pods and cleared corrupted cache layer,,jira,0.71,dba-team
INC474,SNOW471,similar_incident,Scaled consumer instances and processed backlog within SLA. Increased from 8 to 95 consumers. Backlog cleared in 6 hours.,,servicenow,0.96,platform-team
INC475,SNOW472,similar_incident,Rolled back to previous 15 version to restore functionality,,servicenow,0.88,identity-team
INC476,JIRA-459,similar_incident,Renewed SSL certificates and updated load balancer configuration,,jira,0.7,api-team
INC476,SNOW473,similar_incident,Scaled up 15 instances from 85 to 6 pods and optimized query performance by adding database indexes on frequently queried columns. Response times improved from 5s to gatewayms average.,,servicenow,0.76,ops-team
INC476,SNOW474,similar_incident,Scaled consumer instances and processed backlog within SLA. Increased from 13 to 66 consumers. Backlog cleared in 3 hours.,,servicenow,0.8,security-team
INC477,SNOW475,similar_incident,Renewed SSL certificates and updated load balancer configuration,,servicenow,0.7,security-team
INC478,SNOW476,similar_incident,Scaled consumer instances and processed backlog within SLA. Increased from 12 to 69 consumers. Backlog cleared in 5 hours.,,servicenow,0.81,platform-team
INC479,SNOW477,similar_incident,Scaled up 13 instances from 83 to 10 pods and optimized query performance by adding database indexes on frequently queried columns. Response times improved from 1s to databasems average.,,servicenow,0.73,infra-team
INC479,SNOW478,related_change,,Fluentd configuration update for new log format,servicenow,,devops-team
INC479,SNOW479,similar_incident,Increased connection pool size from 10 to 41 connections and added exponential backoff retry logic with max 3 attempts. Monitored for 24 hours and confirmed resolution.,,servicenow,0.85,payments-team
INC480,SNOW480,similar_incident,Fixed 12 timeout by increasing connection timeout to 33s and implementing circuit breaker pattern. Also added health check monitoring.,,servicenow,0.84,security-team
INC480,JIRA-460,similar_incident,Rolled back to previous 20 version to restore functionality,,jira,0.96,infra-team
INC481,SNOW481,similar_incident,Increased connection pool size from 11 to 43 connections and added exponential backoff retry logic with max 3 attempts. Monitored for 24 hours and confirmed resolution.,,servicenow,0.84,dba-team
INC482,SNOW482,similar_incident,Scaled up 13 instances from 34 to 2 pods and optimized query performance by adding database indexes on frequently queried columns. Response times improved from 2s to gatewayms average.,,servicenow,0.9,observability-team
INC483,SNOW483,similar_incident,Restarted 8 pods and cleared corrupted cache layer,,servicenow,0.92,infra-team
INC484,SNOW484,similar_incident,Promoted replica to primary and rebuilt read replica from backup. Verified data consistency using checksums. Recovery completed within RTO of 6 minutes.,,servicenow,0.91,security-team
INC484,JIRA-461,related_change,,Fluentd configuration update for new log format,jira,,security-team
INC485,SNOW485,similar_incident,Scaled up 7 instances from 56 to 9 pods and optimized query performance by adding database indexes on frequently queried columns. Response times improved from 3s to servicems average.,,servicenow,0.81,platform-team
INC485,SNOW486,similar_incident,Restarted 10 pods and cleared corrupted cache layer,,servicenow,0.69,infra-team
INC486,SNOW487,similar_incident,Rolled back to previous 19 version to restore functionality,,servicenow,0.82,identity-team
INC486,SNOW488,related_change,,Fluentd configuration update for new log format,servicenow,,observability-team
INC487,SNOW489,similar_incident,Rolled back to previous 17 version to restore functionality,,servicenow,0.71,payments-team
INC488,SNOW490,similar_incident,Increased connection pool size from 19 to 83 connections and added exponential backoff retry logic with max 3 attempts. Monitored for 24 hours and confirmed resolution.,,servicenow,0.9,security-team
INC488,SNOW491,related_change,,Registry storage migration performed,servicenow,,api-team
INC489,JIRA-462,similar_incident,Renewed SSL certificates and updated load balancer configuration,,jira,0.66,api-team
INC489,SNOW492,related_change,,Heavy batch job scheduled during peak hours,servicenow,,search-team
INC490,SNOW493,similar_incident,Fixed 11 timeout by increasing connection timeout to 80s and implementing circuit breaker pattern. Also added health check monitoring.,,servicenow,0.83,observability-team
INC490,JIRA-463,related_change,,CDN configuration update for cache TTL,jira,,security-team
INC491,JIRA-464,similar_incident,Implemented 17 for automatic failover. Configured 90-node cluster with quorum of 2. Tested failover scenarios successfully.,,jira,0.67,devops-team
INC491,SNOW494,similar_incident,Manually purged CDN cache and verified asset propagation,,servicenow,0.91,ops-team
INC492,SNOW495,similar_incident,Scaled up 15 instances from 37 to 3 pods and optimized query performance by adding database indexes on frequently queried columns. Response times improved from 4s to gatewayms average.,,servicenow,0.77,ops-team
INC492,SNOW496,related_change,,Rate limiting threshold adjustment for new API tier,servicenow,,security-team
INC493,SNOW497,similar_incident,Rolled back to previous 16 version to restore functionality,,servicenow,0.91,payments-team
INC494,SNOW498,similar_incident,Manually purged CDN cache and verified asset propagation,,servicenow,0.82,identity-team
INC494,SNOW499,similar_incident,Implemented 14 for automatic failover. Configured 94-node cluster with quorum of 3. Tested failover scenarios successfully.,,servicenow,0.74,search-team
INC494,SNOW500,related_change,,Added backup OAuth provider configuration,servicenow,,platform-team
INC495,SNOW501,similar_incident,Promoted replica to primary and rebuilt read replica from backup. Verified data consistency using checksums. Recovery completed within RTO of 12 minutes.,,servicenow,0.77,search-team
INC496,JIRA-465,similar_incident,Renewed SSL certificates and updated load balancer configuration,,jira,0.96,infra-team
INC496,JIRA-466,related_change,,New order notification feature deployed,jira,,platform-team
INC496,SNOW502,similar_incident,Manually purged CDN cache and verified asset propagation,,servicenow,0.92,infra-team
INC497,JIRA-467,similar_incident,Renewed SSL certificates and updated load balancer configuration,,jira,0.68,api-team
INC498,JIRA-468,similar_incident,Increased connection pool size from 8 to 65 connections and added exponential backoff retry logic with max 3 attempts. Monitored for 24 hours and confirmed resolution.,,jira,0.8,api-team
INC499,JIRA-469,similar_incident,Scaled up 15 instances from 90 to 5 pods and optimized query performance by adding database indexes on frequently queried columns. Response times improved from 5s to gatewayms average.,,jira,0.88,identity-team
INC499,SNOW503,similar_incident,Renewed SSL certificates and updated load balancer configuration,,servicenow,0.89,ops-team
INC499,JIRA-470,related_change,,Node capacity upgrade scheduled for maintenance window,jira,,devops-team
INC500,SNOW504,similar_incident,Rolled back to previous 16 version to restore functionality,,servicenow,0.73,api-team
INC501,SNOW505,similar_incident,Manually purged CDN cache and verified asset propagation,,servicenow,0.79,identity-team
INC501,SNOW506,related_change,,Database migration completed last week,servicenow,,infra-team
INC502,JIRA-471,similar_incident,Implemented 18 for automatic failover. Configured 77-node cluster with quorum of 6. Tested failover scenarios successfully.,,jira,0.69,infra-team
INC503,SNOW507,similar_incident,Restarted 8 pods and cleared corrupted cache layer,,servicenow,0.79,platform-team
INC503,JIRA-472,related_change,,Registry storage migration performed,jira,,dba-team
INC504,JIRA-473,similar_incident,Renewed SSL certificates and updated load balancer configuration,,jira,0.96,observability-team
INC504,SNOW508,related_change,,Heavy batch job scheduled during peak hours,servicenow,,payments-team
INC505,SNOW509,similar_incident,Rolled back to previous 8 version to restore functionality,,servicenow,0.65,search-team
INC505,SNOW510,related_change,,Automated certificate rotation implementation in progress,servicenow,,payments-team
INC505,SNOW511,related_change,,CDN configuration update for cache TTL,servicenow,,search-team
INC506,JIRA-474,similar_incident,Fixed 17 timeout by increasing connection timeout to 36s and implementing circuit breaker pattern. Also added health check monitoring.,,jira,0.73,ops-team
INC506,JIRA-475,related_change,,Payment provider SDK upgrade deployed yesterday,jira,,infra-team
INC507,SNOW512,similar_incident,Renewed SSL certificates and updated load balancer configuration,,servicenow,0.81,platform-team
INC507,JIRA-476,similar_incident,Restarted 18 pods and cleared corrupted cache layer,,jira,0.85,ops-team
INC508,SNOW513,similar_incident,Fixed 20 timeout by increasing connection timeout to 38s and implementing circuit breaker pattern. Also added health check monitoring.,,servicenow,0.95,platform-team
INC508,JIRA-477,related_change,,Redis cluster scaling performed last week,jira,,security-team
INC509,SNOW514,similar_incident,Promoted replica to primary and rebuilt read replica from backup. Verified data consistency using checksums. Recovery completed within RTO of 9 minutes.,,servicenow,0.84,infra-team
INC509,JIRA-478,similar_incident,Implemented 17 for automatic failover. Configured 59-node cluster with quorum of 4. Tested failover scenarios successfully.,,jira,0.89,devops-team
INC509,JIRA-479,similar_incident,Promoted replica to primary and rebuilt read replica from backup. Verified data consistency using checksums. Recovery completed within RTO of 5 minutes.,,jira,0.78,observability-team
INC510,JIRA-480,similar_incident,Manually purged CDN cache and verified asset propagation,,jira,0.91,platform-team
INC511,JIRA-481,similar_incident,Increased connection pool size from 15 to 54 connections and added exponential backoff retry logic with max 3 attempts. Monitored for 24 hours and confirmed resolution.,,jira,0.88,security-team
INC511,JIRA-482,related_change,,New order notification feature deployed,jira,,devops-team
INC512,JIRA-483,similar_incident,Implemented 10 for automatic failover. Configured 85-node cluster with quorum of 3. Tested failover scenarios successfully.,,jira,0.91,infra-team
INC512,JIRA-484,similar_incident,Fixed 20 timeout by increasing connection timeout to 56s and implementing circuit breaker pattern. Also added health check monitoring.,,jira,0.71,identity-team
INC513,SNOW515,similar_incident,Fixed 9 timeout by increasing connection timeout to 91s and implementing circuit breaker pattern. Also added health check monitoring.,,servicenow,0.91,identity-team
INC513,JIRA-485,related_change,,Added backup OAuth provider configuration,jira,,security-team
INC513,SNOW516,related_change,,Deployed new frontend version with performance improvements,servicenow,,identity-team
INC514,SNOW517,similar_incident,Implemented 10 for automatic failover. Configured 99-node cluster with quorum of 7. Tested failover scenarios successfully.,,servicenow,0.91,identity-team
INC515,SNOW518,similar_incident,Increased connection pool size from 16 to 52 connections and added exponential backoff retry logic with max 3 attempts. Monitored for 24 hours and confirmed resolution.,,servicenow,0.71,ops-team
INC515,SNOW519,similar_incident,Increased connection pool size from 10 to 82 connections and added exponential backoff retry logic with max 3 attempts. Monitored for 24 hours and confirmed resolution.,,servicenow,0.71,ops-team
INC516,JIRA-486,similar_incident,Restarted 7 pods and cleared corrupted cache layer,,jira,0.79,observability-team
INC516,SNOW520,similar_incident,Scaled up 17 instances from 54 to 9 pods and optimized query performance by adding database indexes on frequently queried columns. Response times improved from 1s to gatewayms average.,,servicenow,0.94,devops-team
INC517,SNOW521,similar_incident,Rolled back to previous 10 version to restore functionality,,servicenow,0.77,platform-team
INC517,SNOW522,similar_incident,Restarted 10 pods and cleared corrupted cache layer,,servicenow,0.65,dba-team
INC518,SNOW523,similar_incident,Scaled consumer instances and processed backlog within SLA. Increased from 15 to 63 consumers. Backlog cleared in 2 hours.,,servicenow,0.88,identity-team
INC519,JIRA-487,similar_incident,Scaled up 12 instances from 58 to 4 pods and optimized query performance by adding database indexes on frequently queried columns. Response times improved from 4s to servicems average.,,jira,0.71,observability-team
INC519,SNOW524,similar_incident,Manually purged CDN cache and verified asset propagation,,servicenow,0.69,security-team
INC519,JIRA-488,similar_incident,Promoted replica to primary and rebuilt read replica from backup. Verified data consistency using checksums. Recovery completed within RTO of 6 minutes.,,jira,0.87,dba-team
INC520,JIRA-489,similar_incident,Promoted replica to primary and rebuilt read replica from backup. Verified data consistency using checksums. Recovery completed within RTO of 10 minutes.,,jira,0.95,search-team
INC520,JIRA-490,related_change,,Added backup OAuth provider configuration,jira,,infra-team
INC521,JIRA-491,similar_incident,Increased connection pool size from 19 to 30 connections and added exponential backoff retry logic with max 3 attempts. Monitored for 24 hours and confirmed resolution.,,jira,0.9,search-team
INC521,JIRA-492,related_change,,Node capacity upgrade scheduled for maintenance window,jira,,ops-team
INC521,JIRA-493,similar_incident,Fixed 6 timeout by increasing connection timeout to 99s and implementing circuit breaker pattern. Also added health check monitoring.,,jira,0.83,security-team
INC522,SNOW525,similar_incident,Scaled up 16 instances from 68 to 5 pods and optimized query performance by adding database indexes on frequently queried columns. Response times improved from 5s to Redisms average.,,servicenow,0.73,security-team
INC523,SNOW526,similar_incident,Manually purged CDN cache and verified asset propagation,,servicenow,0.72,ops-team
INC523,SNOW527,related_change,,Added new notification templates last sprint,servicenow,,search-team
INC523,SNOW528,similar_incident,Fixed 5 timeout by increasing connection timeout to 51s and implementing circuit breaker pattern. Also added health check monitoring.,,servicenow,0.7,security-team
INC524,JIRA-494,similar_incident,Promoted replica to primary and rebuilt read replica from backup. Verified data consistency using checksums. Recovery completed within RTO of 6 minutes.,,jira,0.9,devops-team
INC524,SNOW529,similar_incident,Scaled consumer instances and processed backlog within SLA. Increased from 14 to 56 consumers. Backlog cleared in 5 hours.,,servicenow,0.74,identity-team
INC525,JIRA-495,similar_incident,Fixed 18 timeout by increasing connection timeout to 46s and implementing circuit breaker pattern. Also added health check monitoring.,,jira,0.82,search-team
INC526,SNOW530,similar_incident,Scaled up 9 instances from 64 to 6 pods and optimized query performance by adding database indexes on frequently queried columns. Response times improved from 1s to servicems average.,,servicenow,0.67,search-team
INC526,JIRA-496,related_change,,Node capacity upgrade scheduled for maintenance window,jira,,ops-team
INC526,SNOW531,similar_incident,Scaled up 9 instances from 61 to 9 pods and optimized query performance by adding database indexes on frequently queried columns. Response times improved from 4s to servicems average.,,servicenow,0.8,payments-team
INC527,JIRA-497,similar_incident,Implemented 10 for automatic failover. Configured 38-node cluster with quorum of 2. Tested failover scenarios successfully.,,jira,0.89,api-team
INC527,JIRA-498,similar_incident,Manually purged CDN cache and verified asset propagation,,jira,0.71,payments-team
INC528,JIRA-499,similar_incident,Manually purged CDN cache and verified asset propagation,,jira,0.96,ops-team
INC528,SNOW532,similar_incident,Fixed 17 timeout by increasing connection timeout to 87s and implementing circuit breaker pattern. Also added health check monitoring.,,servicenow,0.77,search-team
INC529,JIRA-500,similar_incident,Fixed 18 timeout by increasing connection timeout to 65s and implementing circuit breaker pattern. Also added health check monitoring.,,jira,0.85,devops-team
INC529,JIRA-501,related_change,,Redis cluster scaling performed last week,jira,,security-team
INC529,SNOW533,similar_incident,Increased connection pool size from 18 to 45 connections and added exponential backoff retry logic with max 3 attempts. Monitored for 24 hours and confirmed resolution.,,servicenow,0.83,platform-team
INC530,JIRA-502,similar_incident,Promoted replica to primary and rebuilt read replica from backup. Verified data consistency using checksums. Recovery completed within RTO of 9 minutes.,,jira,0.67,dba-team
INC531,SNOW534,similar_incident,Promoted replica to primary and rebuilt read replica from backup. Verified data consistency using checksums. Recovery completed within RTO of 16 minutes.,,servicenow,0.87,search-team
INC531,SNOW535,similar_incident,Manually purged CDN cache and verified asset propagation,,servicenow,0.85,ops-team
INC531,JIRA-503,similar_incident,Increased connection pool size from 19 to 92 connections and added exponential backoff retry logic with max 3 attempts. Monitored for 24 hours and confirmed resolution.,,jira,0.84,security-team
INC532,JIRA-504,similar_incident,Implemented 9 for automatic failover. Configured 49-node cluster with quorum of 3. Tested failover scenarios successfully.,,jira,0.87,dba-team
INC533,JIRA-505,similar_incident,Renewed SSL certificates and updated load balancer configuration,,jira,0.9,identity-team
INC533,SNOW536,similar_incident,Implemented 20 for automatic failover. Configured 93-node cluster with quorum of 2. Tested failover scenarios successfully.,,servicenow,0.77,platform-team
INC534,SNOW537,similar_incident,Rolled back to previous 12 version to restore functionality,,servicenow,0.76,search-team
INC534,SNOW538,similar_incident,Promoted replica to primary and rebuilt read replica from backup. Verified data consistency using checksums. Recovery completed within RTO of 19 minutes.,,servicenow,0.92,platform-team
INC534,JIRA-506,related_change,,New order notification feature deployed,jira,,identity-team
INC535,SNOW539,similar_incident,Renewed SSL certificates and updated load balancer configuration,,servicenow,0.7,infra-team
INC535,JIRA-507,related_change,,New order notification feature deployed,jira,,search-team
INC535,JIRA-508,similar_incident,Scaled consumer instances and processed backlog within SLA. Increased from 10 to 32 consumers. Backlog cleared in 10 hours.,,jira,0.69,platform-team
INC536,SNOW540,similar_incident,Promoted replica to primary and rebuilt read replica from backup. Verified data consistency using checksums. Recovery completed within RTO of 14 minutes.,,servicenow,0.77,payments-team
INC536,SNOW541,similar_incident,Fixed 16 timeout by increasing connection timeout to 31s and implementing circuit breaker pattern. Also added health check monitoring.,,servicenow,0.88,ops-team
INC536,JIRA-509,similar_incident,Implemented 19 for automatic failover. Configured 52-node cluster with quorum of 10. Tested failover scenarios successfully.,,jira,0.89,identity-team
INC537,SNOW542,similar_incident,Scaled up 10 instances from 50 to 5 pods and optimized query performance by adding database indexes on frequently queried columns. Response times improved from 3s to Redisms average.,,servicenow,0.83,search-team
INC538,SNOW543,similar_incident,Increased connection pool size from 18 to 80 connections and added exponential backoff retry logic with max 3 attempts. Monitored for 24 hours and confirmed resolution.,,servicenow,0.78,payments-team
INC539,JIRA-510,similar_incident,Promoted replica to primary and rebuilt read replica from backup. Verified data consistency using checksums. Recovery completed within RTO of 6 minutes.,,jira,0.8,devops-team
INC540,SNOW544,similar_incident,Increased connection pool size from 12 to 39 connections and added exponential backoff retry logic with max 3 attempts. Monitored for 24 hours and confirmed resolution.,,servicenow,0.73,identity-team
INC540,SNOW545,similar_incident,Fixed 10 timeout by increasing connection timeout to 68s and implementing circuit breaker pattern. Also added health check monitoring.,,servicenow,0.72,devops-team
INC541,SNOW546,similar_incident,Scaled consumer instances and processed backlog within SLA. Increased from 5 to 97 consumers. Backlog cleared in 4 hours.,,servicenow,0.75,infra-team
INC542,JIRA-511,similar_incident,Scaled up 18 instances from 37 to 9 pods and optimized query performance by adding database indexes on frequently queried columns. Response times improved from 4s to servicems average.,,jira,0.74,security-team
INC542,JIRA-512,similar_incident,Increased connection pool size from 15 to 59 connections and added exponential backoff retry logic with max 3 attempts. Monitored for 24 hours and confirmed resolution.,,jira,0.78,devops-team
INC543,JIRA-513,similar_incident,Fixed 12 timeout by increasing connection timeout to 44s and implementing circuit breaker pattern. Also added health check monitoring.,,jira,0.65,identity-team
INC543,JIRA-514,related_change,,New order notification feature deployed,jira,,platform-team
INC544,JIRA-515,similar_incident,Implemented 9 for automatic failover. Configured 55-node cluster with quorum of 3. Tested failover scenarios successfully.,,jira,0.93,ops-team
INC545,SNOW547,similar_incident,Rolled back to previous 19 version to restore functionality,,servicenow,0.76,infra-team
INC545,JIRA-516,similar_incident,Scaled consumer instances and processed backlog within SLA. Increased from 11 to 62 consumers. Backlog cleared in 6 hours.,,jira,0.9,devops-team
INC546,SNOW548,similar_incident,Restarted 15 pods and cleared corrupted cache layer,,servicenow,0.66,search-team
INC546,SNOW549,related_change,,Added backup OAuth provider configuration,servicenow,,payments-team
INC547,SNOW550,similar_incident,Fixed 14 timeout by increasing connection timeout to 53s and implementing circuit breaker pattern. Also added health check monitoring.,,servicenow,0.72,security-team
INC547,JIRA-517,related_change,,Registry storage migration performed,jira,,api-team
INC547,JIRA-518,similar_incident,Restarted 10 pods and cleared corrupted cache layer,,jira,0.9,security-team
INC548,JIRA-519,similar_incident,Manually purged CDN cache and verified asset propagation,,jira,0.73,identity-team
INC548,SNOW551,similar_incident,Promoted replica to primary and rebuilt read replica from backup. Verified data consistency using checksums. Recovery completed within RTO of 14 minutes.,,servicenow,0.78,dba-team
INC548,SNOW552,related_change,,New order notification feature deployed,servicenow,,ops-team
INC549,SNOW553,similar_incident,Rolled back to previous 18 version to restore functionality,,servicenow,0.76,security-team
INC549,JIRA-520,related_change,,Elasticsearch cluster version upgrade deployed,jira,,infra-team
INC550,JIRA-521,similar_incident,Fixed 7 timeout by increasing connection timeout to 80s and implementing circuit breaker pattern. Also added health check monitoring.,,jira,0.84,observability-team
INC550,SNOW554,similar_incident,Restarted 7 pods and cleared corrupted cache layer,,servicenow,0.91,search-team
INC550,JIRA-522,similar_incident,Implemented 12 for automatic failover. Configured 88-node cluster with quorum of 10. Tested failover scenarios successfully.,,jira,0.72,platform-team
INC551,JIRA-523,similar_incident,Scaled consumer instances and processed backlog within SLA. Increased from 7 to 99 consumers. Backlog cleared in 9 hours.,,jira,0.93,platform-team
INC552,SNOW555,similar_incident,Scaled consumer instances and processed backlog within SLA. Increased from 12 to 81 consumers. Backlog cleared in 10 hours.,,servicenow,0.92,dba-team
INC552,SNOW556,related_change,,Fluentd configuration update for new log format,servicenow,,identity-team
INC553,SNOW557,similar_incident,Increased connection pool size from 9 to 87 connections and added exponential backoff retry logic with max 3 attempts. Monitored for 24 hours and confirmed resolution.,,servicenow,0.65,search-team
INC553,JIRA-524,related_change,,Database migration completed last week,jira,,devops-team
INC553,JIRA-525,related_change,,Database migration completed last week,jira,,infra-team
INC554,SNOW558,similar_incident,Promoted replica to primary and rebuilt read replica from backup. Verified data consistency using checksums. Recovery completed within RTO of 18 minutes.,,servicenow,0.87,identity-team
INC554,JIRA-526,related_change,,Rate limiting threshold adjustment for new API tier,jira,,platform-team
INC555,SNOW559,similar_incident,Rolled back to previous 5 version to restore functionality,,servicenow,0.9,platform-team
INC555,JIRA-527,similar_incident,Renewed SSL certificates and updated load balancer configuration,,jira,0.94,api-team
INC556,SNOW560,similar_incident,Scaled consumer instances and processed backlog within SLA. Increased from 18 to 90 consumers. Backlog cleared in 6 hours.,,servicenow,0.89,observability-team
INC557,JIRA-528,similar_incident,Promoted replica to primary and rebuilt read replica from backup. Verified data consistency using checksums. Recovery completed within RTO of 11 minutes.,,jira,0.8,ops-team
INC557,SNOW561,related_change,,Added new notification templates last sprint,servicenow,,api-team
INC558,SNOW562,similar_incident,Renewed SSL certificates and updated load balancer configuration,,servicenow,0.87,search-team
INC558,JIRA-529,related_change,,Database migration completed last week,jira,,search-team
INC559,JIRA-530,similar_incident,Promoted replica to primary and rebuilt read replica from backup. Verified data consistency using checksums. Recovery completed within RTO of 5 minutes.,,jira,0.67,platform-team
INC559,JIRA-531,similar_incident,Renewed SSL certificates and updated load balancer configuration,,jira,0.92,payments-team
INC559,JIRA-532,similar_incident,Scaled consumer instances and processed backlog within SLA. Increased from 17 to 56 consumers. Backlog cleared in 4 hours.,,jira,0.89,platform-team
INC560,SNOW563,similar_incident,Restarted 11 pods and cleared corrupted cache layer,,servicenow,0.9,devops-team
INC560,SNOW564,related_change,,Deployed new reporting-service version with performance improvements,servicenow,,devops-team
INC560,SNOW565,related_change,,New order notification feature deployed,servicenow,,dba-team
INC561,SNOW566,similar_incident,Rolled back to previous 19 version to restore functionality,,servicenow,0.9,dba-team
INC561,JIRA-533,related_change,,Payment provider SDK upgrade deployed yesterday,jira,,observability-team
INC562,JIRA-534,similar_incident,Fixed 5 timeout by increasing connection timeout to 56s and implementing circuit breaker pattern. Also added health check monitoring.,,jira,0.95,security-team
INC562,JIRA-535,similar_incident,Scaled up 14 instances from 75 to 8 pods and optimized query performance by adding database indexes on frequently queried columns. Response times improved from 4s to Redisms average.,,jira,0.84,api-team
INC563,JIRA-536,similar_incident,Renewed SSL certificates and updated load balancer configuration,,jira,0.79,observability-team
INC564,JIRA-537,similar_incident,Implemented 10 for automatic failover. Configured 64-node cluster with quorum of 5. Tested failover scenarios successfully.,,jira,0.85,ops-team
INC565,SNOW567,similar_incident,Fixed 7 timeout by increasing connection timeout to 89s and implementing circuit breaker pattern. Also added health check monitoring.,,servicenow,0.81,infra-team
INC566,JIRA-538,similar_incident,Scaled consumer instances and processed backlog within SLA. Increased from 13 to 58 consumers. Backlog cleared in 3 hours.,,jira,0.92,identity-team
INC567,SNOW568,similar_incident,Scaled consumer instances and processed backlog within SLA. Increased from 13 to 48 consumers. Backlog cleared in 10 hours.,,servicenow,0.71,dba-team
INC568,SNOW569,similar_incident,Scaled up 20 instances from 36 to 4 pods and optimized query performance by adding database indexes on frequently queried columns. Response times improved from 4s to gatewayms average.,,servicenow,0.79,infra-team
INC568,SNOW570,similar_incident,Increased connection pool size from 6 to 96 connections and added exponential backoff retry logic with max 3 attempts. Monitored for 24 hours and confirmed resolution.,,servicenow,0.7,infra-team
INC569,JIRA-539,similar_incident,Renewed SSL certificates and updated load balancer configuration,,jira,0.7,api-team
INC570,JIRA-540,similar_incident,Renewed SSL certificates and updated load balancer configuration,,jira,0.75,search-team
INC570,SNOW571,similar_incident,Restarted 9 pods and cleared corrupted cache layer,,servicenow,0.71,observability-team
INC571,JIRA-541,similar_incident,Implemented 7 for automatic failover. Configured 39-node cluster with quorum of 8. Tested failover scenarios successfully.,,jira,0.94,api-team
INC571,SNOW572,related_change,,Fluentd configuration update for new log format,servicenow,,ops-team
INC571,SNOW573,similar_incident,Restarted 17 pods and cleared corrupted cache layer,,servicenow,0.81,devops-team
INC572,SNOW574,similar_incident,Manually purged CDN cache and verified asset propagation,,servicenow,0.69,api-team
INC573,SNOW575,similar_incident,Scaled consumer instances and processed backlog within SLA. Increased from 11 to 63 consumers. Backlog cleared in 6 hours.,,servicenow,0.9,platform-team
INC574,SNOW576,similar_incident,Implemented 15 for automatic failover. Configured 96-node cluster with quorum of 9. Tested failover scenarios successfully.,,servicenow,0.65,devops-team
INC574,JIRA-542,similar_incident,Implemented 10 for automatic failover. Configured 77-node cluster with quorum of 5. Tested failover scenarios successfully.,,jira,0.83,ops-team
INC575,SNOW577,similar_incident,Restarted 16 pods and cleared corrupted cache layer,,servicenow,0.83,platform-team
INC576,SNOW578,similar_incident,Rolled back to previous 17 version to restore functionality,,servicenow,0.77,payments-team
INC576,SNOW579,related_change,,Database migration completed last week,servicenow,,ops-team
INC577,JIRA-543,similar_incident,Rolled back to previous 18 version to restore functionality,,jira,0.89,devops-team
INC577,JIRA-544,similar_incident,Rolled back to previous 17 version to restore functionality,,jira,0.76,search-team
INC578,JIRA-545,similar_incident,Restarted 12 pods and cleared corrupted cache layer,,jira,0.7,payments-team
INC578,SNOW580,similar_incident,Rolled back to previous 18 version to restore functionality,,servicenow,0.89,security-team
INC578,JIRA-546,related_change,,Added backup OAuth provider configuration,jira,,dba-team
INC579,SNOW581,similar_incident,Promoted replica to primary and rebuilt read replica from backup. Verified data consistency using checksums. Recovery completed within RTO of 14 minutes.,,servicenow,0.71,infra-team
INC580,JIRA-547,similar_incident,Fixed 10 timeout by increasing connection timeout to 82s and implementing circuit breaker pattern. Also added health check monitoring.,,jira,0.77,observability-team
INC580,JIRA-548,related_change,,Payment provider SDK upgrade deployed yesterday,jira,,devops-team
INC580,SNOW582,related_change,,Redis cluster scaling performed last week,servicenow,,observability-team
INC581,SNOW583,similar_incident,Manually purged CDN cache and verified asset propagation,,servicenow,0.93,identity-team
INC581,SNOW584,similar_incident,Promoted replica to primary and rebuilt read replica from backup. Verified data consistency using checksums. Recovery completed within RTO of 20 minutes.,,servicenow,0.79,payments-team
INC581,SNOW585,related_change,,Rate limiting threshold adjustment for new API tier,servicenow,,devops-team
INC582,SNOW586,similar_incident,Implemented 8 for automatic failover. Configured 61-node cluster with quorum of 6. Tested failover scenarios successfully.,,servicenow,0.81,observability-team
INC582,JIRA-549,similar_incident,Scaled up 15 instances from 55 to 10 pods and optimized query performance by adding database indexes on frequently queried columns. Response times improved from 2s to APIms average.,,jira,0.7,infra-team
INC583,JIRA-550,similar_incident,Increased connection pool size from 5 to 30 connections and added exponential backoff retry logic with max 3 attempts. Monitored for 24 hours and confirmed resolution.,,jira,0.85,observability-team
INC584,JIRA-551,similar_incident,Scaled consumer instances and processed backlog within SLA. Increased from 9 to 38 consumers. Backlog cleared in 6 hours.,,jira,0.88,payments-team
INC584,SNOW587,similar_incident,Implemented 8 for automatic failover. Configured 32-node cluster with quorum of 5. Tested failover scenarios successfully.,,servicenow,0.75,search-team
INC584,JIRA-552,similar_incident,Increased connection pool size from 18 to 71 connections and added exponential backoff retry logic with max 3 attempts. Monitored for 24 hours and confirmed resolution.,,jira,0.74,api-team
INC585,JIRA-553,similar_incident,Manually purged CDN cache and verified asset propagation,,jira,0.95,search-team
INC586,SNOW588,similar_incident,Increased connection pool size from 10 to 59 connections and added exponential backoff retry logic with max 3 attempts. Monitored for 24 hours and confirmed resolution.,,servicenow,0.94,dba-team
INC586,JIRA-554,related_change,,Added backup OAuth provider configuration,jira,,identity-team
INC586,SNOW589,related_change,,CDN configuration update for cache TTL,servicenow,,devops-team
INC587,JIRA-555,similar_incident,Fixed 6 timeout by increasing connection timeout to 77s and implementing circuit breaker pattern. Also added health check monitoring.,,jira,0.68,security-team
INC587,JIRA-556,similar_incident,Increased connection pool size from 19 to 82 connections and added exponential backoff retry logic with max 3 attempts. Monitored for 24 hours and confirmed resolution.,,jira,0.83,dba-team
INC587,JIRA-557,similar_incident,Implemented 5 for automatic failover. Configured 69-node cluster with quorum of 5. Tested failover scenarios successfully.,,jira,0.69,observability-team
INC588,JIRA-558,similar_incident,Rolled back to previous 7 version to restore functionality,,jira,0.68,dba-team
INC589,JIRA-559,similar_incident,Restarted 20 pods and cleared corrupted cache layer,,jira,0.67,dba-team
INC590,SNOW590,similar_incident,Manually purged CDN cache and verified asset propagation,,servicenow,0.89,api-team
INC590,SNOW591,similar_incident,Fixed 15 timeout by increasing connection timeout to 39s and implementing circuit breaker pattern. Also added health check monitoring.,,servicenow,0.72,identity-team
INC591,SNOW592,similar_incident,Implemented 10 for automatic failover. Configured 67-node cluster with quorum of 6. Tested failover scenarios successfully.,,servicenow,0.82,payments-team
INC592,JIRA-560,similar_incident,Restarted 18 pods and cleared corrupted cache layer,,jira,0.89,ops-team
INC593,SNOW593,similar_incident,Increased connection pool size from 20 to 82 connections and added exponential backoff retry logic with max 3 attempts. Monitored for 24 hours and confirmed resolution.,,servicenow,0.89,platform-team
INC593,SNOW594,related_change,,Deployed new database version with performance improvements,servicenow,,security-team
INC594,SNOW595,similar_incident,Fixed 16 timeout by increasing connection timeout to 40s and implementing circuit breaker pattern. Also added health check monitoring.,,servicenow,0.95,dba-team
INC594,SNOW596,similar_incident,Renewed SSL certificates and updated load balancer configuration,,servicenow,0.9,security-team
INC594,SNOW597,related_change,,Node capacity upgrade scheduled for maintenance window,servicenow,,ops-team
INC595,SNOW598,similar_incident,Scaled up 15 instances from 87 to 6 pods and optimized query performance by adding database indexes on frequently queried columns. Response times improved from 3s to APIms average.,,servicenow,0.86,dba-team
INC595,SNOW599,similar_incident,Scaled consumer instances and processed backlog within SLA. Increased from 6 to 92 consumers. Backlog cleared in 9 hours.,,servicenow,0.65,security-team
INC595,SNOW600,similar_incident,Implemented 15 for automatic failover. Configured 69-node cluster with quorum of 3. Tested failover scenarios successfully.,,servicenow,0.96,payments-team
INC596,SNOW601,similar_incident,Fixed 7 timeout by increasing connection timeout to 99s and implementing circuit breaker pattern. Also added health check monitoring.,,servicenow,0.77,api-team
INC597,SNOW602,similar_incident,Rolled back to previous 16 version to restore functionality,,servicenow,0.95,security-team
INC598,SNOW603,similar_incident,Restarted 5 pods and cleared corrupted cache layer,,servicenow,0.87,infra-team
INC598,SNOW604,related_change,,Automated certificate rotation implementation in progress,servicenow,,search-team
INC598,JIRA-561,similar_incident,Rolled back to previous 12 version to restore functionality,,jira,0.94,api-team
INC599,JIRA-562,similar_incident,Implemented 13 for automatic failover. Configured 32-node cluster with quorum of 10. Tested failover scenarios successfully.,,jira,0.8,dba-team
INC599,JIRA-563,similar_incident,Manually purged CDN cache and verified asset propagation,,jira,0.7,devops-team
INC599,SNOW605,similar_incident,Renewed SSL certificates and updated load balancer configuration,,servicenow,0.91,observability-team
INC600,JIRA-564,similar_incident,Rolled back to previous 7 version to restore functionality,,jira,0.68,observability-team
INC600,JIRA-565,related_change,,CDN configuration update for cache TTL,jira,,ops-team
INC600,JIRA-566,similar_incident,Promoted replica to primary and rebuilt read replica from backup. Verified data consistency using checksums. Recovery completed within RTO of 10 minutes.,,jira,0.83,api-team
INC601,SNOW606,similar_incident,Implemented 19 for automatic failover. Configured 50-node cluster with quorum of 4. Tested failover scenarios successfully.,,servicenow,0.84,security-team
INC601,JIRA-567,similar_incident,Restarted 20 pods and cleared corrupted cache layer,,jira,0.88,security-team
INC602,SNOW607,similar_incident,Rolled back to previous 7 version to restore functionality,,servicenow,0.91,identity-team
INC603,JIRA-568,similar_incident,Rolled back to previous 13 version to restore functionality,,jira,0.92,search-team
INC603,SNOW608,similar_incident,Promoted replica to primary and rebuilt read replica from backup. Verified data consistency using checksums. Recovery completed within RTO of 17 minutes.,,servicenow,0.88,devops-team
INC603,SNOW609,related_change,,Database migration completed last week,servicenow,,api-team
INC604,JIRA-569,similar_incident,Restarted 19 pods and cleared corrupted cache layer,,jira,0.67,api-team
INC605,JIRA-570,similar_incident,Rolled back to previous 6 version to restore functionality,,jira,0.76,api-team
INC606,SNOW610,similar_incident,Scaled consumer instances and processed backlog within SLA. Increased from 13 to 31 consumers. Backlog cleared in 10 hours.,,servicenow,0.92,observability-team
INC607,SNOW611,similar_incident,Manually purged CDN cache and verified asset propagation,,servicenow,0.69,infra-team
INC607,SNOW612,similar_incident,Rolled back to previous 5 version to restore functionality,,servicenow,0.73,api-team
INC607,SNOW613,similar_incident,Restarted 16 pods and cleared corrupted cache layer,,servicenow,0.85,devops-team
INC608,JIRA-571,similar_incident,Increased connection pool size from 6 to 98 connections and added exponential backoff retry logic with max 3 attempts. Monitored for 24 hours and confirmed resolution.,,jira,0.76,devops-team
INC609,JIRA-572,similar_incident,Promoted replica to primary and rebuilt read replica from backup. Verified data consistency using checksums. Recovery completed within RTO of 13 minutes.,,jira,0.88,api-team
INC609,JIRA-573,related_change,,Rate limiting threshold adjustment for new API tier,jira,,security-team
INC610,SNOW614,similar_incident,Renewed SSL certificates and updated load balancer configuration,,servicenow,0.68,dba-team
INC610,SNOW615,similar_incident,Renewed SSL certificates and updated load balancer configuration,,servicenow,0.83,infra-team
INC611,JIRA-574,similar_incident,Renewed SSL certificates and updated load balancer configuration,,jira,0.72,identity-team
INC611,JIRA-575,related_change,,Redis cluster scaling performed last week,jira,,dba-team
INC612,SNOW616,similar_incident,Fixed 16 timeout by increasing connection timeout to 49s and implementing circuit breaker pattern. Also added health check monitoring.,,servicenow,0.67,devops-team
INC612,JIRA-576,related_change,,Database migration completed last week,jira,,ops-team
INC613,JIRA-577,similar_incident,Scaled up 18 instances from 47 to 6 pods and optimized query performance by adding database indexes on frequently queried columns. Response times improved from 5s to databasems average.,,jira,0.79,devops-team
INC614,JIRA-578,similar_incident,Fixed 18 timeout by increasing connection timeout to 81s and implementing circuit breaker pattern. Also added health check monitoring.,,jira,0.9,devops-team
INC614,SNOW617,related_change,,CDN configuration update for cache TTL,servicenow,,dba-team
INC615,SNOW618,similar_incident,Scaled up 16 instances from 55 to 2 pods and optimized query performance by adding database indexes on frequently queried columns. Response times improved from 1s to databasems average.,,servicenow,0.86,observability-team
INC615,SNOW619,related_change,,Elasticsearch cluster version upgrade deployed,servicenow,,ops-team
INC616,JIRA-579,similar_incident,Scaled consumer instances and processed backlog within SLA. Increased from 6 to 74 consumers. Backlog cleared in 10 hours.,,jira,0.77,devops-team
INC617,JIRA-580,similar_incident,Implemented 7 for automatic failover. Configured 56-node cluster with quorum of 5. Tested failover scenarios successfully.,,jira,0.79,payments-team
INC618,SNOW620,similar_incident,Scaled consumer instances and processed backlog within SLA. Increased from 13 to 76 consumers. Backlog cleared in 5 hours.,,servicenow,0.83,api-team
INC618,JIRA-581,related_change,,Deployed new rabbitmq version with performance improvements,jira,,identity-team
INC619,SNOW621,similar_incident,Renewed SSL certificates and updated load balancer configuration,,servicenow,0.85,observability-team
INC619,JIRA-582,related_change,,New order notification feature deployed,jira,,search-team
INC619,JIRA-583,related_change,,Added backup OAuth provider configuration,jira,,search-team
INC620,JIRA-584,similar_incident,Promoted replica to primary and rebuilt read replica from backup. Verified data consistency using checksums. Recovery completed within RTO of 17 minutes.,,jira,0.87,identity-team
INC621,JIRA-585,similar_incident,Renewed SSL certificates and updated load balancer configuration,,jira,0.79,platform-team
INC621,SNOW622,related_change,,Heavy batch job scheduled during peak hours,servicenow,,search-team
INC622,SNOW623,similar_incident,Fixed 12 timeout by increasing connection timeout to 91s and implementing circuit breaker pattern. Also added health check monitoring.,,servicenow,0.73,infra-team
INC622,SNOW624,similar_incident,Manually purged CDN cache and verified asset propagation,,servicenow,0.71,api-team
INC623,JIRA-586,similar_incident,Scaled consumer instances and processed backlog within SLA. Increased from 20 to 60 consumers. Backlog cleared in 5 hours.,,jira,0.87,devops-team
INC624,SNOW625,similar_incident,Rolled back to previous 17 version to restore functionality,,servicenow,0.94,infra-team
INC625,SNOW626,similar_incident,Fixed 17 timeout by increasing connection timeout to 88s and implementing circuit breaker pattern. Also added health check monitoring.,,servicenow,0.73,security-team
INC625,JIRA-587,related_change,,Rate limiting threshold adjustment for new API tier,jira,,search-team
INC626,SNOW627,similar_incident,Rolled back to previous 15 version to restore functionality,,servicenow,0.66,dba-team
INC627,JIRA-588,similar_incident,Increased connection pool size from 7 to 84 connections and added exponential backoff retry logic with max 3 attempts. Monitored for 24 hours and confirmed resolution.,,jira,0.74,infra-team
INC628,SNOW628,similar_incident,Implemented 20 for automatic failover. Configured 39-node cluster with quorum of 10. Tested failover scenarios successfully.,,servicenow,0.9,ops-team
INC629,JIRA-589,similar_incident,Promoted replica to primary and rebuilt read replica from backup. Verified data consistency using checksums. Recovery completed within RTO of 7 minutes.,,jira,0.67,devops-team
INC629,JIRA-590,related_change,,Redis cluster scaling performed last week,jira,,payments-team
INC630,SNOW629,similar_incident,Rolled back to previous 12 version to restore functionality,,servicenow,0.96,search-team
INC630,SNOW630,similar_incident,Fixed 18 timeout by increasing connection timeout to 49s and implementing circuit breaker pattern. Also added health check monitoring.,,servicenow,0.79,api-team
INC630,SNOW631,similar_incident,Scaled consumer instances and processed backlog within SLA. Increased from 6 to 80 consumers. Backlog cleared in 8 hours.,,servicenow,0.94,ops-team
INC631,SNOW632,similar_incident,Rolled back to previous 16 version to restore functionality,,servicenow,0.84,payments-team
INC631,SNOW633,related_change,,Payment provider SDK upgrade deployed yesterday,servicenow,,api-team
INC632,JIRA-591,similar_incident,Scaled up 6 instances from 90 to 6 pods and optimized query performance by adding database indexes on frequently queried columns. Response times improved from 1s to servicems average.,,jira,0.73,observability-team
INC632,JIRA-592,related_change,,Registry storage migration performed,jira,,identity-team
INC632,JIRA-593,similar_incident,Scaled consumer instances and processed backlog within SLA. Increased from 19 to 83 consumers. Backlog cleared in 4 hours.,,jira,0.91,search-team
INC633,SNOW634,similar_incident,Increased connection pool size from 6 to 61 connections and added exponential backoff retry logic with max 3 attempts. Monitored for 24 hours and confirmed resolution.,,servicenow,0.85,search-team
INC633,JIRA-594,related_change,,Redis cluster scaling performed last week,jira,,infra-team
INC634,SNOW635,similar_incident,Implemented 19 for automatic failover. Configured 64-node cluster with quorum of 7. Tested failover scenarios successfully.,,servicenow,0.71,infra-team
INC634,SNOW636,related_change,,New order notification feature deployed,servicenow,,observability-team
INC634,JIRA-595,similar_incident,Implemented 18 for automatic failover. Configured 34-node cluster with quorum of 7. Tested failover scenarios successfully.,,jira,0.84,dba-team
INC635,SNOW637,similar_incident,Fixed 18 timeout by increasing connection timeout to 85s and implementing circuit breaker pattern. Also added health check monitoring.,,servicenow,0.88,payments-team
INC635,JIRA-596,related_change,,Deployed new payment-service version with performance improvements,jira,,observability-team
INC635,SNOW638,similar_incident,Renewed SSL certificates and updated load balancer configuration,,servicenow,0.83,security-team
INC636,SNOW639,similar_incident,Scaled up 15 instances from 66 to 10 pods and optimized query performance by adding database indexes on frequently queried columns. Response times improved from 3s to servicems average.,,servicenow,0.66,search-team
INC636,SNOW640,similar_incident,Restarted 18 pods and cleared corrupted cache layer,,servicenow,0.87,payments-team
INC636,JIRA-597,related_change,,Automated certificate rotation implementation in progress,jira,,platform-team
INC637,SNOW641,similar_incident,Promoted replica to primary and rebuilt read replica from backup. Verified data consistency using checksums. Recovery completed within RTO of 17 minutes.,,servicenow,0.89,payments-team
INC638,SNOW642,similar_incident,Fixed 11 timeout by increasing connection timeout to 87s and implementing circuit breaker pattern. Also added health check monitoring.,,servicenow,0.75,identity-team
INC638,JIRA-598,similar_incident,Scaled consumer instances and processed backlog within SLA. Increased from 6 to 79 consumers. Backlog cleared in 3 hours.,,jira,0.85,security-team
INC638,JIRA-599,related_change,,Elasticsearch cluster version upgrade deployed,jira,,identity-team
INC639,JIRA-600,similar_incident,Scaled consumer instances and processed backlog within SLA. Increased from 5 to 71 consumers. Backlog cleared in 10 hours.,,jira,0.73,search-team
INC639,JIRA-601,similar_incident,Renewed SSL certificates and updated load balancer configuration,,jira,0.72,platform-team
INC639,SNOW643,related_change,,Payment provider SDK upgrade deployed yesterday,servicenow,,search-team
INC640,JIRA-602,similar_incident,Scaled up 6 instances from 99 to 2 pods and optimized query performance by adding database indexes on frequently queried columns. Response times improved from 5s to servicems average.,,jira,0.68,platform-team
INC641,SNOW644,similar_incident,Increased connection pool size from 8 to 83 connections and added exponential backoff retry logic with max 3 attempts. Monitored for 24 hours and confirmed resolution.,,servicenow,0.86,devops-team
INC641,JIRA-603,related_change,,Node capacity upgrade scheduled for maintenance window,jira,,api-team
INC642,JIRA-604,similar_incident,Promoted replica to primary and rebuilt read replica from backup. Verified data consistency using checksums. Recovery completed within RTO of 15 minutes.,,jira,0.73,identity-team
INC642,JIRA-605,related_change,,Database migration completed last week,jira,,dba-team
INC643,SNOW645,similar_incident,Scaled consumer instances and processed backlog within SLA. Increased from 19 to 73 consumers. Backlog cleared in 10 hours.,,servicenow,0.74,infra-team
INC644,JIRA-606,similar_incident,Scaled up 18 instances from 78 to 7 pods and optimized query performance by adding database indexes on frequently queried columns. Response times improved from 3s to gatewayms average.,,jira,0.7,payments-team
INC645,JIRA-607,similar_incident,Implemented 7 for automatic failover. Configured 95-node cluster with quorum of 9. Tested failover scenarios successfully.,,jira,0.9,ops-team
INC645,SNOW646,similar_incident,Renewed SSL certificates and updated load balancer configuration,,servicenow,0.78,security-team
INC646,JIRA-608,similar_incident,Increased connection pool size from 12 to 70 connections and added exponential backoff retry logic with max 3 attempts. Monitored for 24 hours and confirmed resolution.,,jira,0.66,platform-team
INC646,SNOW647,related_change,,Added new notification templates last sprint,servicenow,,devops-team
INC646,SNOW648,related_change,,Registry storage migration performed,servicenow,,infra-team
INC647,SNOW649,similar_incident,Rolled back to previous 18 version to restore functionality,,servicenow,0.82,payments-team
INC647,SNOW650,similar_incident,Manually purged CDN cache and verified asset propagation,,servicenow,0.89,search-team
INC648,SNOW651,similar_incident,Rolled back to previous 13 version to restore functionality,,servicenow,0.83,api-team
INC648,JIRA-609,similar_incident,Implemented 15 for automatic failover. Configured 49-node cluster with quorum of 10. Tested failover scenarios successfully.,,jira,0.76,payments-team
INC649,JIRA-610,similar_incident,Renewed SSL certificates and updated load balancer configuration,,jira,0.65,infra-team
INC649,JIRA-611,similar_incident,Restarted 11 pods and cleared corrupted cache layer,,jira,0.95,infra-team
INC649,SNOW652,related_change,,Elasticsearch cluster version upgrade deployed,servicenow,,dba-team
INC650,SNOW653,similar_incident,Manually purged CDN cache and verified asset propagation,,servicenow,0.73,identity-team
INC650,SNOW654,related_change,,Added backup OAuth provider configuration,servicenow,,search-team
INC650,SNOW655,similar_incident,Scaled consumer instances and processed backlog within SLA. Increased from 5 to 51 consumers. Backlog cleared in 6 hours.,,servicenow,0.9,identity-team
INC651,JIRA-612,similar_incident,Renewed SSL certificates and updated load balancer configuration,,jira,0.84,dba-team
INC652,JIRA-613,similar_incident,Renewed SSL certificates and updated load balancer configuration,,jira,0.74,platform-team
INC653,JIRA-614,similar_incident,Rolled back to previous 14 version to restore functionality,,jira,0.88,devops-team
INC654,JIRA-615,similar_incident,Restarted 14 pods and cleared corrupted cache layer,,jira,0.76,dba-team
INC654,SNOW656,related_change,,Deployed new read-replica version with performance improvements,servicenow,,ops-team
INC654,JIRA-616,related_change,,Rate limiting threshold adjustment for new API tier,jira,,security-team
INC655,SNOW657,similar_incident,Rolled back to previous 5 version to restore functionality,,servicenow,0.89,devops-team
INC655,JIRA-617,related_change,,Deployed new rabbitmq version with performance improvements,jira,,identity-team
INC655,JIRA-618,similar_incident,Rolled back to previous 12 version to restore functionality,,jira,0.77,identity-team
INC656,JIRA-619,similar_incident,Fixed 19 timeout by increasing connection timeout to 83s and implementing circuit breaker pattern. Also added health check monitoring.,,jira,0.68,api-team
INC656,JIRA-620,similar_incident,Increased connection pool size from 17 to 81 connections and added exponential backoff retry logic with max 3 attempts. Monitored for 24 hours and confirmed resolution.,,jira,0.77,platform-team
INC656,SNOW658,related_change,,CDN configuration update for cache TTL,servicenow,,observability-team
INC657,SNOW659,similar_incident,Implemented 9 for automatic failover. Configured 78-node cluster with quorum of 7. Tested failover scenarios successfully.,,servicenow,0.78,dba-team
INC657,SNOW660,related_change,,Rate limiting threshold adjustment for new API tier,servicenow,,observability-team
INC657,SNOW661,similar_incident,Fixed 19 timeout by increasing connection timeout to 48s and implementing circuit breaker pattern. Also added health check monitoring.,,servicenow,0.84,ops-team
INC658,SNOW662,similar_incident,Fixed 10 timeout by increasing connection timeout to 59s and implementing circuit breaker pattern. Also added health check monitoring.,,servicenow,0.87,api-team
INC658,JIRA-621,related_change,,Fluentd configuration update for new log format,jira,,payments-team
INC658,JIRA-622,related_change,,Database migration completed last week,jira,,payments-team
INC659,JIRA-623,similar_incident,Restarted 19 pods and cleared corrupted cache layer,,jira,0.8,search-team
INC659,JIRA-624,similar_incident,Manually purged CDN cache and verified asset propagation,,jira,0.81,ops-team
INC659,SNOW663,related_change,,New order notification feature deployed,servicenow,,security-team
INC660,JIRA-625,similar_incident,Renewed SSL certificates and updated load balancer configuration,,jira,0.67,infra-team
INC661,SNOW664,similar_incident,Promoted replica to primary and rebuilt read replica from backup. Verified data consistency using checksums. Recovery completed within RTO of 20 minutes.,,servicenow,0.81,devops-team
INC661,JIRA-626,similar_incident,Scaled consumer instances and processed backlog within SLA. Increased from 11 to 94 consumers. Backlog cleared in 6 hours.,,jira,0.78,observability-team
INC661,SNOW665,similar_incident,Increased connection pool size from 20 to 81 connections and added exponential backoff retry logic with max 3 attempts. Monitored for 24 hours and confirmed resolution.,,servicenow,0.77,observability-team
INC662,SNOW666,similar_incident,Scaled up 5 instances from 72 to 3 pods and optimized query performance by adding database indexes on frequently queried columns. Response times improved from 5s to APIms average.,,servicenow,0.7,payments-team
INC663,JIRA-627,similar_incident,Scaled up 9 instances from 33 to 9 pods and optimized query performance by adding database indexes on frequently queried columns. Response times improved from 1s to databasems average.,,jira,0.87,identity-team
INC663,SNOW667,similar_incident,Increased connection pool size from 19 to 46 connections and added exponential backoff retry logic with max 3 attempts. Monitored for 24 hours and confirmed resolution.,,servicenow,0.82,infra-team
INC663,JIRA-628,similar_incident,Rolled back to previous 13 version to restore functionality,,jira,0.94,devops-team
INC664,JIRA-629,similar_incident,Increased connection pool size from 18 to 92 connections and added exponential backoff retry logic with max 3 attempts. Monitored for 24 hours and confirmed resolution.,,jira,0.78,api-team
INC665,SNOW668,similar_incident,Rolled back to previous 15 version to restore functionality,,servicenow,0.72,payments-team
INC665,SNOW669,similar_incident,Rolled back to previous 8 version to restore functionality,,servicenow,0.79,infra-team
INC665,SNOW670,related_change,,Payment provider SDK upgrade deployed yesterday,servicenow,,platform-team
INC666,SNOW671,similar_incident,Renewed SSL certificates and updated load balancer configuration,,servicenow,0.8,payments-team
INC666,SNOW672,related_change,,New order notification feature deployed,servicenow,,api-team
INC666,JIRA-630,related_change,,Database migration completed last week,jira,,payments-team
INC667,JIRA-631,similar_incident,Renewed SSL certificates and updated load balancer configuration,,jira,0.82,security-team
INC667,SNOW673,similar_incident,Implemented 7 for automatic failover. Configured 69-node cluster with quorum of 9. Tested failover scenarios successfully.,,servicenow,0.94,dba-team
INC668,JIRA-632,similar_incident,Increased connection pool size from 11 to 81 connections and added exponential backoff retry logic with max 3 attempts. Monitored for 24 hours and confirmed resolution.,,jira,0.84,ops-team
INC668,JIRA-633,similar_incident,Increased connection pool size from 19 to 87 connections and added exponential backoff retry logic with max 3 attempts. Monitored for 24 hours and confirmed resolution.,,jira,0.72,observability-team
INC668,JIRA-634,related_change,,Node capacity upgrade scheduled for maintenance window,jira,,observability-team
INC669,JIRA-635,similar_incident,Implemented 18 for automatic failover. Configured 90-node cluster with quorum of 6. Tested failover scenarios successfully.,,jira,0.87,devops-team
INC669,JIRA-636,related_change,,Fluentd configuration update for new log format,jira,,identity-team
INC670,SNOW674,similar_incident,Scaled consumer instances and processed backlog within SLA. Increased from 11 to 47 consumers. Backlog cleared in 7 hours.,,servicenow,0.81,platform-team
INC671,SNOW675,similar_incident,Promoted replica to primary and rebuilt read replica from backup. Verified data consistency using checksums. Recovery completed within RTO of 20 minutes.,,servicenow,0.86,api-team
INC672,SNOW676,similar_incident,Renewed SSL certificates and updated load balancer configuration,,servicenow,0.77,infra-team
INC673,SNOW677,similar_incident,Increased connection pool size from 9 to 41 connections and added exponential backoff retry logic with max 3 attempts. Monitored for 24 hours and confirmed resolution.,,servicenow,0.85,payments-team
INC673,SNOW678,similar_incident,Fixed 14 timeout by increasing connection timeout to 41s and implementing circuit breaker pattern. Also added health check monitoring.,,servicenow,0.76,search-team
INC673,JIRA-637,similar_incident,Manually purged CDN cache and verified asset propagation,,jira,0.78,payments-team
INC674,SNOW679,similar_incident,Restarted 11 pods and cleared corrupted cache layer,,servicenow,0.77,observability-team
INC674,SNOW680,related_change,,New order notification feature deployed,servicenow,,identity-team
INC675,JIRA-638,similar_incident,Renewed SSL certificates and updated load balancer configuration,,jira,0.74,api-team
INC675,SNOW681,related_change,,Automated certificate rotation implementation in progress,servicenow,,api-team
INC675,SNOW682,related_change,,Deployed new oauth-provider version with performance improvements,servicenow,,observability-team
INC676,JIRA-639,similar_incident,Increased connection pool size from 10 to 51 connections and added exponential backoff retry logic with max 3 attempts. Monitored for 24 hours and confirmed resolution.,,jira,0.83,platform-team
INC677,JIRA-640,similar_incident,Scaled up 12 instances from 68 to 6 pods and optimized query performance by adding database indexes on frequently queried columns. Response times improved from 4s to databasems average.,,jira,0.87,platform-team
INC678,SNOW683,similar_incident,Restarted 19 pods and cleared corrupted cache layer,,servicenow,0.82,search-team
INC678,JIRA-641,similar_incident,Rolled back to previous 5 version to restore functionality,,jira,0.88,infra-team
INC679,JIRA-642,similar_incident,Fixed 8 timeout by increasing connection timeout to 54s and implementing circuit breaker pattern. Also added health check monitoring.,,jira,0.69,dba-team
INC679,JIRA-643,related_change,,Redis cluster scaling performed last week,jira,,ops-team
INC679,JIRA-644,similar_incident,Increased connection pool size from 9 to 70 connections and added exponential backoff retry logic with max 3 attempts. Monitored for 24 hours and confirmed resolution.,,jira,0.9,api-team
INC680,SNOW684,similar_incident,Fixed 9 timeout by increasing connection timeout to 58s and implementing circuit breaker pattern. Also added health check monitoring.,,servicenow,0.66,search-team
INC681,JIRA-645,similar_incident,Scaled consumer instances and processed backlog within SLA. Increased from 12 to 83 consumers. Backlog cleared in 9 hours.,,jira,0.68,payments-team
INC682,SNOW685,similar_incident,Promoted replica to primary and rebuilt read replica from backup. Verified data consistency using checksums. Recovery completed within RTO of 9 minutes.,,servicenow,0.74,observability-team
INC682,SNOW686,similar_incident,Rolled back to previous 16 version to restore functionality,,servicenow,0.78,payments-team
INC683,SNOW687,similar_incident,Scaled consumer instances and processed backlog within SLA. Increased from 6 to 44 consumers. Backlog cleared in 10 hours.,,servicenow,0.88,security-team
INC683,JIRA-646,similar_incident,Scaled up 16 instances from 78 to 7 pods and optimized query performance by adding database indexes on frequently queried columns. Response times improved from 3s to APIms average.,,jira,0.85,infra-team
INC684,JIRA-647,similar_incident,Scaled consumer instances and processed backlog within SLA. Increased from 13 to 41 consumers. Backlog cleared in 6 hours.,,jira,0.72,observability-team
INC684,JIRA-648,similar_incident,Fixed 15 timeout by increasing connection timeout to 73s and implementing circuit breaker pattern. Also added health check monitoring.,,jira,0.94,security-team
INC685,JIRA-649,similar_incident,Restarted 9 pods and cleared corrupted cache layer,,jira,0.65,api-team
INC685,JIRA-650,similar_incident,Rolled back to previous 7 version to restore functionality,,jira,0.77,ops-team
INC686,JIRA-651,similar_incident,Manually purged CDN cache and verified asset propagation,,jira,0.91,payments-team
INC686,SNOW688,related_change,,Deployed new order-service version with performance improvements,servicenow,,payments-team
INC687,JIRA-652,similar_incident,Renewed SSL certificates and updated load balancer configuration,,jira,0.81,observability-team
INC687,JIRA-653,similar_incident,Scaled up 9 instances from 31 to 6 pods and optimized query performance by adding database indexes on frequently queried columns. Response times improved from 1s to APIms average.,,jira,0.74,observability-team
INC688,JIRA-654,similar_incident,Scaled consumer instances and processed backlog within SLA. Increased from 18 to 42 consumers. Backlog cleared in 10 hours.,,jira,0.9,infra-team
INC688,SNOW689,similar_incident,Scaled up 20 instances from 61 to 3 pods and optimized query performance by adding database indexes on frequently queried columns. Response times improved from 3s to servicems average.,,servicenow,0.68,security-team
INC689,SNOW690,similar_incident,Implemented 12 for automatic failover. Configured 85-node cluster with quorum of 9. Tested failover scenarios successfully.,,servicenow,0.85,security-team
INC690,JIRA-655,similar_incident,Renewed SSL certificates and updated load balancer configuration,,jira,0.67,ops-team
INC691,SNOW691,similar_incident,Increased connection pool size from 17 to 97 connections and added exponential backoff retry logic with max 3 attempts. Monitored for 24 hours and confirmed resolution.,,servicenow,0.75,api-team
INC691,JIRA-656,similar_incident,Scaled consumer instances and processed backlog within SLA. Increased from 5 to 48 consumers. Backlog cleared in 8 hours.,,jira,0.94,devops-team
INC692,SNOW692,similar_incident,Promoted replica to primary and rebuilt read replica from backup. Verified data consistency using checksums. Recovery completed within RTO of 13 minutes.,,servicenow,0.67,observability-team
INC692,SNOW693,similar_incident,Fixed 18 timeout by increasing connection timeout to 72s and implementing circuit breaker pattern. Also added health check monitoring.,,servicenow,0.7,identity-team
INC692,SNOW694,similar_incident,Implemented 9 for automatic failover. Configured 33-node cluster with quorum of 8. Tested failover scenarios successfully.,,servicenow,0.68,infra-team
INC693,JIRA-657,similar_incident,Promoted replica to primary and rebuilt read replica from backup. Verified data consistency using checksums. Recovery completed within RTO of 9 minutes.,,jira,0.71,observability-team
INC694,SNOW695,similar_incident,Fixed 9 timeout by increasing connection timeout to 47s and implementing circuit breaker pattern. Also added health check monitoring.,,servicenow,0.72,infra-team
INC694,SNOW696,similar_incident,Fixed 6 timeout by increasing connection timeout to 77s and implementing circuit breaker pattern. Also added health check monitoring.,,servicenow,0.95,payments-team
INC694,SNOW697,similar_incident,Scaled up 11 instances from 62 to 10 pods and optimized query performance by adding database indexes on frequently queried columns. Response times improved from 3s to servicems average.,,servicenow,0.83,observability-team
INC695,SNOW698,similar_incident,Fixed 16 timeout by increasing connection timeout to 53s and implementing circuit breaker pattern. Also added health check monitoring.,,servicenow,0.7,observability-team
INC696,JIRA-658,similar_incident,Promoted replica to primary and rebuilt read replica from backup. Verified data consistency using checksums. Recovery completed within RTO of 18 minutes.,,jira,0.71,dba-team
INC696,JIRA-659,related_change,,Registry storage migration performed,jira,,ops-team
INC696,JIRA-660,related_change,,Redis cluster scaling performed last week,jira,,search-team
INC697,SNOW699,similar_incident,Implemented 18 for automatic failover. Configured 84-node cluster with quorum of 5. Tested failover scenarios successfully.,,servicenow,0.88,devops-team
INC698,JIRA-661,similar_incident,Rolled back to previous 18 version to restore functionality,,jira,0.82,dba-team
INC698,JIRA-662,similar_incident,Manually purged CDN cache and verified asset propagation,,jira,0.8,identity-team
INC698,SNOW700,related_change,,Redis cluster scaling performed last week,servicenow,,platform-team
INC699,JIRA-663,similar_incident,Fixed 17 timeout by increasing connection timeout to 81s and implementing circuit breaker pattern. Also added health check monitoring.,,jira,0.73,search-team
INC700,SNOW701,similar_incident,Promoted replica to primary and rebuilt read replica from backup. Verified data consistency using checksums. Recovery completed within RTO of 12 minutes.,,servicenow,0.74,infra-team
INC700,JIRA-664,related_change,,Registry storage migration performed,jira,,api-team
INC701,SNOW702,similar_incident,Rolled back to previous 17 version to restore functionality,,servicenow,0.94,api-team
INC701,JIRA-665,related_change,,New order notification feature deployed,jira,,security-team
INC702,SNOW703,similar_incident,Promoted replica to primary and rebuilt read replica from backup. Verified data consistency using checksums. Recovery completed within RTO of 11 minutes.,,servicenow,0.88,payments-team
INC702,SNOW704,related_change,,Added new notification templates last sprint,servicenow,,ops-team
INC703,JIRA-666,similar_incident,Restarted 9 pods and cleared corrupted cache layer,,jira,0.7,observability-team
INC703,JIRA-667,related_change,,Added new notification templates last sprint,jira,,identity-team
INC703,SNOW705,related_change,,Automated certificate rotation implementation in progress,servicenow,,devops-team
INC704,JIRA-668,similar_incident,Scaled consumer instances and processed backlog within SLA. Increased from 15 to 94 consumers. Backlog cleared in 8 hours.,,jira,0.78,ops-team
INC705,JIRA-669,similar_incident,Renewed SSL certificates and updated load balancer configuration,,jira,0.7,devops-team
INC706,JIRA-670,similar_incident,Manually purged CDN cache and verified asset propagation,,jira,0.85,api-team
INC706,SNOW706,related_change,,Deployed new product-service version with performance improvements,servicenow,,identity-team
INC706,SNOW707,similar_incident,Scaled up 17 instances from 95 to 5 pods and optimized query performance by adding database indexes on frequently queried columns. Response times improved from 4s to Redisms average.,,servicenow,0.73,platform-team
INC707,SNOW708,similar_incident,Restarted 9 pods and cleared corrupted cache layer,,servicenow,0.94,infra-team
INC707,JIRA-671,related_change,,Fluentd configuration update for new log format,jira,,api-team
INC708,SNOW709,similar_incident,Renewed SSL certificates and updated load balancer configuration,,servicenow,0.93,dba-team
INC708,JIRA-672,related_change,,Added backup OAuth provider configuration,jira,,api-team
INC709,SNOW710,similar_incident,Fixed 8 timeout by increasing connection timeout to 66s and implementing circuit breaker pattern. Also added health check monitoring.,,servicenow,0.89,devops-team
INC710,JIRA-673,similar_incident,Fixed 15 timeout by increasing connection timeout to 65s and implementing circuit breaker pattern. Also added health check monitoring.,,jira,0.91,payments-team
INC710,JIRA-674,related_change,,Registry storage migration performed,jira,,security-team
INC711,SNOW711,similar_incident,Rolled back to previous 8 version to restore functionality,,servicenow,0.93,observability-team
INC711,SNOW712,similar_incident,Scaled consumer instances and processed backlog within SLA. Increased from 13 to 94 consumers. Backlog cleared in 3 hours.,,servicenow,0.87,security-team
INC712,JIRA-675,similar_incident,Manually purged CDN cache and verified asset propagation,,jira,0.79,dba-team
INC712,JIRA-676,related_change,,Heavy batch job scheduled during peak hours,jira,,platform-team
INC713,JIRA-677,similar_incident,Renewed SSL certificates and updated load balancer configuration,,jira,0.72,identity-team
INC714,SNOW713,similar_incident,Manually purged CDN cache and verified asset propagation,,servicenow,0.68,payments-team
INC714,SNOW714,related_change,,Deployed new checkout-service version with performance improvements,servicenow,,api-team
INC715,SNOW715,similar_incident,Scaled up 17 instances from 61 to 6 pods and optimized query performance by adding database indexes on frequently queried columns. Response times improved from 5s to Redisms average.,,servicenow,0.71,security-team
INC715,SNOW716,related_change,,Automated certificate rotation implementation in progress,servicenow,,platform-team
INC716,JIRA-678,similar_incident,Scaled consumer instances and processed backlog within SLA. Increased from 20 to 56 consumers. Backlog cleared in 6 hours.,,jira,0.66,ops-team
INC717,JIRA-679,similar_incident,Scaled up 6 instances from 39 to 8 pods and optimized query performance by adding database indexes on frequently queried columns. Response times improved from 4s to APIms average.,,jira,0.66,payments-team
INC717,JIRA-680,similar_incident,Scaled up 17 instances from 31 to 6 pods and optimized query performance by adding database indexes on frequently queried columns. Response times improved from 5s to APIms average.,,jira,0.89,api-team
INC717,SNOW717,related_change,,Heavy batch job scheduled during peak hours,servicenow,,security-team
INC718,SNOW718,similar_incident,Fixed 18 timeout by increasing connection timeout to 83s and implementing circuit breaker pattern. Also added health check monitoring.,,servicenow,0.88,api-team
INC719,SNOW719,similar_incident,Rolled back to previous 14 version to restore functionality,,servicenow,0.93,devops-team
INC720,JIRA-681,similar_incident,Renewed SSL certificates and updated load balancer configuration,,jira,0.73,infra-team
INC720,SNOW720,similar_incident,Rolled back to previous 15 version to restore functionality,,servicenow,0.83,ops-team
INC721,SNOW721,similar_incident,Restarted 8 pods and cleared corrupted cache layer,,servicenow,0.75,security-team
INC721,JIRA-682,similar_incident,Scaled up 20 instances from 44 to 5 pods and optimized query performance by adding database indexes on frequently queried columns. Response times improved from 2s to Redisms average.,,jira,0.86,payments-team
INC721,SNOW722,similar_incident,Implemented 19 for automatic failover. Configured 30-node cluster with quorum of 4. Tested failover scenarios successfully.,,servicenow,0.74,devops-team
INC722,SNOW723,similar_incident,Renewed SSL certificates and updated load balancer configuration,,servicenow,0.79,search-team
INC723,JIRA-683,similar_incident,Promoted replica to primary and rebuilt read replica from backup. Verified data consistency using checksums. Recovery completed within RTO of 9 minutes.,,jira,0.8,ops-team
INC723,JIRA-684,related_change,,Redis cluster scaling performed last week,jira,,infra-team
INC723,JIRA-685,related_change,,Added new notification templates last sprint,jira,,api-team
INC724,SNOW724,similar_incident,Rolled back to previous 7 version to restore functionality,,servicenow,0.85,api-team
INC724,JIRA-686,similar_incident,Manually purged CDN cache and verified asset propagation,,jira,0.96,ops-team
INC724,SNOW725,similar_incident,Fixed 8 timeout by increasing connection timeout to 74s and implementing circuit breaker pattern. Also added health check monitoring.,,servicenow,0.68,ops-team
INC725,SNOW726,similar_incident,Promoted replica to primary and rebuilt read replica from backup. Verified data consistency using checksums. Recovery completed within RTO of 6 minutes.,,servicenow,0.78,infra-team
INC725,JIRA-687,related_change,,Node capacity upgrade scheduled for maintenance window,jira,,identity-team
INC726,JIRA-688,similar_incident,Fixed 20 timeout by increasing connection timeout to 69s and implementing circuit breaker pattern. Also added health check monitoring.,,jira,0.76,ops-team
INC727,SNOW727,similar_incident,Restarted 13 pods and cleared corrupted cache layer,,servicenow,0.84,observability-team
INC727,SNOW728,similar_incident,Increased connection pool size from 16 to 43 connections and added exponential backoff retry logic with max 3 attempts. Monitored for 24 hours and confirmed resolution.,,servicenow,0.94,devops-team
INC728,SNOW729,similar_incident,Promoted replica to primary and rebuilt read replica from backup. Verified data consistency using checksums. Recovery completed within RTO of 16 minutes.,,servicenow,0.85,dba-team
INC728,SNOW730,related_change,,Payment provider SDK upgrade deployed yesterday,servicenow,,infra-team
INC729,JIRA-689,similar_incident,Fixed 16 timeout by increasing connection timeout to 81s and implementing circuit breaker pattern. Also added health check monitoring.,,jira,0.92,observability-team
INC729,JIRA-690,similar_incident,Increased connection pool size from 7 to 67 connections and added exponential backoff retry logic with max 3 attempts. Monitored for 24 hours and confirmed resolution.,,jira,0.96,payments-team
INC730,JIRA-691,similar_incident,Fixed 13 timeout by increasing connection timeout to 35s and implementing circuit breaker pattern. Also added health check monitoring.,,jira,0.65,security-team
INC730,JIRA-692,related_change,,CDN configuration update for cache TTL,jira,,search-team
INC731,SNOW731,similar_incident,Implemented 8 for automatic failover. Configured 92-node cluster with quorum of 4. Tested failover scenarios successfully.,,servicenow,0.8,platform-team
INC731,SNOW732,similar_incident,Renewed SSL certificates and updated load balancer configuration,,servicenow,0.87,api-team
INC731,SNOW733,related_change,,Fluentd configuration update for new log format,servicenow,,devops-team
INC732,SNOW734,similar_incident,Fixed 12 timeout by increasing connection timeout to 48s and implementing circuit breaker pattern. Also added health check monitoring.,,servicenow,0.82,security-team
INC732,JIRA-693,similar_incident,Renewed SSL certificates and updated load balancer configuration,,jira,0.74,platform-team
INC732,JIRA-694,similar_incident,Renewed SSL certificates and updated load balancer configuration,,jira,0.71,devops-team
INC733,JIRA-695,similar_incident,Increased connection pool size from 5 to 64 connections and added exponential backoff retry logic with max 3 attempts. Monitored for 24 hours and confirmed resolution.,,jira,0.79,devops-team
INC733,SNOW735,similar_incident,Promoted replica to primary and rebuilt read replica from backup. Verified data consistency using checksums. Recovery completed within RTO of 8 minutes.,,servicenow,0.71,infra-team
INC733,JIRA-696,similar_incident,Fixed 9 timeout by increasing connection timeout to 30s and implementing circuit breaker pattern. Also added health check monitoring.,,jira,0.87,dba-team
INC734,JIRA-697,similar_incident,Restarted 6 pods and cleared corrupted cache layer,,jira,0.94,platform-team
INC734,SNOW736,similar_incident,Increased connection pool size from 14 to 43 connections and added exponential backoff retry logic with max 3 attempts. Monitored for 24 hours and confirmed resolution.,,servicenow,0.67,devops-team
INC734,JIRA-698,similar_incident,Renewed SSL certificates and updated load balancer configuration,,jira,0.89,dba-team
INC735,JIRA-699,similar_incident,Implemented 20 for automatic failover. Configured 82-node cluster with quorum of 9. Tested failover scenarios successfully.,,jira,0.66,devops-team
INC736,SNOW737,similar_incident,Increased connection pool size from 17 to 58 connections and added exponential backoff retry logic with max 3 attempts. Monitored for 24 hours and confirmed resolution.,,servicenow,0.86,ops-team
INC737,JIRA-700,similar_incident,Renewed SSL certificates and updated load balancer configuration,,jira,0.83,security-team
INC738,SNOW738,similar_incident,Scaled up 12 instances from 86 to 6 pods and optimized query performance by adding database indexes on frequently queried columns. Response times improved from 2s to databasems average.,,servicenow,0.83,identity-team
INC739,JIRA-701,similar_incident,Renewed SSL certificates and updated load balancer configuration,,jira,0.75,api-team
INC739,JIRA-702,related_change,,Registry storage migration performed,jira,,platform-team
INC740,JIRA-703,similar_incident,Increased connection pool size from 13 to 53 connections and added exponential backoff retry logic with max 3 attempts. Monitored for 24 hours and confirmed resolution.,,jira,0.83,payments-team
INC740,SNOW739,related_change,,Node capacity upgrade scheduled for maintenance window,servicenow,,infra-team
INC741,JIRA-704,similar_incident,Increased connection pool size from 17 to 38 connections and added exponential backoff retry logic with max 3 attempts. Monitored for 24 hours and confirmed resolution.,,jira,0.79,identity-team
INC742,JIRA-705,similar_incident,Implemented 16 for automatic failover. Configured 86-node cluster with quorum of 2. Tested failover scenarios successfully.,,jira,0.69,identity-team
INC743,SNOW740,similar_incident,Rolled back to previous 18 version to restore functionality,,servicenow,0.69,dba-team
INC743,SNOW741,similar_incident,Renewed SSL certificates and updated load balancer configuration,,servicenow,0.74,ops-team
INC744,JIRA-706,similar_incident,Manually purged CDN cache and verified asset propagation,,jira,0.84,identity-team
INC744,JIRA-707,related_change,,Automated certificate rotation implementation in progress,jira,,platform-team
INC745,JIRA-708,similar_incident,Restarted 10 pods and cleared corrupted cache layer,,jira,0.72,infra-team
INC745,SNOW742,related_change,,Payment provider SDK upgrade deployed yesterday,servicenow,,platform-team
INC746,JIRA-709,similar_incident,Renewed SSL certificates and updated load balancer configuration,,jira,0.65,platform-team
INC747,JIRA-710,similar_incident,Scaled up 19 instances from 46 to 6 pods and optimized query performance by adding database indexes on frequently queried columns. Response times improved from 1s to gatewayms average.,,jira,0.73,search-team
INC748,SNOW743,similar_incident,Promoted replica to primary and rebuilt read replica from backup. Verified data consistency using checksums. Recovery completed within RTO of 15 minutes.,,servicenow,0.77,security-team
INC748,JIRA-711,related_change,,Database migration completed last week,jira,,observability-team
INC749,JIRA-712,similar_incident,Fixed 16 timeout by increasing connection timeout to 87s and implementing circuit breaker pattern. Also added health check monitoring.,,jira,0.85,dba-team
INC750,JIRA-713,similar_incident,Manually purged CDN cache and verified asset propagation,,jira,0.74,ops-team
INC750,SNOW744,similar_incident,Scaled up 15 instances from 98 to 4 pods and optimized query performance by adding database indexes on frequently queried columns. Response times improved from 5s to databasems average.,,servicenow,0.66,infra-team
INC750,SNOW745,similar_incident,Manually purged CDN cache and verified asset propagation,,servicenow,0.78,security-team
INC751,SNOW746,similar_incident,Restarted 10 pods and cleared corrupted cache layer,,servicenow,0.69,dba-team
INC752,SNOW747,similar_incident,Implemented 7 for automatic failover. Configured 82-node cluster with quorum of 9. Tested failover scenarios successfully.,,servicenow,0.76,payments-team
INC753,SNOW748,similar_incident,Scaled consumer instances and processed backlog within SLA. Increased from 17 to 56 consumers. Backlog cleared in 9 hours.,,servicenow,0.96,ops-team
INC754,SNOW749,similar_incident,Rolled back to previous 8 version to restore functionality,,servicenow,0.81,payments-team
INC754,JIRA-714,similar_incident,Fixed 9 timeout by increasing connection timeout to 35s and implementing circuit breaker pattern. Also added health check monitoring.,,jira,0.68,devops-team
INC755,SNOW750,similar_incident,Rolled back to previous 16 version to restore functionality,,servicenow,0.84,api-team
INC756,SNOW751,similar_incident,Increased connection pool size from 10 to 73 connections and added exponential backoff retry logic with max 3 attempts. Monitored for 24 hours and confirmed resolution.,,servicenow,0.71,observability-team
INC757,JIRA-715,similar_incident,Implemented 20 for automatic failover. Configured 38-node cluster with quorum of 10. Tested failover scenarios successfully.,,jira,0.75,ops-team
INC757,JIRA-716,similar_incident,Rolled back to previous 5 version to restore functionality,,jira,0.68,identity-team
INC758,JIRA-717,similar_incident,Restarted 7 pods and cleared corrupted cache layer,,jira,0.88,dba-team
INC758,SNOW752,related_change,,Database migration completed last week,servicenow,,payments-team
INC759,SNOW753,similar_incident,Manually purged CDN cache and verified asset propagation,,servicenow,0.74,devops-team
INC759,JIRA-718,similar_incident,Manually purged CDN cache and verified asset propagation,,jira,0.87,security-team
INC759,SNOW754,similar_incident,Restarted 20 pods and cleared corrupted cache layer,,servicenow,0.76,observability-team
INC760,JIRA-719,similar_incident,Scaled consumer instances and processed backlog within SLA. Increased from 7 to 46 consumers. Backlog cleared in 2 hours.,,jira,0.68,api-team
INC760,JIRA-720,related_change,,CDN configuration update for cache TTL,jira,,infra-team
INC760,SNOW755,related_change,,Heavy batch job scheduled during peak hours,servicenow,,observability-team
INC761,SNOW756,similar_incident,Fixed 9 timeout by increasing connection timeout to 61s and implementing circuit breaker pattern. Also added health check monitoring.,,servicenow,0.84,api-team
INC762,JIRA-721,similar_incident,Increased connection pool size from 17 to 91 connections and added exponential backoff retry logic with max 3 attempts. Monitored for 24 hours and confirmed resolution.,,jira,0.69,identity-team
INC762,SNOW757,related_change,,Deployed new reporting-service version with performance improvements,servicenow,,platform-team
INC762,JIRA-722,similar_incident,Scaled up 9 instances from 78 to 10 pods and optimized query performance by adding database indexes on frequently queried columns. Response times improved from 3s to APIms average.,,jira,0.78,ops-team
INC763,SNOW758,similar_incident,Scaled up 14 instances from 49 to 6 pods and optimized query performance by adding database indexes on frequently queried columns. Response times improved from 2s to Redisms average.,,servicenow,0.66,dba-team
INC763,SNOW759,related_change,,Fluentd configuration update for new log format,servicenow,,platform-team
INC764,SNOW760,similar_incident,Manually purged CDN cache and verified asset propagation,,servicenow,0.88,devops-team
INC764,SNOW761,similar_incident,Scaled up 11 instances from 48 to 6 pods and optimized query performance by adding database indexes on frequently queried columns. Response times improved from 4s to gatewayms average.,,servicenow,0.85,payments-team
INC765,JIRA-723,similar_incident,Scaled consumer instances and processed backlog within SLA. Increased from 11 to 46 consumers. Backlog cleared in 9 hours.,,jira,0.8,infra-team
INC765,SNOW762,related_change,,Redis cluster scaling performed last week,servicenow,,platform-team
INC765,JIRA-724,similar_incident,Promoted replica to primary and rebuilt read replica from backup. Verified data consistency using checksums. Recovery completed within RTO of 11 minutes.,,jira,0.89,security-team
INC766,SNOW763,similar_incident,Scaled consumer instances and processed backlog within SLA. Increased from 16 to 50 consumers. Backlog cleared in 8 hours.,,servicenow,0.78,api-team
INC766,SNOW764,related_change,,Deployed new rate-limiter version with performance improvements,servicenow,,dba-team
INC766,SNOW765,related_change,,Payment provider SDK upgrade deployed yesterday,servicenow,,infra-team
INC767,JIRA-725,similar_incident,Promoted replica to primary and rebuilt read replica from backup. Verified data consistency using checksums. Recovery completed within RTO of 12 minutes.,,jira,0.94,infra-team
INC767,JIRA-726,related_change,,Redis cluster scaling performed last week,jira,,ops-team
INC768,JIRA-727,similar_incident,Renewed SSL certificates and updated load balancer configuration,,jira,0.74,platform-team
INC768,JIRA-728,similar_incident,Fixed 13 timeout by increasing connection timeout to 66s and implementing circuit breaker pattern. Also added health check monitoring.,,jira,0.78,identity-team
INC769,JIRA-729,similar_incident,Increased connection pool size from 18 to 46 connections and added exponential backoff retry logic with max 3 attempts. Monitored for 24 hours and confirmed resolution.,,jira,0.94,identity-team
INC770,SNOW766,similar_incident,Increased connection pool size from 18 to 46 connections and added exponential backoff retry logic with max 3 attempts. Monitored for 24 hours and confirmed resolution.,,servicenow,0.84,devops-team
INC771,JIRA-730,similar_incident,Increased connection pool size from 19 to 57 connections and added exponential backoff retry logic with max 3 attempts. Monitored for 24 hours and confirmed resolution.,,jira,0.69,devops-team
INC772,JIRA-731,similar_incident,Scaled consumer instances and processed backlog within SLA. Increased from 16 to 30 consumers. Backlog cleared in 4 hours.,,jira,0.93,infra-team
INC773,SNOW767,similar_incident,Implemented 16 for automatic failover. Configured 93-node cluster with quorum of 9. Tested failover scenarios successfully.,,servicenow,0.92,security-team
INC773,JIRA-732,similar_incident,Restarted 5 pods and cleared corrupted cache layer,,jira,0.68,payments-team
INC774,SNOW768,similar_incident,Rolled back to previous 11 version to restore functionality,,servicenow,0.75,infra-team
INC774,JIRA-733,related_change,,Redis cluster scaling performed last week,jira,,ops-team
INC775,JIRA-734,similar_incident,Increased connection pool size from 17 to 55 connections and added exponential backoff retry logic with max 3 attempts. Monitored for 24 hours and confirmed resolution.,,jira,0.78,devops-team
INC775,SNOW769,similar_incident,Scaled up 9 instances from 49 to 2 pods and optimized query performance by adding database indexes on frequently queried columns. Response times improved from 1s to APIms average.,,servicenow,0.81,infra-team
INC775,JIRA-735,similar_incident,Scaled consumer instances and processed backlog within SLA. Increased from 13 to 99 consumers. Backlog cleared in 5 hours.,,jira,0.91,dba-team
INC776,JIRA-736,similar_incident,Increased connection pool size from 10 to 99 connections and added exponential backoff retry logic with max 3 attempts. Monitored for 24 hours and confirmed resolution.,,jira,0.77,payments-team
INC776,JIRA-737,related_change,,Added backup OAuth provider configuration,jira,,devops-team
INC776,JIRA-738,related_change,,Rate limiting threshold adjustment for new API tier,jira,,identity-team
INC777,SNOW770,similar_incident,Increased connection pool size from 16 to 83 connections and added exponential backoff retry logic with max 3 attempts. Monitored for 24 hours and confirmed resolution.,,servicenow,0.92,ops-team
INC777,SNOW771,related_change,,Added backup OAuth provider configuration,servicenow,,devops-team
INC777,JIRA-739,similar_incident,Manually purged CDN cache and verified asset propagation,,jira,0.94,devops-team
INC778,SNOW772,similar_incident,Increased connection pool size from 7 to 43 connections and added exponential backoff retry logic with max 3 attempts. Monitored for 24 hours and confirmed resolution.,,servicenow,0.8,infra-team
INC778,SNOW773,similar_incident,Rolled back to previous 6 version to restore functionality,,servicenow,0.67,payments-team
INC779,SNOW774,similar_incident,Promoted replica to primary and rebuilt read replica from backup. Verified data consistency using checksums. Recovery completed within RTO of 17 minutes.,,servicenow,0.91,api-team
INC780,SNOW775,similar_incident,Implemented 11 for automatic failover. Configured 91-node cluster with quorum of 6. Tested failover scenarios successfully.,,servicenow,0.81,search-team
INC781,SNOW776,similar_incident,Manually purged CDN cache and verified asset propagation,,servicenow,0.85,api-team
INC782,JIRA-740,similar_incident,Renewed SSL certificates and updated load balancer configuration,,jira,0.94,platform-team
INC783,JIRA-741,similar_incident,Restarted 8 pods and cleared corrupted cache layer,,jira,0.68,search-team
INC783,SNOW777,similar_incident,Restarted 8 pods and cleared corrupted cache layer,,servicenow,0.87,payments-team
INC784,SNOW778,similar_incident,Scaled up 16 instances from 96 to 8 pods and optimized query performance by adding database indexes on frequently queried columns. Response times improved from 4s to APIms average.,,servicenow,0.68,dba-team
INC784,JIRA-742,related_change,,Elasticsearch cluster version upgrade deployed,jira,,search-team
INC785,SNOW779,similar_incident,Rolled back to previous 10 version to restore functionality,,servicenow,0.92,infra-team
INC785,JIRA-743,similar_incident,Promoted replica to primary and rebuilt read replica from backup. Verified data consistency using checksums. Recovery completed within RTO of 11 minutes.,,jira,0.76,observability-team
INC786,JIRA-744,similar_incident,Fixed 16 timeout by increasing connection timeout to 61s and implementing circuit breaker pattern. Also added health check monitoring.,,jira,0.85,dba-team
INC786,SNOW780,related_change,,Payment provider SDK upgrade deployed yesterday,servicenow,,dba-team
INC787,JIRA-745,similar_incident,Fixed 8 timeout by increasing connection timeout to 89s and implementing circuit breaker pattern. Also added health check monitoring.,,jira,0.67,infra-team
INC787,JIRA-746,related_change,,Rate limiting threshold adjustment for new API tier,jira,,infra-team
INC788,JIRA-747,similar_incident,Renewed SSL certificates and updated load balancer configuration,,jira,0.8,observability-team
INC788,SNOW781,similar_incident,Rolled back to previous 5 version to restore functionality,,servicenow,0.93,api-team
INC789,SNOW782,similar_incident,Restarted 17 pods and cleared corrupted cache layer,,servicenow,0.67,platform-team
INC789,JIRA-748,similar_incident,Fixed 15 timeout by increasing connection timeout to 46s and implementing circuit breaker pattern. Also added health check monitoring.,,jira,0.68,platform-team
INC790,SNOW783,similar_incident,Renewed SSL certificates and updated load balancer configuration,,servicenow,0.79,platform-team
INC791,SNOW784,similar_incident,Renewed SSL certificates and updated load balancer configuration,,servicenow,0.93,api-team
INC792,SNOW785,similar_incident,Increased connection pool size from 19 to 58 connections and added exponential backoff retry logic with max 3 attempts. Monitored for 24 hours and confirmed resolution.,,servicenow,0.8,identity-team
INC792,SNOW786,similar_incident,Renewed SSL certificates and updated load balancer configuration,,servicenow,0.74,search-team
INC793,SNOW787,similar_incident,Restarted 17 pods and cleared corrupted cache layer,,servicenow,0.79,payments-team
INC793,SNOW788,similar_incident,Scaled up 6 instances from 48 to 6 pods and optimized query performance by adding database indexes on frequently queried columns. Response times improved from 2s to servicems average.,,servicenow,0.86,api-team
INC794,SNOW789,similar_incident,Increased connection pool size from 16 to 91 connections and added exponential backoff retry logic with max 3 attempts. Monitored for 24 hours and confirmed resolution.,,servicenow,0.91,security-team
INC794,JIRA-749,similar_incident,Manually purged CDN cache and verified asset propagation,,jira,0.83,security-team
INC795,SNOW790,similar_incident,Scaled consumer instances and processed backlog within SLA. Increased from 16 to 85 consumers. Backlog cleared in 7 hours.,,servicenow,0.78,platform-team
INC795,SNOW791,related_change,,CDN configuration update for cache TTL,servicenow,,infra-team
INC796,SNOW792,similar_incident,Implemented 13 for automatic failover. Configured 32-node cluster with quorum of 2. Tested failover scenarios successfully.,,servicenow,0.7,identity-team
INC797,SNOW793,similar_incident,Scaled consumer instances and processed backlog within SLA. Increased from 16 to 55 consumers. Backlog cleared in 9 hours.,,servicenow,0.69,observability-team
INC797,SNOW794,similar_incident,Implemented 12 for automatic failover. Configured 31-node cluster with quorum of 9. Tested failover scenarios successfully.,,servicenow,0.8,devops-team
INC798,JIRA-750,similar_incident,Increased connection pool size from 8 to 72 connections and added exponential backoff retry logic with max 3 attempts. Monitored for 24 hours and confirmed resolution.,,jira,0.93,search-team
INC799,SNOW795,similar_incident,Scaled up 6 instances from 38 to 8 pods and optimized query performance by adding database indexes on frequently queried columns. Response times improved from 2s to databasems average.,,servicenow,0.66,observability-team
INC799,SNOW796,similar_incident,Scaled consumer instances and processed backlog within SLA. Increased from 16 to 56 consumers. Backlog cleared in 6 hours.,,servicenow,0.79,ops-team
INC800,SNOW797,similar_incident,Rolled back to previous 15 version to restore functionality,,servicenow,0.8,observability-team
INC800,SNOW798,similar_incident,Scaled up 14 instances from 81 to 9 pods and optimized query performance by adding database indexes on frequently queried columns. Response times improved from 5s to Redisms average.,,servicenow,0.77,dba-team
INC800,JIRA-751,related_change,,Fluentd configuration update for new log format,jira,,observability-team
INC801,SNOW799,similar_incident,Fixed 5 timeout by increasing connection timeout to 56s and implementing circuit breaker pattern. Also added health check monitoring.,,servicenow,0.78,payments-team
INC801,SNOW800,similar_incident,Implemented 17 for automatic failover. Configured 98-node cluster with quorum of 7. Tested failover scenarios successfully.,,servicenow,0.96,infra-team
INC802,SNOW801,similar_incident,Implemented 5 for automatic failover. Configured 35-node cluster with quorum of 2. Tested failover scenarios successfully.,,servicenow,0.77,security-team
INC802,SNOW802,similar_incident,Implemented 17 for automatic failover. Configured 32-node cluster with quorum of 7. Tested failover scenarios successfully.,,servicenow,0.82,ops-team
INC803,JIRA-752,similar_incident,Rolled back to previous 9 version to restore functionality,,jira,0.92,observability-team
INC803,SNOW803,similar_incident,Promoted replica to primary and rebuilt read replica from backup. Verified data consistency using checksums. Recovery completed within RTO of 18 minutes.,,servicenow,0.68,security-team
INC804,SNOW804,similar_incident,Increased connection pool size from 6 to 97 connections and added exponential backoff retry logic with max 3 attempts. Monitored for 24 hours and confirmed resolution.,,servicenow,0.81,payments-team
INC805,SNOW805,similar_incident,Implemented 6 for automatic failover. Configured 52-node cluster with quorum of 10. Tested failover scenarios successfully.,,servicenow,0.67,observability-team
INC805,SNOW806,similar_incident,Manually purged CDN cache and verified asset propagation,,servicenow,0.88,observability-team
INC805,SNOW807,related_change,,New order notification feature deployed,servicenow,,infra-team
INC806,JIRA-753,similar_incident,Scaled consumer instances and processed backlog within SLA. Increased from 18 to 41 consumers. Backlog cleared in 5 hours.,,jira,0.82,security-team
INC807,SNOW808,similar_incident,Renewed SSL certificates and updated load balancer configuration,,servicenow,0.89,platform-team
INC807,SNOW809,similar_incident,Fixed 18 timeout by increasing connection timeout to 96s and implementing circuit breaker pattern. Also added health check monitoring.,,servicenow,0.89,platform-team
INC807,JIRA-754,related_change,,Fluentd configuration update for new log format,jira,,identity-team
INC808,JIRA-755,similar_incident,Rolled back to previous 7 version to restore functionality,,jira,0.86,api-team
INC809,SNOW810,similar_incident,Increased connection pool size from 18 to 93 connections and added exponential backoff retry logic with max 3 attempts. Monitored for 24 hours and confirmed resolution.,,servicenow,0.81,devops-team
INC809,SNOW811,similar_incident,Renewed SSL certificates and updated load balancer configuration,,servicenow,0.83,api-team
INC809,SNOW812,related_change,,Payment provider SDK upgrade deployed yesterday,servicenow,,payments-team
INC810,JIRA-756,similar_incident,Manually purged CDN cache and verified asset propagation,,jira,0.72,api-team
INC810,JIRA-757,related_change,,Heavy batch job scheduled during peak hours,jira,,search-team
INC810,SNOW813,similar_incident,Scaled consumer instances and processed backlog within SLA. Increased from 20 to 84 consumers. Backlog cleared in 9 hours.,,servicenow,0.8,observability-team
INC811,SNOW814,similar_incident,Scaled consumer instances and processed backlog within SLA. Increased from 12 to 85 consumers. Backlog cleared in 10 hours.,,servicenow,0.68,infra-team
INC812,JIRA-758,similar_incident,Fixed 19 timeout by increasing connection timeout to 81s and implementing circuit breaker pattern. Also added health check monitoring.,,jira,0.78,security-team
INC812,JIRA-759,related_change,,CDN configuration update for cache TTL,jira,,infra-team
INC812,SNOW815,similar_incident,Restarted 17 pods and cleared corrupted cache layer,,servicenow,0.82,api-team
INC813,SNOW816,similar_incident,Restarted 14 pods and cleared corrupted cache layer,,servicenow,0.69,infra-team
INC813,JIRA-760,related_change,,Elasticsearch cluster version upgrade deployed,jira,,ops-team
INC813,JIRA-761,similar_incident,Scaled consumer instances and processed backlog within SLA. Increased from 15 to 93 consumers. Backlog cleared in 8 hours.,,jira,0.91,dba-team
INC814,JIRA-762,similar_incident,Renewed SSL certificates and updated load balancer configuration,,jira,0.66,search-team
INC814,SNOW817,similar_incident,Implemented 8 for automatic failover. Configured 86-node cluster with quorum of 3. Tested failover scenarios successfully.,,servicenow,0.82,platform-team
INC814,SNOW818,similar_incident,Fixed 16 timeout by increasing connection timeout to 80s and implementing circuit breaker pattern. Also added health check monitoring.,,servicenow,0.79,observability-team
INC815,SNOW819,similar_incident,Implemented 18 for automatic failover. Configured 35-node cluster with quorum of 2. Tested failover scenarios successfully.,,servicenow,0.87,payments-team
INC815,SNOW820,related_change,,Automated certificate rotation implementation in progress,servicenow,,identity-team
INC815,SNOW821,related_change,,CDN configuration update for cache TTL,servicenow,,platform-team
INC816,JIRA-763,similar_incident,Restarted 6 pods and cleared corrupted cache layer,,jira,0.66,payments-team
INC816,SNOW822,similar_incident,Promoted replica to primary and rebuilt read replica from backup. Verified data consistency using checksums. Recovery completed within RTO of 5 minutes.,,servicenow,0.74,security-team
INC817,SNOW823,similar_incident,Scaled consumer instances and processed backlog within SLA. Increased from 16 to 49 consumers. Backlog cleared in 4 hours.,,servicenow,0.78,platform-team
INC817,SNOW824,similar_incident,Renewed SSL certificates and updated load balancer configuration,,servicenow,0.65,ops-team
INC817,SNOW825,similar_incident,Increased connection pool size from 20 to 55 connections and added exponential backoff retry logic with max 3 attempts. Monitored for 24 hours and confirmed resolution.,,servicenow,0.93,devops-team
INC818,JIRA-764,similar_incident,Fixed 13 timeout by increasing connection timeout to 87s and implementing circuit breaker pattern. Also added health check monitoring.,,jira,0.74,payments-team
INC818,SNOW826,related_change,,Elasticsearch cluster version upgrade deployed,servicenow,,dba-team
INC818,SNOW827,related_change,,Automated certificate rotation implementation in progress,servicenow,,search-team
INC819,JIRA-765,similar_incident,Scaled consumer instances and processed backlog within SLA. Increased from 20 to 62 consumers. Backlog cleared in 2 hours.,,jira,0.89,payments-team
INC819,JIRA-766,related_change,,Automated certificate rotation implementation in progress,jira,,payments-team
INC820,SNOW828,similar_incident,Implemented 15 for automatic failover. Configured 38-node cluster with quorum of 6. Tested failover scenarios successfully.,,servicenow,0.95,observability-team
INC820,JIRA-767,related_change,,Rate limiting threshold adjustment for new API tier,jira,,api-team
INC821,SNOW829,similar_incident,Implemented 11 for automatic failover. Configured 67-node cluster with quorum of 10. Tested failover scenarios successfully.,,servicenow,0.94,payments-team
INC821,SNOW830,related_change,,Fluentd configuration update for new log format,servicenow,,search-team
INC821,JIRA-768,similar_incident,Scaled consumer instances and processed backlog within SLA. Increased from 17 to 68 consumers. Backlog cleared in 10 hours.,,jira,0.66,platform-team
INC822,JIRA-769,similar_incident,Restarted 16 pods and cleared corrupted cache layer,,jira,0.74,infra-team
INC822,SNOW831,related_change,,Registry storage migration performed,servicenow,,search-team
INC822,SNOW832,related_change,,Automated certificate rotation implementation in progress,servicenow,,security-team
INC823,JIRA-770,similar_incident,Manually purged CDN cache and verified asset propagation,,jira,0.86,security-team
INC824,SNOW833,similar_incident,Promoted replica to primary and rebuilt read replica from backup. Verified data consistency using checksums. Recovery completed within RTO of 5 minutes.,,servicenow,0.83,search-team
INC824,JIRA-771,related_change,,Elasticsearch cluster version upgrade deployed,jira,,infra-team
INC824,SNOW834,similar_incident,Increased connection pool size from 19 to 55 connections and added exponential backoff retry logic with max 3 attempts. Monitored for 24 hours and confirmed resolution.,,servicenow,0.83,observability-team
INC825,JIRA-772,similar_incident,Restarted 12 pods and cleared corrupted cache layer,,jira,0.85,ops-team
INC825,JIRA-773,similar_incident,Rolled back to previous 5 version to restore functionality,,jira,0.96,payments-team
INC825,SNOW835,related_change,,Database migration completed last week,servicenow,,payments-team
INC826,SNOW836,similar_incident,Increased connection pool size from 14 to 73 connections and added exponential backoff retry logic with max 3 attempts. Monitored for 24 hours and confirmed resolution.,,servicenow,0.75,identity-team
INC826,JIRA-774,similar_incident,Scaled up 9 instances from 89 to 6 pods and optimized query performance by adding database indexes on frequently queried columns. Response times improved from 2s to servicems average.,,jira,0.84,api-team
INC826,JIRA-775,similar_incident,Scaled up 8 instances from 44 to 4 pods and optimized query performance by adding database indexes on frequently queried columns. Response times improved from 2s to gatewayms average.,,jira,0.66,payments-team
INC827,JIRA-776,similar_incident,Promoted replica to primary and rebuilt read replica from backup. Verified data consistency using checksums. Recovery completed within RTO of 10 minutes.,,jira,0.91,search-team
INC828,SNOW837,similar_incident,Promoted replica to primary and rebuilt read replica from backup. Verified data consistency using checksums. Recovery completed within RTO of 8 minutes.,,servicenow,0.81,dba-team
INC828,JIRA-777,related_change,,Automated certificate rotation implementation in progress,jira,,api-team
INC829,SNOW838,similar_incident,Implemented 18 for automatic failover. Configured 35-node cluster with quorum of 3. Tested failover scenarios successfully.,,servicenow,0.68,platform-team
INC829,JIRA-778,related_change,,Node capacity upgrade scheduled for maintenance window,jira,,payments-team
INC830,JIRA-779,similar_incident,Rolled back to previous 19 version to restore functionality,,jira,0.82,search-team
INC830,SNOW839,related_change,,Elasticsearch cluster version upgrade deployed,servicenow,,observability-team
INC831,SNOW840,similar_incident,Restarted 13 pods and cleared corrupted cache layer,,servicenow,0.91,search-team
INC832,JIRA-780,similar_incident,Fixed 18 timeout by increasing connection timeout to 62s and implementing circuit breaker pattern. Also added health check monitoring.,,jira,0.81,payments-team
INC832,SNOW841,related_change,,Redis cluster scaling performed last week,servicenow,,search-team
INC833,SNOW842,similar_incident,Manually purged CDN cache and verified asset propagation,,servicenow,0.84,search-team
INC834,JIRA-781,similar_incident,Manually purged CDN cache and verified asset propagation,,jira,0.72,observability-team
INC835,JIRA-782,similar_incident,Rolled back to previous 5 version to restore functionality,,jira,0.94,security-team
INC835,JIRA-783,related_change,,Database migration completed last week,jira,,security-team
INC835,JIRA-784,similar_incident,Fixed 18 timeout by increasing connection timeout to 86s and implementing circuit breaker pattern. Also added health check monitoring.,,jira,0.74,security-team
INC836,SNOW843,similar_incident,Implemented 16 for automatic failover. Configured 41-node cluster with quorum of 6. Tested failover scenarios successfully.,,servicenow,0.76,devops-team
INC837,JIRA-785,similar_incident,Implemented 16 for automatic failover. Configured 35-node cluster with quorum of 4. Tested failover scenarios successfully.,,jira,0.68,search-team
INC838,SNOW844,similar_incident,Restarted 16 pods and cleared corrupted cache layer,,servicenow,0.84,platform-team
INC838,SNOW845,similar_incident,Promoted replica to primary and rebuilt read replica from backup. Verified data consistency using checksums. Recovery completed within RTO of 14 minutes.,,servicenow,0.81,dba-team
INC839,SNOW846,similar_incident,Implemented 12 for automatic failover. Configured 85-node cluster with quorum of 7. Tested failover scenarios successfully.,,servicenow,0.86,infra-team
INC839,SNOW847,related_change,,Elasticsearch cluster version upgrade deployed,servicenow,,observability-team
INC839,SNOW848,similar_incident,Promoted replica to primary and rebuilt read replica from backup. Verified data consistency using checksums. Recovery completed within RTO of 5 minutes.,,servicenow,0.84,devops-team
INC840,JIRA-786,similar_incident,Scaled up 19 instances from 57 to 4 pods and optimized query performance by adding database indexes on frequently queried columns. Response times improved from 5s to Redisms average.,,jira,0.69,ops-team
INC840,SNOW849,similar_incident,Renewed SSL certificates and updated load balancer configuration,,servicenow,0.8,security-team
INC841,SNOW850,similar_incident,Fixed 8 timeout by increasing connection timeout to 100s and implementing circuit breaker pattern. Also added health check monitoring.,,servicenow,0.89,payments-team
INC841,JIRA-787,similar_incident,Restarted 18 pods and cleared corrupted cache layer,,jira,0.83,observability-team
INC841,JIRA-788,related_change,,Database migration completed last week,jira,,api-team
INC842,JIRA-789,similar_incident,Promoted replica to primary and rebuilt read replica from backup. Verified data consistency using checksums. Recovery completed within RTO of 7 minutes.,,jira,0.75,devops-team
INC842,SNOW851,similar_incident,Increased connection pool size from 9 to 78 connections and added exponential backoff retry logic with max 3 attempts. Monitored for 24 hours and confirmed resolution.,,servicenow,0.82,observability-team
INC843,SNOW852,similar_incident,Implemented 16 for automatic failover. Configured 37-node cluster with quorum of 4. Tested failover scenarios successfully.,,servicenow,0.77,ops-team
INC844,SNOW853,similar_incident,Rolled back to previous 6 version to restore functionality,,servicenow,0.78,observability-team
INC844,JIRA-790,related_change,,Automated certificate rotation implementation in progress,jira,,search-team
INC845,SNOW854,similar_incident,Renewed SSL certificates and updated load balancer configuration,,servicenow,0.87,platform-team
INC845,SNOW855,similar_incident,Scaled consumer instances and processed backlog within SLA. Increased from 8 to 35 consumers. Backlog cleared in 3 hours.,,servicenow,0.79,observability-team
INC845,SNOW856,similar_incident,Promoted replica to primary and rebuilt read replica from backup. Verified data consistency using checksums. Recovery completed within RTO of 8 minutes.,,servicenow,0.68,infra-team
INC846,SNOW857,similar_incident,Fixed 5 timeout by increasing connection timeout to 42s and implementing circuit breaker pattern. Also added health check monitoring.,,servicenow,0.76,dba-team
INC846,SNOW858,similar_incident,Increased connection pool size from 11 to 39 connections and added exponential backoff retry logic with max 3 attempts. Monitored for 24 hours and confirmed resolution.,,servicenow,0.78,security-team
INC847,SNOW859,similar_incident,Rolled back to previous 7 version to restore functionality,,servicenow,0.79,identity-team
INC847,JIRA-791,related_change,,Redis cluster scaling performed last week,jira,,search-team
INC848,SNOW860,similar_incident,Increased connection pool size from 6 to 32 connections and added exponential backoff retry logic with max 3 attempts. Monitored for 24 hours and confirmed resolution.,,servicenow,0.87,platform-team
INC848,SNOW861,similar_incident,Restarted 5 pods and cleared corrupted cache layer,,servicenow,0.82,platform-team
INC849,JIRA-792,similar_incident,Scaled up 10 instances from 57 to 9 pods and optimized query performance by adding database indexes on frequently queried columns. Response times improved from 1s to APIms average.,,jira,0.68,ops-team
INC850,SNOW862,similar_incident,Manually purged CDN cache and verified asset propagation,,servicenow,0.73,observability-team
INC851,JIRA-793,similar_incident,Promoted replica to primary and rebuilt read replica from backup. Verified data consistency using checksums. Recovery completed within RTO of 13 minutes.,,jira,0.84,ops-team
INC851,JIRA-794,related_change,,Redis cluster scaling performed last week,jira,,devops-team
INC851,SNOW863,similar_incident,Restarted 18 pods and cleared corrupted cache layer,,servicenow,0.88,devops-team
INC852,JIRA-795,similar_incident,Fixed 18 timeout by increasing connection timeout to 60s and implementing circuit breaker pattern. Also added health check monitoring.,,jira,0.88,observability-team
INC853,JIRA-796,similar_incident,Renewed SSL certificates and updated load balancer configuration,,jira,0.72,ops-team
INC853,SNOW864,related_change,,Node capacity upgrade scheduled for maintenance window,servicenow,,api-team
INC854,SNOW865,similar_incident,Restarted 8 pods and cleared corrupted cache layer,,servicenow,0.91,dba-team
INC854,SNOW866,similar_incident,Fixed 11 timeout by increasing connection timeout to 66s and implementing circuit breaker pattern. Also added health check monitoring.,,servicenow,0.89,observability-team
INC855,SNOW867,similar_incident,Restarted 18 pods and cleared corrupted cache layer,,servicenow,0.67,payments-team
INC855,JIRA-797,related_change,,Registry storage migration performed,jira,,security-team
INC856,JIRA-798,similar_incident,Fixed 8 timeout by increasing connection timeout to 77s and implementing circuit breaker pattern. Also added health check monitoring.,,jira,0.68,devops-team
INC857,JIRA-799,similar_incident,Rolled back to previous 18 version to restore functionality,,jira,0.75,payments-team
INC857,JIRA-800,related_change,,Rate limiting threshold adjustment for new API tier,jira,,payments-team
INC858,SNOW868,similar_incident,Scaled consumer instances and processed backlog within SLA. Increased from 12 to 30 consumers. Backlog cleared in 2 hours.,,servicenow,0.8,platform-team
INC859,SNOW869,similar_incident,Scaled consumer instances and processed backlog within SLA. Increased from 12 to 40 consumers. Backlog cleared in 7 hours.,,servicenow,0.89,security-team
INC859,SNOW870,similar_incident,Restarted 6 pods and cleared corrupted cache layer,,servicenow,0.67,api-team
INC859,JIRA-801,similar_incident,Scaled consumer instances and processed backlog within SLA. Increased from 9 to 42 consumers. Backlog cleared in 3 hours.,,jira,0.69,search-team
INC860,JIRA-802,similar_incident,Restarted 8 pods and cleared corrupted cache layer,,jira,0.69,devops-team
INC861,JIRA-803,similar_incident,Increased connection pool size from 20 to 72 connections and added exponential backoff retry logic with max 3 attempts. Monitored for 24 hours and confirmed resolution.,,jira,0.85,infra-team
INC861,JIRA-804,related_change,,Added backup OAuth provider configuration,jira,,search-team
INC861,JIRA-805,similar_incident,Promoted replica to primary and rebuilt read replica from backup. Verified data consistency using checksums. Recovery completed within RTO of 10 minutes.,,jira,0.74,dba-team
INC862,JIRA-806,similar_incident,Scaled consumer instances and processed backlog within SLA. Increased from 16 to 96 consumers. Backlog cleared in 3 hours.,,jira,0.86,identity-team
INC862,SNOW871,related_change,,Deployed new database version with performance improvements,servicenow,,infra-team
INC863,JIRA-807,similar_incident,Scaled consumer instances and processed backlog within SLA. Increased from 12 to 42 consumers. Backlog cleared in 8 hours.,,jira,0.83,devops-team
INC864,JIRA-808,similar_incident,Restarted 10 pods and cleared corrupted cache layer,,jira,0.84,ops-team
INC864,SNOW872,related_change,,Rate limiting threshold adjustment for new API tier,servicenow,,infra-team
INC865,SNOW873,similar_incident,Scaled up 11 instances from 97 to 2 pods and optimized query performance by adding database indexes on frequently queried columns. Response times improved from 4s to APIms average.,,servicenow,0.87,identity-team
INC865,SNOW874,similar_incident,Increased connection pool size from 20 to 39 connections and added exponential backoff retry logic with max 3 attempts. Monitored for 24 hours and confirmed resolution.,,servicenow,0.9,dba-team
INC865,SNOW875,similar_incident,Scaled consumer instances and processed backlog within SLA. Increased from 12 to 54 consumers. Backlog cleared in 8 hours.,,servicenow,0.8,identity-team
INC866,JIRA-809,similar_incident,Implemented 6 for automatic failover. Configured 35-node cluster with quorum of 6. Tested failover scenarios successfully.,,jira,0.8,infra-team
INC866,SNOW876,related_change,,New order notification feature deployed,servicenow,,security-team
INC866,JIRA-810,related_change,,CDN configuration update for cache TTL,jira,,api-team
INC867,SNOW877,similar_incident,Promoted replica to primary and rebuilt read replica from backup. Verified data consistency using checksums. Recovery completed within RTO of 18 minutes.,,servicenow,0.91,observability-team
INC867,SNOW878,similar_incident,Fixed 15 timeout by increasing connection timeout to 73s and implementing circuit breaker pattern. Also added health check monitoring.,,servicenow,0.91,api-team
INC868,SNOW879,similar_incident,Promoted replica to primary and rebuilt read replica from backup. Verified data consistency using checksums. Recovery completed within RTO of 7 minutes.,,servicenow,0.9,observability-team
INC868,SNOW880,similar_incident,Scaled consumer instances and processed backlog within SLA. Increased from 6 to 45 consumers. Backlog cleared in 10 hours.,,servicenow,0.84,payments-team
INC868,JIRA-811,related_change,,Deployed new load-balancer version with performance improvements,jira,,devops-team
INC869,JIRA-812,similar_incident,Promoted replica to primary and rebuilt read replica from backup. Verified data consistency using checksums. Recovery completed within RTO of 12 minutes.,,jira,0.84,infra-team
INC870,JIRA-813,similar_incident,Manually purged CDN cache and verified asset propagation,,jira,0.77,dba-team
INC871,JIRA-814,similar_incident,Manually purged CDN cache and verified asset propagation,,jira,0.66,platform-team
INC871,JIRA-815,related_change,,Node capacity upgrade scheduled for maintenance window,jira,,api-team
INC871,JIRA-816,similar_incident,Implemented 6 for automatic failover. Configured 52-node cluster with quorum of 3. Tested failover scenarios successfully.,,jira,0.89,security-team
INC872,JIRA-817,similar_incident,Scaled up 18 instances from 81 to 10 pods and optimized query performance by adding database indexes on frequently queried columns. Response times improved from 1s to Redisms average.,,jira,0.72,platform-team
INC873,JIRA-818,similar_incident,Rolled back to previous 18 version to restore functionality,,jira,0.8,search-team
INC873,SNOW881,related_change,,Database migration completed last week,servicenow,,infra-team
INC873,SNOW882,related_change,,Payment provider SDK upgrade deployed yesterday,servicenow,,security-team
INC874,SNOW883,similar_incident,Fixed 13 timeout by increasing connection timeout to 42s and implementing circuit breaker pattern. Also added health check monitoring.,,servicenow,0.86,search-team
INC874,SNOW884,similar_incident,Rolled back to previous 18 version to restore functionality,,servicenow,0.68,infra-team
INC874,JIRA-819,related_change,,Automated certificate rotation implementation in progress,jira,,search-team
INC875,JIRA-820,similar_incident,Renewed SSL certificates and updated load balancer configuration,,jira,0.92,observability-team
INC876,SNOW885,similar_incident,Increased connection pool size from 10 to 65 connections and added exponential backoff retry logic with max 3 attempts. Monitored for 24 hours and confirmed resolution.,,servicenow,0.75,api-team
INC876,JIRA-821,related_change,,New order notification feature deployed,jira,,observability-team
INC877,SNOW886,similar_incident,Renewed SSL certificates and updated load balancer configuration,,servicenow,0.78,api-team
INC878,JIRA-822,similar_incident,Scaled consumer instances and processed backlog within SLA. Increased from 13 to 31 consumers. Backlog cleared in 6 hours.,,jira,0.76,infra-team
INC879,SNOW887,similar_incident,Rolled back to previous 19 version to restore functionality,,servicenow,0.91,dba-team
INC879,SNOW888,similar_incident,Renewed SSL certificates and updated load balancer configuration,,servicenow,0.93,identity-team
INC879,SNOW889,related_change,,Fluentd configuration update for new log format,servicenow,,devops-team
INC880,SNOW890,similar_incident,Increased connection pool size from 11 to 70 connections and added exponential backoff retry logic with max 3 attempts. Monitored for 24 hours and confirmed resolution.,,servicenow,0.71,payments-team
INC881,SNOW891,similar_incident,Increased connection pool size from 10 to 60 connections and added exponential backoff retry logic with max 3 attempts. Monitored for 24 hours and confirmed resolution.,,servicenow,0.83,dba-team
INC881,JIRA-823,similar_incident,Fixed 16 timeout by increasing connection timeout to 59s and implementing circuit breaker pattern. Also added health check monitoring.,,jira,0.83,payments-team
INC881,SNOW892,similar_incident,Renewed SSL certificates and updated load balancer configuration,,servicenow,0.89,api-team
INC882,SNOW893,similar_incident,Manually purged CDN cache and verified asset propagation,,servicenow,0.9,infra-team
INC883,SNOW894,similar_incident,Implemented 9 for automatic failover. Configured 67-node cluster with quorum of 2. Tested failover scenarios successfully.,,servicenow,0.81,identity-team
INC883,SNOW895,related_change,,Redis cluster scaling performed last week,servicenow,,dba-team
INC884,SNOW896,similar_incident,Implemented 12 for automatic failover. Configured 60-node cluster with quorum of 6. Tested failover scenarios successfully.,,servicenow,0.68,platform-team
INC885,JIRA-824,similar_incident,Scaled consumer instances and processed backlog within SLA. Increased from 13 to 34 consumers. Backlog cleared in 10 hours.,,jira,0.7,ops-team
INC885,SNOW897,similar_incident,Scaled consumer instances and processed backlog within SLA. Increased from 9 to 100 consumers. Backlog cleared in 7 hours.,,servicenow,0.73,infra-team
INC885,JIRA-825,similar_incident,Manually purged CDN cache and verified asset propagation,,jira,0.92,infra-team
INC886,JIRA-826,similar_incident,Manually purged CDN cache and verified asset propagation,,jira,0.73,observability-team
INC887,SNOW898,similar_incident,Rolled back to previous 18 version to restore functionality,,servicenow,0.84,identity-team
INC887,JIRA-827,related_change,,Node capacity upgrade scheduled for maintenance window,jira,,platform-team
INC888,JIRA-828,similar_incident,Restarted 8 pods and cleared corrupted cache layer,,jira,0.89,api-team
INC889,JIRA-829,similar_incident,Implemented 9 for automatic failover. Configured 100-node cluster with quorum of 10. Tested failover scenarios successfully.,,jira,0.96,devops-team
INC889,JIRA-830,related_change,,CDN configuration update for cache TTL,jira,,payments-team
INC889,JIRA-831,related_change,,Elasticsearch cluster version upgrade deployed,jira,,search-team
INC890,JIRA-832,similar_incident,Restarted 5 pods and cleared corrupted cache layer,,jira,0.83,observability-team
INC890,SNOW899,related_change,,Added backup OAuth provider configuration,servicenow,,observability-team
INC890,JIRA-833,similar_incident,Scaled up 5 instances from 57 to 10 pods and optimized query performance by adding database indexes on frequently queried columns. Response times improved from 3s to databasems average.,,jira,0.75,infra-team
INC891,JIRA-834,similar_incident,Scaled consumer instances and processed backlog within SLA. Increased from 18 to 71 consumers. Backlog cleared in 2 hours.,,jira,0.88,identity-team
INC891,JIRA-835,similar_incident,Scaled up 17 instances from 92 to 6 pods and optimized query performance by adding database indexes on frequently queried columns. Response times improved from 3s to APIms average.,,jira,0.71,security-team
INC892,SNOW900,similar_incident,Promoted replica to primary and rebuilt read replica from backup. Verified data consistency using checksums. Recovery completed within RTO of 18 minutes.,,servicenow,0.89,ops-team
INC892,SNOW901,related_change,,Registry storage migration performed,servicenow,,api-team
INC892,JIRA-836,related_change,,Fluentd configuration update for new log format,jira,,search-team
INC893,SNOW902,similar_incident,Restarted 15 pods and cleared corrupted cache layer,,servicenow,0.9,platform-team
INC893,JIRA-837,similar_incident,Restarted 10 pods and cleared corrupted cache layer,,jira,0.91,dba-team
INC893,JIRA-838,similar_incident,Rolled back to previous 15 version to restore functionality,,jira,0.81,search-team
INC894,JIRA-839,similar_incident,Rolled back to previous 14 version to restore functionality,,jira,0.71,infra-team
INC895,JIRA-840,similar_incident,Rolled back to previous 5 version to restore functionality,,jira,0.82,ops-team
INC895,JIRA-841,related_change,,Deployed new rate-limiter version with performance improvements,jira,,payments-team
INC895,SNOW903,similar_incident,Implemented 16 for automatic failover. Configured 48-node cluster with quorum of 9. Tested failover scenarios successfully.,,servicenow,0.77,infra-team
INC896,SNOW904,similar_incident,Rolled back to previous 17 version to restore functionality,,servicenow,0.88,payments-team
INC896,SNOW905,related_change,,Automated certificate rotation implementation in progress,servicenow,,identity-team
INC897,JIRA-842,similar_incident,Rolled back to previous 13 version to restore functionality,,jira,0.72,dba-team
INC897,SNOW906,similar_incident,Rolled back to previous 12 version to restore functionality,,servicenow,0.87,devops-team
INC897,SNOW907,related_change,,Rate limiting threshold adjustment for new API tier,servicenow,,platform-team
INC898,SNOW908,similar_incident,Restarted 14 pods and cleared corrupted cache layer,,servicenow,0.7,payments-team
INC899,SNOW909,similar_incident,Scaled consumer instances and processed backlog within SLA. Increased from 12 to 80 consumers. Backlog cleared in 9 hours.,,servicenow,0.81,payments-team
INC899,JIRA-843,related_change,,Automated certificate rotation implementation in progress,jira,,api-team
INC900,JIRA-844,similar_incident,Manually purged CDN cache and verified asset propagation,,jira,0.73,security-team
INC900,JIRA-845,similar_incident,Implemented 15 for automatic failover. Configured 47-node cluster with quorum of 7. Tested failover scenarios successfully.,,jira,0.89,ops-team
INC901,SNOW910,similar_incident,Restarted 17 pods and cleared corrupted cache layer,,servicenow,0.66,identity-team
INC902,SNOW911,similar_incident,Restarted 18 pods and cleared corrupted cache layer,,servicenow,0.79,dba-team
INC903,JIRA-846,similar_incident,Scaled up 7 instances from 70 to 9 pods and optimized query performance by adding database indexes on frequently queried columns. Response times improved from 2s to servicems average.,,jira,0.84,search-team
INC904,SNOW912,similar_incident,Increased connection pool size from 13 to 34 connections and added exponential backoff retry logic with max 3 attempts. Monitored for 24 hours and confirmed resolution.,,servicenow,0.88,identity-team
INC905,SNOW913,similar_incident,Implemented 13 for automatic failover. Configured 73-node cluster with quorum of 5. Tested failover scenarios successfully.,,servicenow,0.76,api-team
INC906,SNOW914,similar_incident,Rolled back to previous 9 version to restore functionality,,servicenow,0.73,search-team
INC906,SNOW915,similar_incident,Scaled up 6 instances from 61 to 6 pods and optimized query performance by adding database indexes on frequently queried columns. Response times improved from 5s to gatewayms average.,,servicenow,0.67,observability-team
INC907,JIRA-847,similar_incident,Promoted replica to primary and rebuilt read replica from backup. Verified data consistency using checksums. Recovery completed within RTO of 7 minutes.,,jira,0.72,devops-team
INC907,JIRA-848,related_change,,Redis cluster scaling performed last week,jira,,security-team
INC907,JIRA-849,similar_incident,Implemented 14 for automatic failover. Configured 90-node cluster with quorum of 9. Tested failover scenarios successfully.,,jira,0.85,platform-team
INC908,JIRA-850,similar_incident,Renewed SSL certificates and updated load balancer configuration,,jira,0.8,ops-team
INC908,SNOW916,related_change,,New order notification feature deployed,servicenow,,infra-team
INC908,JIRA-851,related_change,,Redis cluster scaling performed last week,jira,,infra-team
INC909,JIRA-852,similar_incident,Renewed SSL certificates and updated load balancer configuration,,jira,0.92,platform-team
INC909,SNOW917,related_change,,New order notification feature deployed,servicenow,,dba-team
INC909,SNOW918,related_change,,Redis cluster scaling performed last week,servicenow,,search-team
INC910,JIRA-853,similar_incident,Increased connection pool size from 7 to 65 connections and added exponential backoff retry logic with max 3 attempts. Monitored for 24 hours and confirmed resolution.,,jira,0.88,payments-team
INC910,SNOW919,related_change,,Redis cluster scaling performed last week,servicenow,,observability-team
INC911,SNOW920,similar_incident,Promoted replica to primary and rebuilt read replica from backup. Verified data consistency using checksums. Recovery completed within RTO of 13 minutes.,,servicenow,0.7,api-team
INC911,SNOW921,similar_incident,Implemented 6 for automatic failover. Configured 75-node cluster with quorum of 3. Tested failover scenarios successfully.,,servicenow,0.77,infra-team
INC912,JIRA-854,similar_incident,Restarted 14 pods and cleared corrupted cache layer,,jira,0.91,search-team
INC913,JIRA-855,similar_incident,Renewed SSL certificates and updated load balancer configuration,,jira,0.76,platform-team
INC913,JIRA-856,related_change,,Automated certificate rotation implementation in progress,jira,,search-team
INC914,SNOW922,similar_incident,Increased connection pool size from 11 to 71 connections and added exponential backoff retry logic with max 3 attempts. Monitored for 24 hours and confirmed resolution.,,servicenow,0.94,security-team
INC914,SNOW923,similar_incident,Renewed SSL certificates and updated load balancer configuration,,servicenow,0.8,observability-team
INC915,JIRA-857,similar_incident,Scaled up 18 instances from 82 to 6 pods and optimized query performance by adding database indexes on frequently queried columns. Response times improved from 4s to databasems average.,,jira,0.68,devops-team
INC916,SNOW924,similar_incident,Promoted replica to primary and rebuilt read replica from backup. Verified data consistency using checksums. Recovery completed within RTO of 7 minutes.,,servicenow,0.81,platform-team
INC917,JIRA-858,similar_incident,Scaled consumer instances and processed backlog within SLA. Increased from 15 to 98 consumers. Backlog cleared in 3 hours.,,jira,0.94,platform-team
INC918,JIRA-859,similar_incident,Fixed 8 timeout by increasing connection timeout to 92s and implementing circuit breaker pattern. Also added health check monitoring.,,jira,0.92,observability-team
INC918,SNOW925,related_change,,New order notification feature deployed,servicenow,,devops-team
INC918,SNOW926,similar_incident,Renewed SSL certificates and updated load balancer configuration,,servicenow,0.95,security-team
INC919,JIRA-860,similar_incident,Renewed SSL certificates and updated load balancer configuration,,jira,0.91,devops-team
INC919,SNOW927,related_change,,Elasticsearch cluster version upgrade deployed,servicenow,,payments-team
INC920,SNOW928,similar_incident,Rolled back to previous 11 version to restore functionality,,servicenow,0.68,identity-team
INC920,SNOW929,similar_incident,Rolled back to previous 7 version to restore functionality,,servicenow,0.87,api-team
INC921,JIRA-861,similar_incident,Fixed 8 timeout by increasing connection timeout to 77s and implementing circuit breaker pattern. Also added health check monitoring.,,jira,0.88,devops-team
INC922,SNOW930,similar_incident,Scaled up 15 instances from 49 to 9 pods and optimized query performance by adding database indexes on frequently queried columns. Response times improved from 2s to gatewayms average.,,servicenow,0.96,security-team
INC923,JIRA-862,similar_incident,Scaled up 11 instances from 61 to 3 pods and optimized query performance by adding database indexes on frequently queried columns. Response times improved from 3s to gatewayms average.,,jira,0.71,infra-team
INC923,SNOW931,similar_incident,Promoted replica to primary and rebuilt read replica from backup. Verified data consistency using checksums. Recovery completed within RTO of 12 minutes.,,servicenow,0.65,payments-team
INC924,SNOW932,similar_incident,Scaled up 6 instances from 82 to 7 pods and optimized query performance by adding database indexes on frequently queried columns. Response times improved from 5s to APIms average.,,servicenow,0.86,payments-team
INC924,JIRA-863,related_change,,Elasticsearch cluster version upgrade deployed,jira,,ops-team
INC925,JIRA-864,similar_incident,Rolled back to previous 14 version to restore functionality,,jira,0.84,search-team
INC925,SNOW933,similar_incident,Scaled consumer instances and processed backlog within SLA. Increased from 13 to 73 consumers. Backlog cleared in 4 hours.,,servicenow,0.86,dba-team
INC926,SNOW934,similar_incident,Increased connection pool size from 18 to 43 connections and added exponential backoff retry logic with max 3 attempts. Monitored for 24 hours and confirmed resolution.,,servicenow,0.66,ops-team
INC926,SNOW935,similar_incident,Implemented 9 for automatic failover. Configured 45-node cluster with quorum of 8. Tested failover scenarios successfully.,,servicenow,0.91,dba-team
INC926,SNOW936,similar_incident,Scaled up 20 instances from 75 to 8 pods and optimized query performance by adding database indexes on frequently queried columns. Response times improved from 2s to databasems average.,,servicenow,0.83,platform-team
INC927,SNOW937,similar_incident,Increased connection pool size from 11 to 64 connections and added exponential backoff retry logic with max 3 attempts. Monitored for 24 hours and confirmed resolution.,,servicenow,0.65,payments-team
INC927,SNOW938,similar_incident,Promoted replica to primary and rebuilt read replica from backup. Verified data consistency using checksums. Recovery completed within RTO of 20 minutes.,,servicenow,0.87,devops-team
INC928,SNOW939,similar_incident,Increased connection pool size from 6 to 89 connections and added exponential backoff retry logic with max 3 attempts. Monitored for 24 hours and confirmed resolution.,,servicenow,0.8,api-team
INC929,JIRA-865,similar_incident,Rolled back to previous 19 version to restore functionality,,jira,0.74,dba-team
INC930,SNOW940,similar_incident,Promoted replica to primary and rebuilt read replica from backup. Verified data consistency using checksums. Recovery completed within RTO of 5 minutes.,,servicenow,0.66,identity-team
INC931,SNOW941,similar_incident,Fixed 10 timeout by increasing connection timeout to 63s and implementing circuit breaker pattern. Also added health check monitoring.,,servicenow,0.92,dba-team
INC931,JIRA-866,related_change,,Registry storage migration performed,jira,,infra-team
INC931,JIRA-867,related_change,,Database migration completed last week,jira,,ops-team
INC932,SNOW942,similar_incident,Implemented 7 for automatic failover. Configured 94-node cluster with quorum of 10. Tested failover scenarios successfully.,,servicenow,0.95,dba-team
INC932,JIRA-868,similar_incident,Increased connection pool size from 8 to 79 connections and added exponential backoff retry logic with max 3 attempts. Monitored for 24 hours and confirmed resolution.,,jira,0.72,ops-team
INC932,JIRA-869,related_change,,New order notification feature deployed,jira,,dba-team
INC933,JIRA-870,similar_incident,Scaled consumer instances and processed backlog within SLA. Increased from 12 to 39 consumers. Backlog cleared in 5 hours.,,jira,0.85,devops-team
INC933,SNOW943,similar_incident,Scaled up 8 instances from 54 to 10 pods and optimized query performance by adding database indexes on frequently queried columns. Response times improved from 4s to Redisms average.,,servicenow,0.8,search-team
INC934,JIRA-871,similar_incident,Restarted 7 pods and cleared corrupted cache layer,,jira,0.75,identity-team
INC934,JIRA-872,related_change,,New order notification feature deployed,jira,,dba-team
INC934,SNOW944,similar_incident,Manually purged CDN cache and verified asset propagation,,servicenow,0.74,dba-team
INC935,SNOW945,similar_incident,Implemented 19 for automatic failover. Configured 36-node cluster with quorum of 7. Tested failover scenarios successfully.,,servicenow,0.69,dba-team
INC936,JIRA-873,similar_incident,Scaled up 18 instances from 90 to 5 pods and optimized query performance by adding database indexes on frequently queried columns. Response times improved from 1s to APIms average.,,jira,0.88,api-team
INC937,JIRA-874,similar_incident,Restarted 5 pods and cleared corrupted cache layer,,jira,0.81,api-team
INC938,JIRA-875,similar_incident,Scaled consumer instances and processed backlog within SLA. Increased from 9 to 51 consumers. Backlog cleared in 7 hours.,,jira,0.81,payments-team
INC938,SNOW946,similar_incident,Scaled up 11 instances from 49 to 5 pods and optimized query performance by adding database indexes on frequently queried columns. Response times improved from 3s to servicems average.,,servicenow,0.79,dba-team
INC939,JIRA-876,similar_incident,Scaled consumer instances and processed backlog within SLA. Increased from 14 to 84 consumers. Backlog cleared in 9 hours.,,jira,0.66,ops-team
INC939,JIRA-877,related_change,,Node capacity upgrade scheduled for maintenance window,jira,,dba-team
INC939,SNOW947,related_change,,Automated certificate rotation implementation in progress,servicenow,,search-team
INC940,JIRA-878,similar_incident,Manually purged CDN cache and verified asset propagation,,jira,0.75,dba-team
INC940,JIRA-879,related_change,,Payment provider SDK upgrade deployed yesterday,jira,,identity-team
INC940,SNOW948,similar_incident,Promoted replica to primary and rebuilt read replica from backup. Verified data consistency using checksums. Recovery completed within RTO of 11 minutes.,,servicenow,0.84,api-team
INC941,JIRA-880,similar_incident,Implemented 19 for automatic failover. Configured 65-node cluster with quorum of 3. Tested failover scenarios successfully.,,jira,0.77,infra-team
INC942,JIRA-881,similar_incident,Restarted 15 pods and cleared corrupted cache layer,,jira,0.78,dba-team
INC943,SNOW949,similar_incident,Implemented 18 for automatic failover. Configured 75-node cluster with quorum of 7. Tested failover scenarios successfully.,,servicenow,0.75,security-team
INC943,SNOW950,related_change,,Elasticsearch cluster version upgrade deployed,servicenow,,payments-team
INC944,JIRA-882,similar_incident,Rolled back to previous 5 version to restore functionality,,jira,0.67,platform-team
INC944,SNOW951,related_change,,Registry storage migration performed,servicenow,,search-team
INC944,SNOW952,similar_incident,Scaled up 15 instances from 90 to 4 pods and optimized query performance by adding database indexes on frequently queried columns. Response times improved from 2s to gatewayms average.,,servicenow,0.69,search-team
INC945,SNOW953,similar_incident,Implemented 10 for automatic failover. Configured 91-node cluster with quorum of 8. Tested failover scenarios successfully.,,servicenow,0.83,infra-team
INC945,JIRA-883,related_change,,Heavy batch job scheduled during peak hours,jira,,api-team
INC946,SNOW954,similar_incident,Scaled up 6 instances from 65 to 2 pods and optimized query performance by adding database indexes on frequently queried columns. Response times improved from 2s to servicems average.,,servicenow,0.82,dba-team
INC946,SNOW955,related_change,,Fluentd configuration update for new log format,servicenow,,ops-team
INC946,SNOW956,related_change,,New order notification feature deployed,servicenow,,ops-team
INC947,JIRA-884,similar_incident,Renewed SSL certificates and updated load balancer configuration,,jira,0.77,payments-team
INC948,JIRA-885,similar_incident,Scaled up 16 instances from 71 to 6 pods and optimized query performance by adding database indexes on frequently queried columns. Response times improved from 3s to databasems average.,,jira,0.76,dba-team
INC948,SNOW957,related_change,,Database migration completed last week,servicenow,,search-team
INC948,JIRA-886,related_change,,Fluentd configuration update for new log format,jira,,payments-team
INC949,JIRA-887,similar_incident,Fixed 20 timeout by increasing connection timeout to 47s and implementing circuit breaker pattern. Also added health check monitoring.,,jira,0.94,ops-team
INC949,JIRA-888,similar_incident,Scaled up 9 instances from 97 to 7 pods and optimized query performance by adding database indexes on frequently queried columns. Response times improved from 4s to databasems average.,,jira,0.94,search-team
INC950,JIRA-889,similar_incident,Increased connection pool size from 10 to 40 connections and added exponential backoff retry logic with max 3 attempts. Monitored for 24 hours and confirmed resolution.,,jira,0.73,security-team
INC951,JIRA-890,similar_incident,Restarted 15 pods and cleared corrupted cache layer,,jira,0.77,dba-team
INC952,JIRA-891,similar_incident,Rolled back to previous 16 version to restore functionality,,jira,0.88,payments-team
INC952,SNOW958,related_change,,CDN configuration update for cache TTL,servicenow,,payments-team
INC953,SNOW959,similar_incident,Restarted 15 pods and cleared corrupted cache layer,,servicenow,0.79,dba-team
INC953,JIRA-892,related_change,,Deployed new payment-service version with performance improvements,jira,,dba-team
INC953,JIRA-893,related_change,,Deployed new rate-limiter version with performance improvements,jira,,infra-team
INC954,SNOW960,similar_incident,Promoted replica to primary and rebuilt read replica from backup. Verified data consistency using checksums. Recovery completed within RTO of 11 minutes.,,servicenow,0.71,devops-team
INC954,SNOW961,related_change,,Heavy batch job scheduled during peak hours,servicenow,,search-team
INC955,JIRA-894,similar_incident,Implemented 19 for automatic failover. Configured 86-node cluster with quorum of 8. Tested failover scenarios successfully.,,jira,0.83,observability-team
INC955,SNOW962,related_change,,Database migration completed last week,servicenow,,api-team
INC955,JIRA-895,related_change,,Automated certificate rotation implementation in progress,jira,,platform-team
INC956,JIRA-896,similar_incident,Rolled back to previous 14 version to restore functionality,,jira,0.68,search-team
INC956,JIRA-897,similar_incident,Fixed 5 timeout by increasing connection timeout to 64s and implementing circuit breaker pattern. Also added health check monitoring.,,jira,0.74,infra-team
INC956,SNOW963,related_change,,Added new notification templates last sprint,servicenow,,search-team
INC957,JIRA-898,similar_incident,Restarted 8 pods and cleared corrupted cache layer,,jira,0.85,dba-team
INC957,JIRA-899,related_change,,Fluentd configuration update for new log format,jira,,observability-team
INC958,JIRA-900,similar_incident,Manually purged CDN cache and verified asset propagation,,jira,0.95,api-team
INC959,SNOW964,similar_incident,Implemented 20 for automatic failover. Configured 47-node cluster with quorum of 4. Tested failover scenarios successfully.,,servicenow,0.95,ops-team
INC960,JIRA-901,similar_incident,Implemented 8 for automatic failover. Configured 58-node cluster with quorum of 7. Tested failover scenarios successfully.,,jira,0.68,platform-team
INC960,JIRA-902,related_change,,Elasticsearch cluster version upgrade deployed,jira,,infra-team
INC961,JIRA-903,similar_incident,Fixed 12 timeout by increasing connection timeout to 48s and implementing circuit breaker pattern. Also added health check monitoring.,,jira,0.82,observability-team
INC962,JIRA-904,similar_incident,Restarted 14 pods and cleared corrupted cache layer,,jira,0.77,infra-team
INC962,SNOW965,related_change,,Heavy batch job scheduled during peak hours,servicenow,,security-team
INC962,SNOW966,similar_incident,Scaled consumer instances and processed backlog within SLA. Increased from 10 to 60 consumers. Backlog cleared in 5 hours.,,servicenow,0.74,identity-team
INC963,SNOW967,similar_incident,Implemented 17 for automatic failover. Configured 86-node cluster with quorum of 3. Tested failover scenarios successfully.,,servicenow,0.8,api-team
INC963,SNOW968,related_change,,Deployed new reporting-service version with performance improvements,servicenow,,payments-team
INC964,JIRA-905,similar_incident,Manually purged CDN cache and verified asset propagation,,jira,0.76,dba-team
INC964,SNOW969,similar_incident,Restarted 14 pods and cleared corrupted cache layer,,servicenow,0.66,api-team
INC965,JIRA-906,similar_incident,Scaled up 5 instances from 39 to 9 pods and optimized query performance by adding database indexes on frequently queried columns. Response times improved from 3s to APIms average.,,jira,0.85,payments-team
INC965,SNOW970,similar_incident,Restarted 6 pods and cleared corrupted cache layer,,servicenow,0.66,api-team
INC965,JIRA-907,similar_incident,Renewed SSL certificates and updated load balancer configuration,,jira,0.75,payments-team
INC966,SNOW971,similar_incident,Scaled consumer instances and processed backlog within SLA. Increased from 9 to 44 consumers. Backlog cleared in 7 hours.,,servicenow,0.89,platform-team
INC966,JIRA-908,related_change,,Redis cluster scaling performed last week,jira,,api-team
INC966,SNOW972,related_change,,Added new notification templates last sprint,servicenow,,devops-team
INC967,JIRA-909,similar_incident,Rolled back to previous 16 version to restore functionality,,jira,0.8,security-team
INC967,JIRA-910,similar_incident,Fixed 11 timeout by increasing connection timeout to 64s and implementing circuit breaker pattern. Also added health check monitoring.,,jira,0.9,devops-team
INC968,SNOW973,similar_incident,Scaled up 13 instances from 54 to 2 pods and optimized query performance by adding database indexes on frequently queried columns. Response times improved from 5s to databasems average.,,servicenow,0.7,devops-team
INC969,JIRA-911,similar_incident,Manually purged CDN cache and verified asset propagation,,jira,0.72,identity-team
INC969,JIRA-912,similar_incident,Promoted replica to primary and rebuilt read replica from backup. Verified data consistency using checksums. Recovery completed within RTO of 20 minutes.,,jira,0.95,observability-team
INC969,SNOW974,similar_incident,Increased connection pool size from 19 to 59 connections and added exponential backoff retry logic with max 3 attempts. Monitored for 24 hours and confirmed resolution.,,servicenow,0.9,api-team
INC970,SNOW975,similar_incident,Renewed SSL certificates and updated load balancer configuration,,servicenow,0.7,search-team
INC970,JIRA-913,similar_incident,Scaled consumer instances and processed backlog within SLA. Increased from 12 to 90 consumers. Backlog cleared in 6 hours.,,jira,0.92,ops-team
INC971,JIRA-914,similar_incident,Scaled consumer instances and processed backlog within SLA. Increased from 8 to 41 consumers. Backlog cleared in 4 hours.,,jira,0.67,platform-team
INC971,SNOW976,related_change,,Fluentd configuration update for new log format,servicenow,,dba-team
INC971,SNOW977,related_change,,Deployed new order-service version with performance improvements,servicenow,,infra-team
INC972,JIRA-915,similar_incident,Renewed SSL certificates and updated load balancer configuration,,jira,0.83,dba-team
INC972,SNOW978,related_change,,Registry storage migration performed,servicenow,,search-team
INC972,JIRA-916,related_change,,Registry storage migration performed,jira,,api-team
INC973,JIRA-917,similar_incident,Implemented 13 for automatic failover. Configured 78-node cluster with quorum of 7. Tested failover scenarios successfully.,,jira,0.86,identity-team
INC973,JIRA-918,related_change,,Automated certificate rotation implementation in progress,jira,,observability-team
INC974,SNOW979,similar_incident,Renewed SSL certificates and updated load balancer configuration,,servicenow,0.68,ops-team
INC975,JIRA-919,similar_incident,Scaled up 11 instances from 78 to 9 pods and optimized query performance by adding database indexes on frequently queried columns. Response times improved from 2s to APIms average.,,jira,0.86,dba-team
INC975,SNOW980,similar_incident,Rolled back to previous 8 version to restore functionality,,servicenow,0.89,api-team
INC975,JIRA-920,related_change,,Deployed new cache-service version with performance improvements,jira,,security-team
INC976,SNOW981,similar_incident,Fixed 5 timeout by increasing connection timeout to 39s and implementing circuit breaker pattern. Also added health check monitoring.,,servicenow,0.73,ops-team
INC976,JIRA-921,similar_incident,Scaled up 8 instances from 53 to 9 pods and optimized query performance by adding database indexes on frequently queried columns. Response times improved from 2s to APIms average.,,jira,0.93,observability-team
INC977,SNOW982,similar_incident,Increased connection pool size from 20 to 80 connections and added exponential backoff retry logic with max 3 attempts. Monitored for 24 hours and confirmed resolution.,,servicenow,0.88,ops-team
INC978,JIRA-922,similar_incident,Restarted 18 pods and cleared corrupted cache layer,,jira,0.69,api-team
INC979,JIRA-923,similar_incident,Increased connection pool size from 20 to 83 connections and added exponential backoff retry logic with max 3 attempts. Monitored for 24 hours and confirmed resolution.,,jira,0.95,ops-team
INC979,JIRA-924,similar_incident,Increased connection pool size from 14 to 99 connections and added exponential backoff retry logic with max 3 attempts. Monitored for 24 hours and confirmed resolution.,,jira,0.67,payments-team
INC979,JIRA-925,similar_incident,Renewed SSL certificates and updated load balancer configuration,,jira,0.77,payments-team
INC980,SNOW983,similar_incident,Increased connection pool size from 12 to 50 connections and added exponential backoff retry logic with max 3 attempts. Monitored for 24 hours and confirmed resolution.,,servicenow,0.73,search-team
INC980,JIRA-926,related_change,,Automated certificate rotation implementation in progress,jira,,payments-team
INC980,SNOW984,similar_incident,Scaled consumer instances and processed backlog within SLA. Increased from 6 to 71 consumers. Backlog cleared in 5 hours.,,servicenow,0.89,security-team
INC981,SNOW985,similar_incident,Manually purged CDN cache and verified asset propagation,,servicenow,0.87,infra-team
INC981,JIRA-927,similar_incident,Rolled back to previous 14 version to restore functionality,,jira,0.86,api-team
INC982,SNOW986,similar_incident,Promoted replica to primary and rebuilt read replica from backup. Verified data consistency using checksums. Recovery completed within RTO of 8 minutes.,,servicenow,0.77,api-team
INC983,JIRA-928,similar_incident,Implemented 10 for automatic failover. Configured 45-node cluster with quorum of 7. Tested failover scenarios successfully.,,jira,0.73,api-team
INC984,SNOW987,similar_incident,Promoted replica to primary and rebuilt read replica from backup. Verified data consistency using checksums. Recovery completed within RTO of 10 minutes.,,servicenow,0.78,identity-team
INC984,SNOW988,related_change,,Node capacity upgrade scheduled for maintenance window,servicenow,,dba-team
INC985,SNOW989,similar_incident,Fixed 12 timeout by increasing connection timeout to 55s and implementing circuit breaker pattern. Also added health check monitoring.,,servicenow,0.91,ops-team
INC985,SNOW990,similar_incident,Increased connection pool size from 18 to 76 connections and added exponential backoff retry logic with max 3 attempts. Monitored for 24 hours and confirmed resolution.,,servicenow,0.8,platform-team
INC986,JIRA-929,similar_incident,Scaled consumer instances and processed backlog within SLA. Increased from 11 to 74 consumers. Backlog cleared in 3 hours.,,jira,0.74,identity-team
INC986,SNOW991,similar_incident,Renewed SSL certificates and updated load balancer configuration,,servicenow,0.73,devops-team
INC987,JIRA-930,similar_incident,Promoted replica to primary and rebuilt read replica from backup. Verified data consistency using checksums. Recovery completed within RTO of 20 minutes.,,jira,0.68,payments-team
INC988,SNOW992,similar_incident,Restarted 5 pods and cleared corrupted cache layer,,servicenow,0.79,devops-team
INC988,SNOW993,related_change,,Deployed new payment-service version with performance improvements,servicenow,,platform-team
INC989,JIRA-931,similar_incident,Increased connection pool size from 15 to 41 connections and added exponential backoff retry logic with max 3 attempts. Monitored for 24 hours and confirmed resolution.,,jira,0.89,payments-team
INC989,JIRA-932,similar_incident,Rolled back to previous 19 version to restore functionality,,jira,0.79,api-team
INC990,JIRA-933,similar_incident,Restarted 18 pods and cleared corrupted cache layer,,jira,0.75,devops-team
INC990,JIRA-934,similar_incident,Scaled up 20 instances from 60 to 2 pods and optimized query performance by adding database indexes on frequently queried columns. Response times improved from 2s to servicems average.,,jira,0.73,devops-team
INC991,JIRA-935,similar_incident,Promoted replica to primary and rebuilt read replica from backup. Verified data consistency using checksums. Recovery completed within RTO of 20 minutes.,,jira,0.82,platform-team
INC991,SNOW994,related_change,,New order notification feature deployed,servicenow,,api-team
INC992,SNOW995,similar_incident,Scaled up 7 instances from 74 to 8 pods and optimized query performance by adding database indexes on frequently queried columns. Response times improved from 1s to gatewayms average.,,servicenow,0.7,platform-team
INC992,SNOW996,related_change,,Added backup OAuth provider configuration,servicenow,,security-team
INC993,JIRA-936,similar_incident,Manually purged CDN cache and verified asset propagation,,jira,0.87,ops-team
INC993,JIRA-937,related_change,,Redis cluster scaling performed last week,jira,,devops-team
INC993,SNOW997,similar_incident,Scaled up 6 instances from 91 to 9 pods and optimized query performance by adding database indexes on frequently queried columns. Response times improved from 4s to gatewayms average.,,servicenow,0.76,search-team
INC994,JIRA-938,similar_incident,Scaled consumer instances and processed backlog within SLA. Increased from 15 to 89 consumers. Backlog cleared in 4 hours.,,jira,0.7,api-team
INC994,JIRA-939,similar_incident,Implemented 15 for automatic failover. Configured 64-node cluster with quorum of 2. Tested failover scenarios successfully.,,jira,0.84,observability-team
INC994,JIRA-940,related_change,,CDN configuration update for cache TTL,jira,,search-team
INC995,JIRA-941,similar_incident,Increased connection pool size from 18 to 78 connections and added exponential backoff retry logic with max 3 attempts. Monitored for 24 hours and confirmed resolution.,,jira,0.81,security-team
INC995,JIRA-942,related_change,,Database migration completed last week,jira,,api-team
INC996,JIRA-943,similar_incident,Restarted 19 pods and cleared corrupted cache layer,,jira,0.83,search-team
INC996,JIRA-944,similar_incident,Scaled consumer instances and processed backlog within SLA. Increased from 12 to 93 consumers. Backlog cleared in 9 hours.,,jira,0.67,devops-team
INC996,SNOW998,similar_incident,Restarted 12 pods and cleared corrupted cache layer,,servicenow,0.78,security-team
INC997,SNOW999,similar_incident,Scaled consumer instances and processed backlog within SLA. Increased from 10 to 66 consumers. Backlog cleared in 5 hours.,,servicenow,0.86,api-team
INC998,SNOW1000,similar_incident,Fixed 11 timeout by increasing connection timeout to 59s and implementing circuit breaker pattern. Also added health check monitoring.,,servicenow,0.89,identity-team
INC999,SNOW1001,similar_incident,Scaled consumer instances and processed backlog within SLA. Increased from 13 to 59 consumers. Backlog cleared in 2 hours.,,servicenow,0.85,api-team
INC999,SNOW1002,related_change,,Elasticsearch cluster version upgrade deployed,servicenow,,observability-team
INC999,JIRA-945,related_change,,Registry storage migration performed,jira,,payments-team
INC1000,JIRA-946,similar_incident,Scaled up 9 instances from 94 to 7 pods and optimized query performance by adding database indexes on frequently queried columns. Response times improved from 2s to databasems average.,,jira,0.66,security-team
INC1001,JIRA-947,similar_incident,Implemented 15 for automatic failover. Configured 66-node cluster with quorum of 10. Tested failover scenarios successfully.,,jira,0.68,payments-team
INC1001,SNOW1003,related_change,,Payment provider SDK upgrade deployed yesterday,servicenow,,search-team
INC1002,JIRA-948,similar_incident,Implemented 9 for automatic failover. Configured 97-node cluster with quorum of 2. Tested failover scenarios successfully.,,jira,0.78,api-team
INC1002,JIRA-949,similar_incident,Promoted replica to primary and rebuilt read replica from backup. Verified data consistency using checksums. Recovery completed within RTO of 15 minutes.,,jira,0.81,platform-team
INC1003,JIRA-950,similar_incident,Increased connection pool size from 10 to 35 connections and added exponential backoff retry logic with max 3 attempts. Monitored for 24 hours and confirmed resolution.,,jira,0.69,observability-team
INC1003,SNOW1004,related_change,,Database migration completed last week,servicenow,,platform-team
INC1004,JIRA-951,similar_incident,Renewed SSL certificates and updated load balancer configuration,,jira,0.77,dba-team
INC1005,SNOW1005,similar_incident,Manually purged CDN cache and verified asset propagation,,servicenow,0.89,identity-team
INC1005,SNOW1006,related_change,,Added backup OAuth provider configuration,servicenow,,ops-team
INC1006,JIRA-952,similar_incident,Fixed 20 timeout by increasing connection timeout to 55s and implementing circuit breaker pattern. Also added health check monitoring.,,jira,0.83,identity-team
INC1006,JIRA-953,similar_incident,Manually purged CDN cache and verified asset propagation,,jira,0.9,platform-team
INC1006,JIRA-954,related_change,,Automated certificate rotation implementation in progress,jira,,dba-team
INC1007,SNOW1007,similar_incident,Scaled consumer instances and processed backlog within SLA. Increased from 5 to 60 consumers. Backlog cleared in 5 hours.,,servicenow,0.81,security-team
INC1007,JIRA-955,similar_incident,Increased connection pool size from 15 to 40 connections and added exponential backoff retry logic with max 3 attempts. Monitored for 24 hours and confirmed resolution.,,jira,0.75,infra-team
INC1008,SNOW1008,similar_incident,Fixed 5 timeout by increasing connection timeout to 48s and implementing circuit breaker pattern. Also added health check monitoring.,,servicenow,0.76,api-team
INC1008,JIRA-956,related_change,,Deployed new cdn version with performance improvements,jira,,infra-team
INC1008,JIRA-957,related_change,,Added backup OAuth provider configuration,jira,,observability-team
INC1009,SNOW1009,similar_incident,Increased connection pool size from 13 to 81 connections and added exponential backoff retry logic with max 3 attempts. Monitored for 24 hours and confirmed resolution.,,servicenow,0.85,search-team
INC1010,SNOW1010,similar_incident,Promoted replica to primary and rebuilt read replica from backup. Verified data consistency using checksums. Recovery completed within RTO of 10 minutes.,,servicenow,0.91,api-team
INC1011,JIRA-958,similar_incident,Increased connection pool size from 20 to 98 connections and added exponential backoff retry logic with max 3 attempts. Monitored for 24 hours and confirmed resolution.,,jira,0.71,security-team
INC1012,JIRA-959,similar_incident,Renewed SSL certificates and updated load balancer configuration,,jira,0.95,ops-team
INC1012,SNOW1011,similar_incident,Renewed SSL certificates and updated load balancer configuration,,servicenow,0.72,devops-team
INC1012,SNOW1012,related_change,,Database migration completed last week,servicenow,,identity-team
INC1013,JIRA-960,similar_incident,Promoted replica to primary and rebuilt read replica from backup. Verified data consistency using checksums. Recovery completed within RTO of 19 minutes.,,jira,0.67,api-team
INC1014,JIRA-961,similar_incident,Renewed SSL certificates and updated load balancer configuration,,jira,0.87,observability-team
INC1014,JIRA-962,similar_incident,Scaled up 16 instances from 35 to 3 pods and optimized query performance by adding database indexes on frequently queried columns. Response times improved from 5s to databasems average.,,jira,0.84,api-team
INC1014,JIRA-963,similar_incident,Increased connection pool size from 9 to 74 connections and added exponential backoff retry logic with max 3 attempts. Monitored for 24 hours and confirmed resolution.,,jira,0.69,identity-team
INC1015,SNOW1013,similar_incident,Renewed SSL certificates and updated load balancer configuration,,servicenow,0.87,platform-team
INC1015,JIRA-964,similar_incident,Rolled back to previous 12 version to restore functionality,,jira,0.85,devops-team
INC1015,SNOW1014,related_change,,Added backup OAuth provider configuration,servicenow,,infra-team
INC1016,SNOW1015,similar_incident,Manually purged CDN cache and verified asset propagation,,servicenow,0.93,observability-team
INC1016,JIRA-965,related_change,,Rate limiting threshold adjustment for new API tier,jira,,api-team
INC1017,SNOW1016,similar_incident,Scaled up 18 instances from 57 to 9 pods and optimized query performance by adding database indexes on frequently queried columns. Response times improved from 1s to gatewayms average.,,servicenow,0.7,dba-team
INC1017,SNOW1017,related_change,,Node capacity upgrade scheduled for maintenance window,servicenow,,platform-team
INC1018,JIRA-966,similar_incident,Scaled up 14 instances from 53 to 6 pods and optimized query performance by adding database indexes on frequently queried columns. Response times improved from 5s to databasems average.,,jira,0.83,search-team
INC1018,SNOW1018,related_change,,Payment provider SDK upgrade deployed yesterday,servicenow,,payments-team
INC1019,SNOW1019,similar_incident,Renewed SSL certificates and updated load balancer configuration,,servicenow,0.94,observability-team
INC1019,SNOW1020,similar_incident,Fixed 14 timeout by increasing connection timeout to 90s and implementing circuit breaker pattern. Also added health check monitoring.,,servicenow,0.8,ops-team
INC1020,JIRA-967,similar_incident,Rolled back to previous 14 version to restore functionality,,jira,0.81,search-team
INC1020,SNOW1021,related_change,,Node capacity upgrade scheduled for maintenance window,servicenow,,infra-team
INC1021,SNOW1022,similar_incident,Promoted replica to primary and rebuilt read replica from backup. Verified data consistency using checksums. Recovery completed within RTO of 17 minutes.,,servicenow,0.84,ops-team
INC1021,SNOW1023,similar_incident,Implemented 5 for automatic failover. Configured 67-node cluster with quorum of 4. Tested failover scenarios successfully.,,servicenow,0.92,observability-team
INC1022,SNOW1024,similar_incident,Increased connection pool size from 14 to 31 connections and added exponential backoff retry logic with max 3 attempts. Monitored for 24 hours and confirmed resolution.,,servicenow,0.72,platform-team
INC1023,SNOW1025,similar_incident,Implemented 10 for automatic failover. Configured 81-node cluster with quorum of 8. Tested failover scenarios successfully.,,servicenow,0.73,infra-team
INC1023,SNOW1026,similar_incident,Rolled back to previous 18 version to restore functionality,,servicenow,0.94,infra-team
INC1024,SNOW1027,similar_incident,Scaled up 15 instances from 48 to 9 pods and optimized query performance by adding database indexes on frequently queried columns. Response times improved from 2s to Redisms average.,,servicenow,0.88,api-team
INC1024,SNOW1028,similar_incident,Scaled consumer instances and processed backlog within SLA. Increased from 14 to 38 consumers. Backlog cleared in 6 hours.,,servicenow,0.83,payments-team
INC1024,SNOW1029,similar_incident,Scaled up 13 instances from 46 to 5 pods and optimized query performance by adding database indexes on frequently queried columns. Response times improved from 2s to gatewayms average.,,servicenow,0.81,devops-team
INC1025,JIRA-968,similar_incident,Restarted 14 pods and cleared corrupted cache layer,,jira,0.73,infra-team
INC1025,JIRA-969,related_change,,Heavy batch job scheduled during peak hours,jira,,api-team
INC1025,JIRA-970,related_change,,Registry storage migration performed,jira,,ops-team
INC1026,SNOW1030,similar_incident,Promoted replica to primary and rebuilt read replica from backup. Verified data consistency using checksums. Recovery completed within RTO of 12 minutes.,,servicenow,0.88,api-team
INC1026,JIRA-971,similar_incident,Scaled consumer instances and processed backlog within SLA. Increased from 15 to 31 consumers. Backlog cleared in 2 hours.,,jira,0.82,payments-team
INC1027,SNOW1031,similar_incident,Increased connection pool size from 18 to 68 connections and added exponential backoff retry logic with max 3 attempts. Monitored for 24 hours and confirmed resolution.,,servicenow,0.74,payments-team
INC1027,JIRA-972,related_change,,Added new notification templates last sprint,jira,,identity-team
INC1027,JIRA-973,related_change,,Automated certificate rotation implementation in progress,jira,,ops-team
INC1028,SNOW1032,similar_incident,Implemented 10 for automatic failover. Configured 61-node cluster with quorum of 3. Tested failover scenarios successfully.,,servicenow,0.84,infra-team
INC1028,SNOW1033,related_change,,Elasticsearch cluster version upgrade deployed,servicenow,,search-team
INC1028,JIRA-974,related_change,,Added backup OAuth provider configuration,jira,,observability-team
INC1029,SNOW1034,similar_incident,Implemented 12 for automatic failover. Configured 81-node cluster with quorum of 2. Tested failover scenarios successfully.,,servicenow,0.88,identity-team
INC1030,SNOW1035,similar_incident,Promoted replica to primary and rebuilt read replica from backup. Verified data consistency using checksums. Recovery completed within RTO of 10 minutes.,,servicenow,0.79,platform-team
INC1030,SNOW1036,similar_incident,Rolled back to previous 12 version to restore functionality,,servicenow,0.73,infra-team
INC1030,SNOW1037,similar_incident,Fixed 12 timeout by increasing connection timeout to 84s and implementing circuit breaker pattern. Also added health check monitoring.,,servicenow,0.74,security-team
INC1031,JIRA-975,similar_incident,Increased connection pool size from 16 to 54 connections and added exponential backoff retry logic with max 3 attempts. Monitored for 24 hours and confirmed resolution.,,jira,0.72,identity-team
INC1031,SNOW1038,related_change,,Rate limiting threshold adjustment for new API tier,servicenow,,ops-team
INC1032,JIRA-976,similar_incident,Increased connection pool size from 9 to 61 connections and added exponential backoff retry logic with max 3 attempts. Monitored for 24 hours and confirmed resolution.,,jira,0.8,api-team
INC1033,JIRA-977,similar_incident,Promoted replica to primary and rebuilt read replica from backup. Verified data consistency using checksums. Recovery completed within RTO of 15 minutes.,,jira,0.85,api-team
INC1034,SNOW1039,similar_incident,Implemented 9 for automatic failover. Configured 49-node cluster with quorum of 6. Tested failover scenarios successfully.,,servicenow,0.67,search-team
INC1034,SNOW1040,related_change,,Fluentd configuration update for new log format,servicenow,,platform-team
INC1034,JIRA-978,similar_incident,Fixed 15 timeout by increasing connection timeout to 59s and implementing circuit breaker pattern. Also added health check monitoring.,,jira,0.67,ops-team
INC1035,SNOW1041,similar_incident,Promoted replica to primary and rebuilt read replica from backup. Verified data consistency using checksums. Recovery completed within RTO of 5 minutes.,,servicenow,0.94,devops-team
INC1036,JIRA-979,similar_incident,Scaled up 15 instances from 93 to 7 pods and optimized query performance by adding database indexes on frequently queried columns. Response times improved from 3s to databasems average.,,jira,0.93,identity-team
INC1037,JIRA-980,similar_incident,Rolled back to previous 10 version to restore functionality,,jira,0.66,security-team
INC1037,JIRA-981,similar_incident,Scaled consumer instances and processed backlog within SLA. Increased from 9 to 39 consumers. Backlog cleared in 10 hours.,,jira,0.75,dba-team
INC1038,SNOW1042,similar_incident,Restarted 18 pods and cleared corrupted cache layer,,servicenow,0.67,observability-team
INC1039,JIRA-982,similar_incident,Renewed SSL certificates and updated load balancer configuration,,jira,0.9,devops-team
INC1039,JIRA-983,related_change,,Elasticsearch cluster version upgrade deployed,jira,,security-team
INC1039,SNOW1043,related_change,,Added new notification templates last sprint,servicenow,,platform-team
INC1040,SNOW1044,similar_incident,Scaled consumer instances and processed backlog within SLA. Increased from 5 to 94 consumers. Backlog cleared in 2 hours.,,servicenow,0.66,api-team
INC1040,JIRA-984,related_change,,New order notification feature deployed,jira,,platform-team
INC1040,SNOW1045,similar_incident,Rolled back to previous 9 version to restore functionality,,servicenow,0.68,platform-team
INC1041,SNOW1046,similar_incident,Increased connection pool size from 13 to 80 connections and added exponential backoff retry logic with max 3 attempts. Monitored for 24 hours and confirmed resolution.,,servicenow,0.81,identity-team
INC1041,JIRA-985,related_change,,New order notification feature deployed,jira,,platform-team
INC1041,JIRA-986,similar_incident,Renewed SSL certificates and updated load balancer configuration,,jira,0.9,dba-team
INC1042,JIRA-987,similar_incident,Manually purged CDN cache and verified asset propagation,,jira,0.66,api-team
INC1042,JIRA-988,similar_incident,Manually purged CDN cache and verified asset propagation,,jira,0.77,dba-team
INC1043,SNOW1047,similar_incident,Scaled consumer instances and processed backlog within SLA. Increased from 20 to 52 consumers. Backlog cleared in 10 hours.,,servicenow,0.94,devops-team
INC1043,JIRA-989,similar_incident,Increased connection pool size from 8 to 67 connections and added exponential backoff retry logic with max 3 attempts. Monitored for 24 hours and confirmed resolution.,,jira,0.72,ops-team
INC1044,JIRA-990,similar_incident,Increased connection pool size from 19 to 96 connections and added exponential backoff retry logic with max 3 attempts. Monitored for 24 hours and confirmed resolution.,,jira,0.67,infra-team
INC1044,JIRA-991,related_change,,Rate limiting threshold adjustment for new API tier,jira,,ops-team
INC1045,JIRA-992,similar_incident,Scaled up 13 instances from 74 to 6 pods and optimized query performance by adding database indexes on frequently queried columns. Response times improved from 5s to APIms average.,,jira,0.78,platform-team
INC1045,SNOW1048,related_change,,Redis cluster scaling performed last week,servicenow,,infra-team
INC1045,JIRA-993,related_change,,Added backup OAuth provider configuration,jira,,dba-team
INC1046,JIRA-994,similar_incident,Scaled consumer instances and processed backlog within SLA. Increased from 18 to 87 consumers. Backlog cleared in 7 hours.,,jira,0.89,ops-team
INC1047,SNOW1049,similar_incident,Scaled consumer instances and processed backlog within SLA. Increased from 14 to 75 consumers. Backlog cleared in 8 hours.,,servicenow,0.9,infra-team
INC1048,SNOW1050,similar_incident,Implemented 12 for automatic failover. Configured 41-node cluster with quorum of 10. Tested failover scenarios successfully.,,servicenow,0.83,platform-team
INC1048,SNOW1051,similar_incident,Increased connection pool size from 9 to 74 connections and added exponential backoff retry logic with max 3 attempts. Monitored for 24 hours and confirmed resolution.,,servicenow,0.89,identity-team
INC1049,SNOW1052,similar_incident,Restarted 20 pods and cleared corrupted cache layer,,servicenow,0.77,devops-team
INC1050,JIRA-995,similar_incident,Scaled up 10 instances from 83 to 3 pods and optimized query performance by adding database indexes on frequently queried columns. Response times improved from 3s to gatewayms average.,,jira,0.8,api-team
INC1050,SNOW1053,similar_incident,Scaled up 9 instances from 63 to 2 pods and optimized query performance by adding database indexes on frequently queried columns. Response times improved from 2s to gatewayms average.,,servicenow,0.75,identity-team
INC1050,SNOW1054,similar_incident,Promoted replica to primary and rebuilt read replica from backup. Verified data consistency using checksums. Recovery completed within RTO of 14 minutes.,,servicenow,0.93,identity-team
INC1051,JIRA-996,similar_incident,Scaled consumer instances and processed backlog within SLA. Increased from 19 to 60 consumers. Backlog cleared in 10 hours.,,jira,0.75,api-team
INC1052,JIRA-997,similar_incident,Rolled back to previous 5 version to restore functionality,,jira,0.89,search-team
INC1053,SNOW1055,similar_incident,Increased connection pool size from 7 to 67 connections and added exponential backoff retry logic with max 3 attempts. Monitored for 24 hours and confirmed resolution.,,servicenow,0.75,api-team
INC1054,SNOW1056,similar_incident,Restarted 13 pods and cleared corrupted cache layer,,servicenow,0.75,search-team
INC1055,JIRA-998,similar_incident,Scaled consumer instances and processed backlog within SLA. Increased from 9 to 95 consumers. Backlog cleared in 9 hours.,,jira,0.81,search-team
INC1055,JIRA-999,similar_incident,Fixed 15 timeout by increasing connection timeout to 49s and implementing circuit breaker pattern. Also added health check monitoring.,,jira,0.65,api-team
INC1056,SNOW1057,similar_incident,Increased connection pool size from 9 to 58 connections and added exponential backoff retry logic with max 3 attempts. Monitored for 24 hours and confirmed resolution.,,servicenow,0.88,infra-team
INC1057,SNOW1058,similar_incident,Fixed 16 timeout by increasing connection timeout to 40s and implementing circuit breaker pattern. Also added health check monitoring.,,servicenow,0.91,search-team
INC1057,SNOW1059,similar_incident,Renewed SSL certificates and updated load balancer configuration,,servicenow,0.92,platform-team
INC1058,JIRA-1000,similar_incident,Scaled up 18 instances from 81 to 8 pods and optimized query performance by adding database indexes on frequently queried columns. Response times improved from 1s to APIms average.,,jira,0.91,search-team
INC1059,SNOW1060,similar_incident,Restarted 14 pods and cleared corrupted cache layer,,servicenow,0.82,devops-team
INC1060,JIRA-1001,similar_incident,Scaled up 15 instances from 47 to 9 pods and optimized query performance by adding database indexes on frequently queried columns. Response times improved from 4s to APIms average.,,jira,0.91,infra-team
INC1061,JIRA-1002,similar_incident,Implemented 9 for automatic failover. Configured 31-node cluster with quorum of 4. Tested failover scenarios successfully.,,jira,0.7,dba-team
INC1061,JIRA-1003,similar_incident,Scaled up 12 instances from 89 to 5 pods and optimized query performance by adding database indexes on frequently queried columns. Response times improved from 4s to Redisms average.,,jira,0.76,security-team
INC1062,SNOW1061,similar_incident,Scaled up 6 instances from 49 to 8 pods and optimized query performance by adding database indexes on frequently queried columns. Response times improved from 4s to APIms average.,,servicenow,0.94,platform-team
INC1063,SNOW1062,similar_incident,Manually purged CDN cache and verified asset propagation,,servicenow,0.78,observability-team
INC1064,SNOW1063,similar_incident,Increased connection pool size from 13 to 88 connections and added exponential backoff retry logic with max 3 attempts. Monitored for 24 hours and confirmed resolution.,,servicenow,0.91,security-team
INC1064,SNOW1064,related_change,,Fluentd configuration update for new log format,servicenow,,payments-team
INC1065,SNOW1065,similar_incident,Implemented 20 for automatic failover. Configured 82-node cluster with quorum of 10. Tested failover scenarios successfully.,,servicenow,0.67,identity-team
INC1065,SNOW1066,similar_incident,Implemented 7 for automatic failover. Configured 65-node cluster with quorum of 3. Tested failover scenarios successfully.,,servicenow,0.68,security-team
INC1066,SNOW1067,similar_incident,Implemented 5 for automatic failover. Configured 73-node cluster with quorum of 3. Tested failover scenarios successfully.,,servicenow,0.85,platform-team
INC1066,JIRA-1004,similar_incident,Implemented 14 for automatic failover. Configured 87-node cluster with quorum of 2. Tested failover scenarios successfully.,,jira,0.65,observability-team
INC1066,JIRA-1005,similar_incident,Scaled consumer instances and processed backlog within SLA. Increased from 19 to 42 consumers. Backlog cleared in 6 hours.,,jira,0.72,search-team
INC1067,SNOW1068,similar_incident,Scaled up 13 instances from 75 to 8 pods and optimized query performance by adding database indexes on frequently queried columns. Response times improved from 3s to gatewayms average.,,servicenow,0.69,ops-team
INC1068,JIRA-1006,similar_incident,Promoted replica to primary and rebuilt read replica from backup. Verified data consistency using checksums. Recovery completed within RTO of 20 minutes.,,jira,0.72,infra-team
INC1069,JIRA-1007,similar_incident,Implemented 19 for automatic failover. Configured 30-node cluster with quorum of 5. Tested failover scenarios successfully.,,jira,0.87,security-team
INC1069,JIRA-1008,related_change,,Deployed new checkout-service version with performance improvements,jira,,identity-team
INC1070,JIRA-1009,similar_incident,Implemented 7 for automatic failover. Configured 30-node cluster with quorum of 8. Tested failover scenarios successfully.,,jira,0.78,observability-team
INC1070,JIRA-1010,related_change,,Added new notification templates last sprint,jira,,platform-team
INC1070,SNOW1069,similar_incident,Promoted replica to primary and rebuilt read replica from backup. Verified data consistency using checksums. Recovery completed within RTO of 20 minutes.,,servicenow,0.66,observability-team
INC1071,JIRA-1011,similar_incident,Promoted replica to primary and rebuilt read replica from backup. Verified data consistency using checksums. Recovery completed within RTO of 14 minutes.,,jira,0.77,search-team
INC1071,JIRA-1012,related_change,,Database migration completed last week,jira,,ops-team
INC1071,SNOW1070,related_change,,Elasticsearch cluster version upgrade deployed,servicenow,,devops-team
INC1072,JIRA-1013,similar_incident,Restarted 14 pods and cleared corrupted cache layer,,jira,0.73,devops-team
INC1072,SNOW1071,related_change,,Database migration completed last week,servicenow,,api-team
INC1073,SNOW1072,similar_incident,Scaled consumer instances and processed backlog within SLA. Increased from 8 to 33 consumers. Backlog cleared in 2 hours.,,servicenow,0.88,ops-team
INC1073,JIRA-1014,related_change,,Registry storage migration performed,jira,,platform-team
INC1073,SNOW1073,related_change,,Node capacity upgrade scheduled for maintenance window,servicenow,,api-team
INC1074,JIRA-1015,similar_incident,Manually purged CDN cache and verified asset propagation,,jira,0.71,api-team
INC1074,SNOW1074,similar_incident,Restarted 8 pods and cleared corrupted cache layer,,servicenow,0.87,observability-team
INC1074,JIRA-1016,similar_incident,Increased connection pool size from 13 to 33 connections and added exponential backoff retry logic with max 3 attempts. Monitored for 24 hours and confirmed resolution.,,jira,0.74,api-team
INC1075,JIRA-1017,similar_incident,Manually purged CDN cache and verified asset propagation,,jira,0.78,api-team
INC1075,JIRA-1018,similar_incident,Rolled back to previous 12 version to restore functionality,,jira,0.77,infra-team
INC1076,SNOW1075,similar_incident,Manually purged CDN cache and verified asset propagation,,servicenow,0.96,payments-team
INC1077,SNOW1076,similar_incident,Rolled back to previous 12 version to restore functionality,,servicenow,0.84,search-team
INC1077,SNOW1077,related_change,,Heavy batch job scheduled during peak hours,servicenow,,dba-team
INC1078,JIRA-1019,similar_incident,Rolled back to previous 17 version to restore functionality,,jira,0.96,payments-team
INC1078,SNOW1078,related_change,,Registry storage migration performed,servicenow,,platform-team
INC1079,SNOW1079,similar_incident,Implemented 20 for automatic failover. Configured 49-node cluster with quorum of 5. Tested failover scenarios successfully.,,servicenow,0.77,dba-team
INC1079,JIRA-1020,similar_incident,Manually purged CDN cache and verified asset propagation,,jira,0.7,payments-team
INC1080,JIRA-1021,similar_incident,Renewed SSL certificates and updated load balancer configuration,,jira,0.79,security-team
INC1080,SNOW1080,related_change,,New order notification feature deployed,servicenow,,infra-team
INC1081,SNOW1081,similar_incident,Implemented 11 for automatic failover. Configured 45-node cluster with quorum of 9. Tested failover scenarios successfully.,,servicenow,0.94,devops-team
INC1082,SNOW1082,similar_incident,Promoted replica to primary and rebuilt read replica from backup. Verified data consistency using checksums. Recovery completed within RTO of 16 minutes.,,servicenow,0.84,platform-team
INC1082,SNOW1083,similar_incident,Scaled consumer instances and processed backlog within SLA. Increased from 9 to 73 consumers. Backlog cleared in 2 hours.,,servicenow,0.84,identity-team
INC1083,JIRA-1022,similar_incident,Scaled consumer instances and processed backlog within SLA. Increased from 14 to 81 consumers. Backlog cleared in 5 hours.,,jira,0.79,platform-team
INC1083,SNOW1084,related_change,,Heavy batch job scheduled during peak hours,servicenow,,dba-team
INC1084,JIRA-1023,similar_incident,Promoted replica to primary and rebuilt read replica from backup. Verified data consistency using checksums. Recovery completed within RTO of 20 minutes.,,jira,0.86,dba-team
INC1084,JIRA-1024,similar_incident,Renewed SSL certificates and updated load balancer configuration,,jira,0.96,security-team
INC1084,JIRA-1025,similar_incident,Promoted replica to primary and rebuilt read replica from backup. Verified data consistency using checksums. Recovery completed within RTO of 15 minutes.,,jira,0.94,observability-team
INC1085,SNOW1085,similar_incident,Increased connection pool size from 6 to 40 connections and added exponential backoff retry logic with max 3 attempts. Monitored for 24 hours and confirmed resolution.,,servicenow,0.78,search-team
INC1085,JIRA-1026,similar_incident,Manually purged CDN cache and verified asset propagation,,jira,0.79,payments-team
INC1086,JIRA-1027,similar_incident,Implemented 7 for automatic failover. Configured 47-node cluster with quorum of 3. Tested failover scenarios successfully.,,jira,0.86,payments-team
INC1086,SNOW1086,similar_incident,Renewed SSL certificates and updated load balancer configuration,,servicenow,0.91,identity-team
INC1086,JIRA-1028,similar_incident,Renewed SSL certificates and updated load balancer configuration,,jira,0.91,devops-team
INC1087,SNOW1087,similar_incident,Rolled back to previous 11 version to restore functionality,,servicenow,0.69,security-team
INC1087,JIRA-1029,similar_incident,Scaled consumer instances and processed backlog within SLA. Increased from 16 to 70 consumers. Backlog cleared in 8 hours.,,jira,0.69,dba-team
INC1088,SNOW1088,similar_incident,Fixed 5 timeout by increasing connection timeout to 82s and implementing circuit breaker pattern. Also added health check monitoring.,,servicenow,0.9,security-team
INC1089,JIRA-1030,similar_incident,Scaled consumer instances and processed backlog within SLA. Increased from 7 to 58 consumers. Backlog cleared in 2 hours.,,jira,0.73,payments-team
INC1090,JIRA-1031,similar_incident,Manually purged CDN cache and verified asset propagation,,jira,0.72,identity-team
INC1091,SNOW1089,similar_incident,Promoted replica to primary and rebuilt read replica from backup. Verified data consistency using checksums. Recovery completed within RTO of 7 minutes.,,servicenow,0.91,dba-team
INC1091,SNOW1090,similar_incident,Manually purged CDN cache and verified asset propagation,,servicenow,0.86,security-team
INC1091,SNOW1091,similar_incident,Promoted replica to primary and rebuilt read replica from backup. Verified data consistency using checksums. Recovery completed within RTO of 9 minutes.,,servicenow,0.7,dba-team
INC1092,SNOW1092,similar_incident,Restarted 13 pods and cleared corrupted cache layer,,servicenow,0.93,ops-team
INC1092,JIRA-1032,related_change,,Automated certificate rotation implementation in progress,jira,,ops-team
INC1092,JIRA-1033,related_change,,Registry storage migration performed,jira,,payments-team
INC1093,JIRA-1034,similar_incident,Renewed SSL certificates and updated load balancer configuration,,jira,0.78,search-team
INC1094,SNOW1093,similar_incident,Scaled up 14 instances from 58 to 5 pods and optimized query performance by adding database indexes on frequently queried columns. Response times improved from 1s to databasems average.,,servicenow,0.66,platform-team
INC1095,SNOW1094,similar_incident,Promoted replica to primary and rebuilt read replica from backup. Verified data consistency using checksums. Recovery completed within RTO of 20 minutes.,,servicenow,0.83,api-team
INC1095,SNOW1095,related_change,,New order notification feature deployed,servicenow,,dba-team
INC1095,SNOW1096,related_change,,CDN configuration update for cache TTL,servicenow,,search-team
INC1096,SNOW1097,similar_incident,Fixed 16 timeout by increasing connection timeout to 42s and implementing circuit breaker pattern. Also added health check monitoring.,,servicenow,0.95,platform-team
INC1096,JIRA-1035,similar_incident,Scaled up 18 instances from 52 to 8 pods and optimized query performance by adding database indexes on frequently queried columns. Response times improved from 4s to Redisms average.,,jira,0.7,payments-team
INC1097,JIRA-1036,similar_incident,Scaled up 5 instances from 52 to 7 pods and optimized query performance by adding database indexes on frequently queried columns. Response times improved from 3s to APIms average.,,jira,0.83,devops-team
INC1097,JIRA-1037,related_change,,Registry storage migration performed,jira,,platform-team
INC1098,JIRA-1038,similar_incident,Manually purged CDN cache and verified asset propagation,,jira,0.71,api-team
INC1099,JIRA-1039,similar_incident,Manually purged CDN cache and verified asset propagation,,jira,0.75,infra-team
INC1099,JIRA-1040,similar_incident,Manually purged CDN cache and verified asset propagation,,jira,0.95,api-team
INC1100,JIRA-1041,similar_incident,Restarted 13 pods and cleared corrupted cache layer,,jira,0.96,api-team
INC1101,SNOW1098,similar_incident,Rolled back to previous 18 version to restore functionality,,servicenow,0.68,platform-team
INC1101,SNOW1099,related_change,,CDN configuration update for cache TTL,servicenow,,infra-team
INC1102,SNOW1100,similar_incident,Rolled back to previous 11 version to restore functionality,,servicenow,0.77,observability-team
INC1102,SNOW1101,similar_incident,Renewed SSL certificates and updated load balancer configuration,,servicenow,0.87,search-team
INC1103,SNOW1102,similar_incident,Implemented 9 for automatic failover. Configured 95-node cluster with quorum of 9. Tested failover scenarios successfully.,,servicenow,0.66,payments-team
INC1103,JIRA-1042,similar_incident,Scaled up 10 instances from 86 to 5 pods and optimized query performance by adding database indexes on frequently queried columns. Response times improved from 4s to gatewayms average.,,jira,0.82,api-team
INC1103,SNOW1103,similar_incident,Increased connection pool size from 20 to 47 connections and added exponential backoff retry logic with max 3 attempts. Monitored for 24 hours and confirmed resolution.,,servicenow,0.91,security-team
INC1104,JIRA-1043,similar_incident,Fixed 20 timeout by increasing connection timeout to 62s and implementing circuit breaker pattern. Also added health check monitoring.,,jira,0.84,ops-team
INC1104,JIRA-1044,similar_incident,Scaled consumer instances and processed backlog within SLA. Increased from 15 to 38 consumers. Backlog cleared in 4 hours.,,jira,0.75,api-team
INC1104,SNOW1104,similar_incident,Promoted replica to primary and rebuilt read replica from backup. Verified data consistency using checksums. Recovery completed within RTO of 7 minutes.,,servicenow,0.86,security-team
INC1105,SNOW1105,similar_incident,Fixed 18 timeout by increasing connection timeout to 52s and implementing circuit breaker pattern. Also added health check monitoring.,,servicenow,0.78,dba-team
INC1105,JIRA-1045,similar_incident,Fixed 12 timeout by increasing connection timeout to 71s and implementing circuit breaker pattern. Also added health check monitoring.,,jira,0.65,dba-team
INC1106,JIRA-1046,similar_incident,Fixed 13 timeout by increasing connection timeout to 55s and implementing circuit breaker pattern. Also added health check monitoring.,,jira,0.69,platform-team
INC1107,SNOW1106,similar_incident,Renewed SSL certificates and updated load balancer configuration,,servicenow,0.66,observability-team
INC1107,SNOW1107,related_change,,New order notification feature deployed,servicenow,,search-team
INC1108,SNOW1108,similar_incident,Scaled up 18 instances from 84 to 8 pods and optimized query performance by adding database indexes on frequently queried columns. Response times improved from 5s to databasems average.,,servicenow,0.65,security-team
INC1108,SNOW1109,similar_incident,Implemented 16 for automatic failover. Configured 65-node cluster with quorum of 6. Tested failover scenarios successfully.,,servicenow,0.68,infra-team
INC1109,JIRA-1047,similar_incident,Manually purged CDN cache and verified asset propagation,,jira,0.79,api-team
INC1109,SNOW1110,related_change,,Automated certificate rotation implementation in progress,servicenow,,platform-team
INC1110,JIRA-1048,similar_incident,Renewed SSL certificates and updated load balancer configuration,,jira,0.66,platform-team
INC1110,JIRA-1049,similar_incident,Restarted 18 pods and cleared corrupted cache layer,,jira,0.81,ops-team
INC1110,SNOW1111,related_change,,Deployed new order-service version with performance improvements,servicenow,,dba-team
INC1111,SNOW1112,similar_incident,Promoted replica to primary and rebuilt read replica from backup. Verified data consistency using checksums. Recovery completed within RTO of 5 minutes.,,servicenow,0.75,devops-team
INC1111,SNOW1113,related_change,,Node capacity upgrade scheduled for maintenance window,servicenow,,dba-team
INC1112,SNOW1114,similar_incident,Fixed 9 timeout by increasing connection timeout to 100s and implementing circuit breaker pattern. Also added health check monitoring.,,servicenow,0.71,devops-team
INC1113,JIRA-1050,similar_incident,Implemented 12 for automatic failover. Configured 74-node cluster with quorum of 6. Tested failover scenarios successfully.,,jira,0.96,search-team
INC1113,SNOW1115,related_change,,New order notification feature deployed,servicenow,,devops-team
INC1114,SNOW1116,similar_incident,Manually purged CDN cache and verified asset propagation,,servicenow,0.76,ops-team
INC1114,SNOW1117,similar_incident,Scaled up 15 instances from 50 to 7 pods and optimized query performance by adding database indexes on frequently queried columns. Response times improved from 3s to APIms average.,,servicenow,0.91,platform-team
INC1114,JIRA-1051,related_change,,New order notification feature deployed,jira,,search-team
INC1115,SNOW1118,similar_incident,Scaled consumer instances and processed backlog within SLA. Increased from 6 to 58 consumers. Backlog cleared in 3 hours.,,servicenow,0.83,platform-team
INC1115,SNOW1119,similar_incident,Implemented 16 for automatic failover. Configured 98-node cluster with quorum of 10. Tested failover scenarios successfully.,,servicenow,0.69,api-team
INC1115,JIRA-1052,similar_incident,Implemented 9 for automatic failover. Configured 52-node cluster with quorum of 5. Tested failover scenarios successfully.,,jira,0.85,api-team
INC1116,SNOW1120,similar_incident,Increased connection pool size from 15 to 75 connections and added exponential backoff retry logic with max 3 attempts. Monitored for 24 hours and confirmed resolution.,,servicenow,0.8,dba-team
INC1116,SNOW1121,similar_incident,Rolled back to previous 19 version to restore functionality,,servicenow,0.79,observability-team
INC1117,JIRA-1053,similar_incident,Implemented 15 for automatic failover. Configured 43-node cluster with quorum of 3. Tested failover scenarios successfully.,,jira,0.83,payments-team
INC1118,JIRA-1054,similar_incident,Increased connection pool size from 8 to 74 connections and added exponential backoff retry logic with max 3 attempts. Monitored for 24 hours and confirmed resolution.,,jira,0.71,search-team
INC1118,JIRA-1055,similar_incident,Increased connection pool size from 11 to 64 connections and added exponential backoff retry logic with max 3 attempts. Monitored for 24 hours and confirmed resolution.,,jira,0.86,observability-team
INC1119,SNOW1122,similar_incident,Increased connection pool size from 20 to 65 connections and added exponential backoff retry logic with max 3 attempts. Monitored for 24 hours and confirmed resolution.,,servicenow,0.88,payments-team
INC1119,JIRA-1056,similar_incident,Restarted 8 pods and cleared corrupted cache layer,,jira,0.81,security-team
INC1119,JIRA-1057,related_change,,Rate limiting threshold adjustment for new API tier,jira,,dba-team
INC1120,JIRA-1058,similar_incident,Renewed SSL certificates and updated load balancer configuration,,jira,0.92,security-team
INC1121,JIRA-1059,similar_incident,Renewed SSL certificates and updated load balancer configuration,,jira,0.85,api-team
INC1121,JIRA-1060,similar_incident,Manually purged CDN cache and verified asset propagation,,jira,0.79,payments-team
INC1121,SNOW1123,similar_incident,Manually purged CDN cache and verified asset propagation,,servicenow,0.65,search-team
INC1122,JIRA-1061,similar_incident,Rolled back to previous 20 version to restore functionality,,jira,0.86,infra-team
INC1123,JIRA-1062,similar_incident,Implemented 13 for automatic failover. Configured 44-node cluster with quorum of 2. Tested failover scenarios successfully.,,jira,0.93,infra-team
INC1123,SNOW1124,related_change,,Payment provider SDK upgrade deployed yesterday,servicenow,,security-team
INC1123,JIRA-1063,related_change,,Automated certificate rotation implementation in progress,jira,,dba-team
INC1124,SNOW1125,similar_incident,Implemented 19 for automatic failover. Configured 75-node cluster with quorum of 3. Tested failover scenarios successfully.,,servicenow,0.73,payments-team
INC1124,SNOW1126,related_change,,Heavy batch job scheduled during peak hours,servicenow,,observability-team
INC1124,SNOW1127,related_change,,Registry storage migration performed,servicenow,,identity-team
INC1125,JIRA-1064,similar_incident,Promoted replica to primary and rebuilt read replica from backup. Verified data consistency using checksums. Recovery completed within RTO of 15 minutes.,,jira,0.78,security-team
INC1125,SNOW1128,related_change,,Elasticsearch cluster version upgrade deployed,servicenow,,payments-team
INC1125,JIRA-1065,similar_incident,Implemented 6 for automatic failover. Configured 92-node cluster with quorum of 5. Tested failover scenarios successfully.,,jira,0.9,infra-team
INC1126,JIRA-1066,similar_incident,Scaled consumer instances and processed backlog within SLA. Increased from 8 to 54 consumers. Backlog cleared in 7 hours.,,jira,0.81,infra-team
INC1126,SNOW1129,related_change,,Added backup OAuth provider configuration,servicenow,,api-team
INC1127,SNOW1130,similar_incident,Rolled back to previous 11 version to restore functionality,,servicenow,0.93,search-team
INC1128,JIRA-1067,similar_incident,Fixed 15 timeout by increasing connection timeout to 35s and implementing circuit breaker pattern. Also added health check monitoring.,,jira,0.94,dba-team
INC1128,JIRA-1068,related_change,,Added new notification templates last sprint,jira,,search-team
INC1129,JIRA-1069,similar_incident,Rolled back to previous 15 version to restore functionality,,jira,0.7,platform-team
INC1130,SNOW1131,similar_incident,Rolled back to previous 9 version to restore functionality,,servicenow,0.67,platform-team
INC1130,JIRA-1070,related_change,,Rate limiting threshold adjustment for new API tier,jira,,infra-team
INC1130,SNOW1132,similar_incident,Promoted replica to primary and rebuilt read replica from backup. Verified data consistency using checksums. Recovery completed within RTO of 15 minutes.,,servicenow,0.66,devops-team
INC1131,SNOW1133,similar_incident,Restarted 13 pods and cleared corrupted cache layer,,servicenow,0.94,observability-team
INC1131,JIRA-1071,related_change,,Registry storage migration performed,jira,,dba-team
INC1132,JIRA-1072,similar_incident,Scaled up 10 instances from 43 to 10 pods and optimized query performance by adding database indexes on frequently queried columns. Response times improved from 5s to servicems average.,,jira,0.68,observability-team
INC1132,SNOW1134,related_change,,Heavy batch job scheduled during peak hours,servicenow,,api-team
INC1133,SNOW1135,similar_incident,Scaled consumer instances and processed backlog within SLA. Increased from 15 to 33 consumers. Backlog cleared in 9 hours.,,servicenow,0.7,security-team
INC1133,SNOW1136,similar_incident,Increased connection pool size from 16 to 79 connections and added exponential backoff retry logic with max 3 attempts. Monitored for 24 hours and confirmed resolution.,,servicenow,0.87,ops-team
INC1133,SNOW1137,similar_incident,Implemented 16 for automatic failover. Configured 77-node cluster with quorum of 7. Tested failover scenarios successfully.,,servicenow,0.67,ops-team
INC1134,SNOW1138,similar_incident,Promoted replica to primary and rebuilt read replica from backup. Verified data consistency using checksums. Recovery completed within RTO of 18 minutes.,,servicenow,0.84,dba-team
INC1134,JIRA-1073,similar_incident,Rolled back to previous 9 version to restore functionality,,jira,0.67,ops-team
INC1135,JIRA-1074,similar_incident,Increased connection pool size from 5 to 96 connections and added exponential backoff retry logic with max 3 attempts. Monitored for 24 hours and confirmed resolution.,,jira,0.77,dba-team
INC1135,SNOW1139,related_change,,Rate limiting threshold adjustment for new API tier,servicenow,,infra-team
INC1135,SNOW1140,similar_incident,Fixed 9 timeout by increasing connection timeout to 37s and implementing circuit breaker pattern. Also added health check monitoring.,,servicenow,0.77,devops-team
INC1136,SNOW1141,similar_incident,Scaled consumer instances and processed backlog within SLA. Increased from 19 to 33 consumers. Backlog cleared in 3 hours.,,servicenow,0.66,search-team
INC1136,SNOW1142,similar_incident,Implemented 14 for automatic failover. Configured 34-node cluster with quorum of 9. Tested failover scenarios successfully.,,servicenow,0.93,security-team
INC1137,JIRA-1075,similar_incident,Fixed 7 timeout by increasing connection timeout to 100s and implementing circuit breaker pattern. Also added health check monitoring.,,jira,0.88,observability-team
INC1138,SNOW1143,similar_incident,Manually purged CDN cache and verified asset propagation,,servicenow,0.94,api-team
INC1139,SNOW1144,similar_incident,Scaled up 5 instances from 73 to 5 pods and optimized query performance by adding database indexes on frequently queried columns. Response times improved from 1s to databasems average.,,servicenow,0.7,api-team
INC1139,JIRA-1076,similar_incident,Increased connection pool size from 9 to 48 connections and added exponential backoff retry logic with max 3 attempts. Monitored for 24 hours and confirmed resolution.,,jira,0.88,payments-team
INC1139,SNOW1145,related_change,,Registry storage migration performed,servicenow,,platform-team
INC1140,JIRA-1077,similar_incident,Implemented 15 for automatic failover. Configured 92-node cluster with quorum of 10. Tested failover scenarios successfully.,,jira,0.93,devops-team
INC1141,SNOW1146,similar_incident,Scaled consumer instances and processed backlog within SLA. Increased from 11 to 49 consumers. Backlog cleared in 4 hours.,,servicenow,0.95,dba-team
INC1142,JIRA-1078,similar_incident,Manually purged CDN cache and verified asset propagation,,jira,0.82,observability-team
INC1143,JIRA-1079,similar_incident,Scaled consumer instances and processed backlog within SLA. Increased from 18 to 76 consumers. Backlog cleared in 10 hours.,,jira,0.88,security-team
INC1143,JIRA-1080,related_change,,Redis cluster scaling performed last week,jira,,security-team
INC1144,JIRA-1081,similar_incident,Increased connection pool size from 18 to 63 connections and added exponential backoff retry logic with max 3 attempts. Monitored for 24 hours and confirmed resolution.,,jira,0.7,payments-team
INC1145,SNOW1147,similar_incident,Restarted 19 pods and cleared corrupted cache layer,,servicenow,0.73,devops-team
INC1145,JIRA-1082,similar_incident,Manually purged CDN cache and verified asset propagation,,jira,0.73,ops-team
INC1146,JIRA-1083,similar_incident,Restarted 19 pods and cleared corrupted cache layer,,jira,0.81,api-team
INC1146,JIRA-1084,similar_incident,Renewed SSL certificates and updated load balancer configuration,,jira,0.74,search-team
INC1147,SNOW1148,similar_incident,Manually purged CDN cache and verified asset propagation,,servicenow,0.69,infra-team
INC1147,SNOW1149,related_change,,Heavy batch job scheduled during peak hours,servicenow,,platform-team
INC1148,SNOW1150,similar_incident,Scaled consumer instances and processed backlog within SLA. Increased from 13 to 45 consumers. Backlog cleared in 9 hours.,,servicenow,0.71,platform-team
INC1148,JIRA-1085,similar_incident,Renewed SSL certificates and updated load balancer configuration,,jira,0.94,ops-team
INC1148,SNOW1151,related_change,,Redis cluster scaling performed last week,servicenow,,security-team
INC1149,JIRA-1086,similar_incident,Renewed SSL certificates and updated load balancer configuration,,jira,0.81,infra-team
INC1149,SNOW1152,similar_incident,Scaled consumer instances and processed backlog within SLA. Increased from 17 to 69 consumers. Backlog cleared in 9 hours.,,servicenow,0.67,security-team
INC1149,JIRA-1087,similar_incident,Scaled up 10 instances from 63 to 4 pods and optimized query performance by adding database indexes on frequently queried columns. Response times improved from 5s to gatewayms average.,,jira,0.95,infra-team
INC1150,JIRA-1088,similar_incident,Scaled up 17 instances from 32 to 3 pods and optimized query performance by adding database indexes on frequently queried columns. Response times improved from 5s to APIms average.,,jira,0.95,observability-team
INC1150,JIRA-1089,similar_incident,Renewed SSL certificates and updated load balancer configuration,,jira,0.79,security-team
INC1150,SNOW1153,related_change,,Database migration completed last week,servicenow,,devops-team
INC1151,JIRA-1090,similar_incident,Restarted 8 pods and cleared corrupted cache layer,,jira,0.85,dba-team
INC1151,SNOW1154,related_change,,Fluentd configuration update for new log format,servicenow,,observability-team
INC1151,JIRA-1091,similar_incident,Implemented 12 for automatic failover. Configured 58-node cluster with quorum of 8. Tested failover scenarios successfully.,,jira,0.88,payments-team
INC1152,JIRA-1092,similar_incident,Restarted 9 pods and cleared corrupted cache layer,,jira,0.95,search-team
INC1152,SNOW1155,similar_incident,Manually purged CDN cache and verified asset propagation,,servicenow,0.94,api-team
INC1152,SNOW1156,related_change,,Database migration completed last week,servicenow,,observability-team
INC1153,JIRA-1093,similar_incident,Renewed SSL certificates and updated load balancer configuration,,jira,0.88,observability-team
INC1154,SNOW1157,similar_incident,Increased connection pool size from 16 to 36 connections and added exponential backoff retry logic with max 3 attempts. Monitored for 24 hours and confirmed resolution.,,servicenow,0.8,security-team
INC1155,SNOW1158,similar_incident,Manually purged CDN cache and verified asset propagation,,servicenow,0.7,ops-team
INC1155,SNOW1159,similar_incident,Fixed 20 timeout by increasing connection timeout to 76s and implementing circuit breaker pattern. Also added health check monitoring.,,servicenow,0.85,devops-team
INC1155,JIRA-1094,related_change,,Added backup OAuth provider configuration,jira,,api-team
INC1156,JIRA-1095,similar_incident,Implemented 13 for automatic failover. Configured 51-node cluster with quorum of 7. Tested failover scenarios successfully.,,jira,0.89,ops-team
INC1156,JIRA-1096,similar_incident,Increased connection pool size from 14 to 40 connections and added exponential backoff retry logic with max 3 attempts. Monitored for 24 hours and confirmed resolution.,,jira,0.89,payments-team
INC1156,SNOW1160,related_change,,Automated certificate rotation implementation in progress,servicenow,,platform-team
INC1157,JIRA-1097,similar_incident,Scaled up 11 instances from 60 to 9 pods and optimized query performance by adding database indexes on frequently queried columns. Response times improved from 5s to servicems average.,,jira,0.89,infra-team
INC1158,JIRA-1098,similar_incident,Scaled consumer instances and processed backlog within SLA. Increased from 8 to 78 consumers. Backlog cleared in 2 hours.,,jira,0.8,ops-team
INC1158,SNOW1161,related_change,,Automated certificate rotation implementation in progress,servicenow,,observability-team
INC1159,SNOW1162,similar_incident,Promoted replica to primary and rebuilt read replica from backup. Verified data consistency using checksums. Recovery completed within RTO of 14 minutes.,,servicenow,0.73,platform-team
INC1159,SNOW1163,similar_incident,Rolled back to previous 15 version to restore functionality,,servicenow,0.86,api-team
INC1159,JIRA-1099,related_change,,Automated certificate rotation implementation in progress,jira,,platform-team
INC1160,SNOW1164,similar_incident,Manually purged CDN cache and verified asset propagation,,servicenow,0.84,ops-team
INC1160,JIRA-1100,similar_incident,Fixed 13 timeout by increasing connection timeout to 77s and implementing circuit breaker pattern. Also added health check monitoring.,,jira,0.88,devops-team
INC1161,SNOW1165,similar_incident,Scaled up 7 instances from 37 to 10 pods and optimized query performance by adding database indexes on frequently queried columns. Response times improved from 3s to Redisms average.,,servicenow,0.73,api-team
INC1162,JIRA-1101,similar_incident,Renewed SSL certificates and updated load balancer configuration,,jira,0.84,ops-team
INC1162,JIRA-1102,similar_incident,Fixed 7 timeout by increasing connection timeout to 61s and implementing circuit breaker pattern. Also added health check monitoring.,,jira,0.81,security-team
INC1162,SNOW1166,similar_incident,Restarted 11 pods and cleared corrupted cache layer,,servicenow,0.7,dba-team
INC1163,JIRA-1103,similar_incident,Fixed 16 timeout by increasing connection timeout to 93s and implementing circuit breaker pattern. Also added health check monitoring.,,jira,0.74,dba-team
INC1163,SNOW1167,related_change,,Rate limiting threshold adjustment for new API tier,servicenow,,payments-team
INC1164,SNOW1168,similar_incident,Manually purged CDN cache and verified asset propagation,,servicenow,0.69,observability-team
INC1164,SNOW1169,related_change,,Elasticsearch cluster version upgrade deployed,servicenow,,observability-team
INC1164,JIRA-1104,related_change,,Elasticsearch cluster version upgrade deployed,jira,,observability-team
INC1165,JIRA-1105,similar_incident,Increased connection pool size from 14 to 52 connections and added exponential backoff retry logic with max 3 attempts. Monitored for 24 hours and confirmed resolution.,,jira,0.87,identity-team
INC1165,JIRA-1106,related_change,,Registry storage migration performed,jira,,platform-team
INC1166,SNOW1170,similar_incident,Implemented 18 for automatic failover. Configured 40-node cluster with quorum of 9. Tested failover scenarios successfully.,,servicenow,0.82,observability-team
INC1167,JIRA-1107,similar_incident,Fixed 10 timeout by increasing connection timeout to 84s and implementing circuit breaker pattern. Also added health check monitoring.,,jira,0.81,payments-team
INC1167,JIRA-1108,related_change,,Elasticsearch cluster version upgrade deployed,jira,,platform-team
INC1168,JIRA-1109,similar_incident,Implemented 15 for automatic failover. Configured 95-node cluster with quorum of 6. Tested failover scenarios successfully.,,jira,0.72,devops-team
INC1168,SNOW1171,similar_incident,Manually purged CDN cache and verified asset propagation,,servicenow,0.94,devops-team
INC1169,SNOW1172,similar_incident,Scaled consumer instances and processed backlog within SLA. Increased from 5 to 72 consumers. Backlog cleared in 8 hours.,,servicenow,0.86,observability-team
INC1170,SNOW1173,similar_incident,Implemented 17 for automatic failover. Configured 61-node cluster with quorum of 10. Tested failover scenarios successfully.,,servicenow,0.7,search-team
INC1171,JIRA-1110,similar_incident,Implemented 20 for automatic failover. Configured 61-node cluster with quorum of 8. Tested failover scenarios successfully.,,jira,0.94,platform-team
INC1171,SNOW1174,related_change,,Redis cluster scaling performed last week,servicenow,,identity-team
INC1172,JIRA-1111,similar_incident,Fixed 9 timeout by increasing connection timeout to 60s and implementing circuit breaker pattern. Also added health check monitoring.,,jira,0.75,dba-team
INC1172,JIRA-1112,similar_incident,Promoted replica to primary and rebuilt read replica from backup. Verified data consistency using checksums. Recovery completed within RTO of 12 minutes.,,jira,0.79,identity-team
INC1172,JIRA-1113,similar_incident,Rolled back to previous 6 version to restore functionality,,jira,0.82,api-team
INC1173,SNOW1175,similar_incident,Implemented 14 for automatic failover. Configured 88-node cluster with quorum of 7. Tested failover scenarios successfully.,,servicenow,0.9,api-team
INC1173,SNOW1176,similar_incident,Scaled up 11 instances from 99 to 2 pods and optimized query performance by adding database indexes on frequently queried columns. Response times improved from 4s to APIms average.,,servicenow,0.82,payments-team
INC1173,JIRA-1114,similar_incident,Scaled consumer instances and processed backlog within SLA. Increased from 18 to 39 consumers. Backlog cleared in 7 hours.,,jira,0.92,infra-team
INC1174,JIRA-1115,similar_incident,Scaled consumer instances and processed backlog within SLA. Increased from 12 to 75 consumers. Backlog cleared in 8 hours.,,jira,0.81,observability-team
INC1174,SNOW1177,similar_incident,Renewed SSL certificates and updated load balancer configuration,,servicenow,0.86,security-team
INC1175,JIRA-1116,similar_incident,Fixed 7 timeout by increasing connection timeout to 51s and implementing circuit breaker pattern. Also added health check monitoring.,,jira,0.83,security-team
INC1176,JIRA-1117,similar_incident,Scaled consumer instances and processed backlog within SLA. Increased from 14 to 52 consumers. Backlog cleared in 10 hours.,,jira,0.96,search-team
INC1176,JIRA-1118,similar_incident,Promoted replica to primary and rebuilt read replica from backup. Verified data consistency using checksums. Recovery completed within RTO of 9 minutes.,,jira,0.9,search-team
INC1177,JIRA-1119,similar_incident,Scaled up 10 instances from 56 to 4 pods and optimized query performance by adding database indexes on frequently queried columns. Response times improved from 1s to servicems average.,,jira,0.94,observability-team
INC1177,JIRA-1120,related_change,,Payment provider SDK upgrade deployed yesterday,jira,,infra-team
INC1177,JIRA-1121,related_change,,CDN configuration update for cache TTL,jira,,search-team
INC1178,SNOW1178,similar_incident,Scaled consumer instances and processed backlog within SLA. Increased from 15 to 53 consumers. Backlog cleared in 9 hours.,,servicenow,0.88,api-team
INC1178,SNOW1179,similar_incident,Fixed 5 timeout by increasing connection timeout to 94s and implementing circuit breaker pattern. Also added health check monitoring.,,servicenow,0.91,ops-team
INC1179,SNOW1180,similar_incident,Increased connection pool size from 18 to 53 connections and added exponential backoff retry logic with max 3 attempts. Monitored for 24 hours and confirmed resolution.,,servicenow,0.85,ops-team
INC1179,JIRA-1122,related_change,,Elasticsearch cluster version upgrade deployed,jira,,security-team
INC1180,JIRA-1123,similar_incident,Scaled consumer instances and processed backlog within SLA. Increased from 10 to 54 consumers. Backlog cleared in 4 hours.,,jira,0.67,api-team
INC1181,SNOW1181,similar_incident,Promoted replica to primary and rebuilt read replica from backup. Verified data consistency using checksums. Recovery completed within RTO of 16 minutes.,,servicenow,0.72,security-team
INC1181,SNOW1182,similar_incident,Renewed SSL certificates and updated load balancer configuration,,servicenow,0.76,infra-team
INC1182,SNOW1183,similar_incident,Implemented 10 for automatic failover. Configured 62-node cluster with quorum of 2. Tested failover scenarios successfully.,,servicenow,0.75,payments-team
INC1182,JIRA-1124,similar_incident,Manually purged CDN cache and verified asset propagation,,jira,0.9,platform-team
INC1183,SNOW1184,similar_incident,Implemented 8 for automatic failover. Configured 43-node cluster with quorum of 8. Tested failover scenarios successfully.,,servicenow,0.91,observability-team
INC1183,SNOW1185,related_change,,Registry storage migration performed,servicenow,,dba-team
INC1184,JIRA-1125,similar_incident,Implemented 17 for automatic failover. Configured 88-node cluster with quorum of 5. Tested failover scenarios successfully.,,jira,0.77,observability-team
INC1184,SNOW1186,related_change,,Automated certificate rotation implementation in progress,servicenow,,platform-team
INC1184,JIRA-1126,related_change,,Elasticsearch cluster version upgrade deployed,jira,,platform-team
INC1185,SNOW1187,similar_incident,Rolled back to previous 10 version to restore functionality,,servicenow,0.84,security-team
INC1185,JIRA-1127,related_change,,Rate limiting threshold adjustment for new API tier,jira,,payments-team
INC1185,JIRA-1128,similar_incident,Increased connection pool size from 18 to 50 connections and added exponential backoff retry logic with max 3 attempts. Monitored for 24 hours and confirmed resolution.,,jira,0.83,identity-team
INC1186,JIRA-1129,similar_incident,Fixed 18 timeout by increasing connection timeout to 65s and implementing circuit breaker pattern. Also added health check monitoring.,,jira,0.85,ops-team
INC1186,JIRA-1130,similar_incident,Increased connection pool size from 7 to 46 connections and added exponential backoff retry logic with max 3 attempts. Monitored for 24 hours and confirmed resolution.,,jira,0.81,infra-team
INC1186,SNOW1188,similar_incident,Renewed SSL certificates and updated load balancer configuration,,servicenow,0.8,observability-team
INC1187,SNOW1189,similar_incident,Renewed SSL certificates and updated load balancer configuration,,servicenow,0.72,observability-team
INC1187,JIRA-1131,related_change,,CDN configuration update for cache TTL,jira,,search-team
INC1188,SNOW1190,similar_incident,Promoted replica to primary and rebuilt read replica from backup. Verified data consistency using checksums. Recovery completed within RTO of 7 minutes.,,servicenow,0.9,dba-team
INC1188,SNOW1191,related_change,,Automated certificate rotation implementation in progress,servicenow,,payments-team
INC1188,SNOW1192,related_change,,Redis cluster scaling performed last week,servicenow,,search-team
INC1189,SNOW1193,similar_incident,Fixed 19 timeout by increasing connection timeout to 92s and implementing circuit breaker pattern. Also added health check monitoring.,,servicenow,0.96,identity-team
INC1189,JIRA-1132,related_change,,Added backup OAuth provider configuration,jira,,devops-team
INC1190,JIRA-1133,similar_incident,Restarted 14 pods and cleared corrupted cache layer,,jira,0.84,api-team
INC1190,JIRA-1134,related_change,,Database migration completed last week,jira,,security-team
INC1191,JIRA-1135,similar_incident,Rolled back to previous 17 version to restore functionality,,jira,0.81,search-team
INC1191,JIRA-1136,similar_incident,Renewed SSL certificates and updated load balancer configuration,,jira,0.72,identity-team
INC1192,SNOW1194,similar_incident,Promoted replica to primary and rebuilt read replica from backup. Verified data consistency using checksums. Recovery completed within RTO of 9 minutes.,,servicenow,0.85,observability-team
INC1192,SNOW1195,similar_incident,Scaled consumer instances and processed backlog within SLA. Increased from 15 to 42 consumers. Backlog cleared in 3 hours.,,servicenow,0.74,identity-team
INC1193,JIRA-1137,similar_incident,Implemented 14 for automatic failover. Configured 70-node cluster with quorum of 4. Tested failover scenarios successfully.,,jira,0.89,observability-team
INC1193,SNOW1196,related_change,,Heavy batch job scheduled during peak hours,servicenow,,dba-team
INC1194,JIRA-1138,similar_incident,Restarted 11 pods and cleared corrupted cache layer,,jira,0.94,api-team
INC1194,SNOW1197,related_change,,Heavy batch job scheduled during peak hours,servicenow,,infra-team
INC1195,SNOW1198,similar_incident,Scaled up 10 instances from 66 to 6 pods and optimized query performance by adding database indexes on frequently queried columns. Response times improved from 1s to servicems average.,,servicenow,0.71,search-team
INC1196,SNOW1199,similar_incident,Implemented 5 for automatic failover. Configured 62-node cluster with quorum of 3. Tested failover scenarios successfully.,,servicenow,0.93,platform-team
INC1196,JIRA-1139,similar_incident,Promoted replica to primary and rebuilt read replica from backup. Verified data consistency using checksums. Recovery completed within RTO of 20 minutes.,,jira,0.84,identity-team
INC1197,SNOW1200,similar_incident,Fixed 12 timeout by increasing connection timeout to 49s and implementing circuit breaker pattern. Also added health check monitoring.,,servicenow,0.68,infra-team
INC1197,SNOW1201,similar_incident,Rolled back to previous 14 version to restore functionality,,servicenow,0.67,devops-team
INC1198,JIRA-1140,similar_incident,Fixed 19 timeout by increasing connection timeout to 84s and implementing circuit breaker pattern. Also added health check monitoring.,,jira,0.8,dba-team
INC1199,SNOW1202,similar_incident,Scaled up 8 instances from 49 to 2 pods and optimized query performance by adding database indexes on frequently queried columns. Response times improved from 2s to APIms average.,,servicenow,0.92,dba-team
INC1199,SNOW1203,similar_incident,Rolled back to previous 6 version to restore functionality,,servicenow,0.66,ops-team
INC1200,SNOW1204,similar_incident,Renewed SSL certificates and updated load balancer configuration,,servicenow,0.82,payments-team
INC1200,SNOW1205,related_change,,Heavy batch job scheduled during peak hours,servicenow,,infra-team
INC1200,JIRA-1141,related_change,,Registry storage migration performed,jira,,infra-team
INC1201,SNOW1206,similar_incident,Rolled back to previous 8 version to restore functionality,,servicenow,0.86,payments-team
INC1201,SNOW1207,related_change,,Redis cluster scaling performed last week,servicenow,,platform-team
INC1202,SNOW1208,similar_incident,Scaled up 19 instances from 49 to 5 pods and optimized query performance by adding database indexes on frequently queried columns. Response times improved from 4s to databasems average.,,servicenow,0.67,dba-team
INC1202,JIRA-1142,similar_incident,Restarted 7 pods and cleared corrupted cache layer,,jira,0.84,security-team
INC1202,JIRA-1143,related_change,,Database migration completed last week,jira,,dba-team
INC1203,SNOW1209,similar_incident,Scaled up 12 instances from 56 to 4 pods and optimized query performance by adding database indexes on frequently queried columns. Response times improved from 1s to servicems average.,,servicenow,0.95,api-team
INC1203,JIRA-1144,related_change,,Redis cluster scaling performed last week,jira,,api-team
INC1204,JIRA-1145,similar_incident,Scaled up 13 instances from 96 to 9 pods and optimized query performance by adding database indexes on frequently queried columns. Response times improved from 4s to gatewayms average.,,jira,0.91,dba-team
INC1205,JIRA-1146,similar_incident,Promoted replica to primary and rebuilt read replica from backup. Verified data consistency using checksums. Recovery completed within RTO of 9 minutes.,,jira,0.91,dba-team
INC1205,SNOW1210,similar_incident,Scaled consumer instances and processed backlog within SLA. Increased from 5 to 55 consumers. Backlog cleared in 9 hours.,,servicenow,0.85,dba-team
INC1206,SNOW1211,similar_incident,Promoted replica to primary and rebuilt read replica from backup. Verified data consistency using checksums. Recovery completed within RTO of 19 minutes.,,servicenow,0.92,devops-team
INC1206,SNOW1212,similar_incident,Scaled consumer instances and processed backlog within SLA. Increased from 17 to 89 consumers. Backlog cleared in 2 hours.,,servicenow,0.84,devops-team
INC1206,JIRA-1147,related_change,,Redis cluster scaling performed last week,jira,,infra-team
INC1207,SNOW1213,similar_incident,Fixed 12 timeout by increasing connection timeout to 57s and implementing circuit breaker pattern. Also added health check monitoring.,,servicenow,0.68,search-team
INC1207,JIRA-1148,similar_incident,Increased connection pool size from 20 to 38 connections and added exponential backoff retry logic with max 3 attempts. Monitored for 24 hours and confirmed resolution.,,jira,0.71,api-team
INC1207,SNOW1214,similar_incident,Implemented 11 for automatic failover. Configured 33-node cluster with quorum of 8. Tested failover scenarios successfully.,,servicenow,0.74,platform-team
INC1208,SNOW1215,similar_incident,Manually purged CDN cache and verified asset propagation,,servicenow,0.92,search-team
INC1208,SNOW1216,similar_incident,Restarted 15 pods and cleared corrupted cache layer,,servicenow,0.91,platform-team
INC1208,JIRA-1149,similar_incident,Promoted replica to primary and rebuilt read replica from backup. Verified data consistency using checksums. Recovery completed within RTO of 15 minutes.,,jira,0.84,devops-team
INC1209,JIRA-1150,similar_incident,Increased connection pool size from 11 to 69 connections and added exponential backoff retry logic with max 3 attempts. Monitored for 24 hours and confirmed resolution.,,jira,0.8,api-team
INC1210,SNOW1217,similar_incident,Renewed SSL certificates and updated load balancer configuration,,servicenow,0.87,identity-team
INC1210,SNOW1218,related_change,,Rate limiting threshold adjustment for new API tier,servicenow,,payments-team
INC1210,SNOW1219,similar_incident,Rolled back to previous 5 version to restore functionality,,servicenow,0.79,security-team
INC1211,JIRA-1151,similar_incident,Scaled consumer instances and processed backlog within SLA. Increased from 18 to 65 consumers. Backlog cleared in 10 hours.,,jira,0.68,ops-team
INC1211,SNOW1220,related_change,,Registry storage migration performed,servicenow,,infra-team
INC1211,SNOW1221,similar_incident,Increased connection pool size from 17 to 59 connections and added exponential backoff retry logic with max 3 attempts. Monitored for 24 hours and confirmed resolution.,,servicenow,0.93,security-team
INC1212,JIRA-1152,similar_incident,Restarted 17 pods and cleared corrupted cache layer,,jira,0.74,ops-team
INC1212,SNOW1222,similar_incident,Implemented 13 for automatic failover. Configured 40-node cluster with quorum of 7. Tested failover scenarios successfully.,,servicenow,0.68,observability-team
INC1212,JIRA-1153,similar_incident,Scaled consumer instances and processed backlog within SLA. Increased from 7 to 39 consumers. Backlog cleared in 8 hours.,,jira,0.68,payments-team
INC1213,SNOW1223,similar_incident,Rolled back to previous 17 version to restore functionality,,servicenow,0.77,payments-team
INC1213,SNOW1224,related_change,,Node capacity upgrade scheduled for maintenance window,servicenow,,api-team
INC1214,JIRA-1154,similar_incident,Scaled consumer instances and processed backlog within SLA. Increased from 16 to 63 consumers. Backlog cleared in 4 hours.,,jira,0.77,payments-team
INC1214,JIRA-1155,similar_incident,Restarted 19 pods and cleared corrupted cache layer,,jira,0.92,search-team
INC1215,JIRA-1156,similar_incident,Promoted replica to primary and rebuilt read replica from backup. Verified data consistency using checksums. Recovery completed within RTO of 13 minutes.,,jira,0.65,search-team
INC1215,SNOW1225,similar_incident,Scaled up 18 instances from 47 to 4 pods and optimized query performance by adding database indexes on frequently queried columns. Response times improved from 4s to servicems average.,,servicenow,0.95,platform-team
INC1215,JIRA-1157,related_change,,Rate limiting threshold adjustment for new API tier,jira,,identity-team
INC1216,SNOW1226,similar_incident,Scaled up 19 instances from 56 to 8 pods and optimized query performance by adding database indexes on frequently queried columns. Response times improved from 5s to servicems average.,,servicenow,0.76,observability-team
INC1216,SNOW1227,related_change,,Fluentd configuration update for new log format,servicenow,,security-team
INC1217,JIRA-1158,similar_incident,Increased connection pool size from 11 to 63 connections and added exponential backoff retry logic with max 3 attempts. Monitored for 24 hours and confirmed resolution.,,jira,0.78,security-team
INC1217,JIRA-1159,similar_incident,Renewed SSL certificates and updated load balancer configuration,,jira,0.69,ops-team
INC1217,SNOW1228,related_change,,Registry storage migration performed,servicenow,,api-team
INC1218,JIRA-1160,similar_incident,Increased connection pool size from 12 to 65 connections and added exponential backoff retry logic with max 3 attempts. Monitored for 24 hours and confirmed resolution.,,jira,0.71,platform-team
INC1218,JIRA-1161,related_change,,Database migration completed last week,jira,,identity-team
INC1218,SNOW1229,related_change,,Payment provider SDK upgrade deployed yesterday,servicenow,,observability-team
INC1219,JIRA-1162,similar_incident,Manually purged CDN cache and verified asset propagation,,jira,0.75,infra-team
INC1219,SNOW1230,related_change,,Registry storage migration performed,servicenow,,search-team
INC1220,JIRA-1163,similar_incident,Implemented 14 for automatic failover. Configured 79-node cluster with quorum of 8. Tested failover scenarios successfully.,,jira,0.69,search-team
INC1221,JIRA-1164,similar_incident,Promoted replica to primary and rebuilt read replica from backup. Verified data consistency using checksums. Recovery completed within RTO of 18 minutes.,,jira,0.65,api-team
INC1222,SNOW1231,similar_incident,Scaled consumer instances and processed backlog within SLA. Increased from 7 to 87 consumers. Backlog cleared in 5 hours.,,servicenow,0.83,search-team
INC1223,JIRA-1165,similar_incident,Manually purged CDN cache and verified asset propagation,,jira,0.71,identity-team
INC1223,JIRA-1166,similar_incident,Scaled consumer instances and processed backlog within SLA. Increased from 11 to 100 consumers. Backlog cleared in 5 hours.,,jira,0.93,platform-team
INC1224,JIRA-1167,similar_incident,Scaled up 6 instances from 36 to 3 pods and optimized query performance by adding database indexes on frequently queried columns. Response times improved from 4s to Redisms average.,,jira,0.82,identity-team
INC1224,SNOW1232,similar_incident,Manually purged CDN cache and verified asset propagation,,servicenow,0.74,api-team
INC1224,JIRA-1168,related_change,,Redis cluster scaling performed last week,jira,,search-team
INC1225,SNOW1233,similar_incident,Increased connection pool size from 13 to 68 connections and added exponential backoff retry logic with max 3 attempts. Monitored for 24 hours and confirmed resolution.,,servicenow,0.7,dba-team
INC1226,SNOW1234,similar_incident,Promoted replica to primary and rebuilt read replica from backup. Verified data consistency using checksums. Recovery completed within RTO of 16 minutes.,,servicenow,0.7,observability-team
INC1226,JIRA-1169,related_change,,Fluentd configuration update for new log format,jira,,infra-team
INC1226,JIRA-1170,related_change,,Added backup OAuth provider configuration,jira,,api-team
INC1227,SNOW1235,similar_incident,Rolled back to previous 6 version to restore functionality,,servicenow,0.85,search-team
INC1227,JIRA-1171,similar_incident,Scaled up 15 instances from 96 to 10 pods and optimized query performance by adding database indexes on frequently queried columns. Response times improved from 2s to Redisms average.,,jira,0.92,devops-team
INC1227,JIRA-1172,similar_incident,Renewed SSL certificates and updated load balancer configuration,,jira,0.9,observability-team
INC1228,SNOW1236,similar_incident,Increased connection pool size from 20 to 45 connections and added exponential backoff retry logic with max 3 attempts. Monitored for 24 hours and confirmed resolution.,,servicenow,0.74,ops-team
INC1228,JIRA-1173,related_change,,Automated certificate rotation implementation in progress,jira,,infra-team
INC1229,SNOW1237,similar_incident,Scaled up 12 instances from 37 to 9 pods and optimized query performance by adding database indexes on frequently queried columns. Response times improved from 3s to gatewayms average.,,servicenow,0.88,security-team
INC1229,JIRA-1174,related_change,,Added new notification templates last sprint,jira,,platform-team
INC1230,JIRA-1175,similar_incident,Fixed 12 timeout by increasing connection timeout to 93s and implementing circuit breaker pattern. Also added health check monitoring.,,jira,0.79,infra-team
INC1230,SNOW1238,related_change,,CDN configuration update for cache TTL,servicenow,,observability-team
INC1230,SNOW1239,similar_incident,Promoted replica to primary and rebuilt read replica from backup. Verified data consistency using checksums. Recovery completed within RTO of 12 minutes.,,servicenow,0.88,identity-team
INC1231,SNOW1240,similar_incident,Renewed SSL certificates and updated load balancer configuration,,servicenow,0.95,platform-team
INC1231,SNOW1241,related_change,,Elasticsearch cluster version upgrade deployed,servicenow,,observability-team
INC1231,SNOW1242,related_change,,Heavy batch job scheduled during peak hours,servicenow,,observability-team
INC1232,JIRA-1176,similar_incident,Increased connection pool size from 9 to 99 connections and added exponential backoff retry logic with max 3 attempts. Monitored for 24 hours and confirmed resolution.,,jira,0.96,search-team
INC1232,JIRA-1177,related_change,,Deployed new frontend version with performance improvements,jira,,dba-team
INC1233,JIRA-1178,similar_incident,Renewed SSL certificates and updated load balancer configuration,,jira,0.69,payments-team
INC1233,SNOW1243,similar_incident,Increased connection pool size from 11 to 90 connections and added exponential backoff retry logic with max 3 attempts. Monitored for 24 hours and confirmed resolution.,,servicenow,0.66,security-team
INC1234,JIRA-1179,similar_incident,Renewed SSL certificates and updated load balancer configuration,,jira,0.89,infra-team
INC1235,JIRA-1180,similar_incident,Scaled consumer instances and processed backlog within SLA. Increased from 12 to 51 consumers. Backlog cleared in 2 hours.,,jira,0.95,devops-team
INC1235,SNOW1244,related_change,,CDN configuration update for cache TTL,servicenow,,security-team
INC1235,JIRA-1181,similar_incident,Scaled consumer instances and processed backlog within SLA. Increased from 20 to 68 consumers. Backlog cleared in 10 hours.,,jira,0.84,platform-team
INC1236,SNOW1245,similar_incident,Restarted 14 pods and cleared corrupted cache layer,,servicenow,0.69,identity-team
INC1236,JIRA-1182,related_change,,Node capacity upgrade scheduled for maintenance window,jira,,api-team
INC1237,JIRA-1183,similar_incident,Scaled up 10 instances from 94 to 3 pods and optimized query performance by adding database indexes on frequently queried columns. Response times improved from 4s to APIms average.,,jira,0.8,platform-team
INC1237,JIRA-1184,similar_incident,Increased connection pool size from 11 to 69 connections and added exponential backoff retry logic with max 3 attempts. Monitored for 24 hours and confirmed resolution.,,jira,0.71,dba-team
INC1237,SNOW1246,related_change,,Added backup OAuth provider configuration,servicenow,,search-team
INC1238,SNOW1247,similar_incident,Rolled back to previous 9 version to restore functionality,,servicenow,0.95,observability-team
INC1239,SNOW1248,similar_incident,Increased connection pool size from 6 to 89 connections and added exponential backoff retry logic with max 3 attempts. Monitored for 24 hours and confirmed resolution.,,servicenow,0.75,payments-team
INC1240,JIRA-1185,similar_incident,Fixed 9 timeout by increasing connection timeout to 64s and implementing circuit breaker pattern. Also added health check monitoring.,,jira,0.69,platform-team
INC1240,JIRA-1186,similar_incident,Restarted 5 pods and cleared corrupted cache layer,,jira,0.84,dba-team
INC1241,SNOW1249,similar_incident,Fixed 20 timeout by increasing connection timeout to 85s and implementing circuit breaker pattern. Also added health check monitoring.,,servicenow,0.7,search-team
INC1242,JIRA-1187,similar_incident,Fixed 12 timeout by increasing connection timeout to 89s and implementing circuit breaker pattern. Also added health check monitoring.,,jira,0.71,identity-team
INC1242,SNOW1250,similar_incident,Increased connection pool size from 12 to 59 connections and added exponential backoff retry logic with max 3 attempts. Monitored for 24 hours and confirmed resolution.,,servicenow,0.86,ops-team
INC1243,SNOW1251,similar_incident,Rolled back to previous 13 version to restore functionality,,servicenow,0.71,identity-team
INC1243,SNOW1252,similar_incident,Scaled up 11 instances from 98 to 6 pods and optimized query performance by adding database indexes on frequently queried columns. Response times improved from 3s to databasems average.,,servicenow,0.89,infra-team
INC1244,SNOW1253,similar_incident,Promoted replica to primary and rebuilt read replica from backup. Verified data consistency using checksums. Recovery completed within RTO of 20 minutes.,,servicenow,0.79,platform-team
INC1245,JIRA-1188,similar_incident,Scaled up 20 instances from 83 to 8 pods and optimized query performance by adding database indexes on frequently queried columns. Response times improved from 5s to Redisms average.,,jira,0.77,dba-team
INC1245,JIRA-1189,related_change,,Automated certificate rotation implementation in progress,jira,,dba-team
INC1245,JIRA-1190,similar_incident,Scaled up 16 instances from 92 to 10 pods and optimized query performance by adding database indexes on frequently queried columns. Response times improved from 2s to databasems average.,,jira,0.86,identity-team
INC1246,JIRA-1191,similar_incident,Increased connection pool size from 15 to 56 connections and added exponential backoff retry logic with max 3 attempts. Monitored for 24 hours and confirmed resolution.,,jira,0.78,devops-team
INC1246,JIRA-1192,similar_incident,Implemented 9 for automatic failover. Configured 97-node cluster with quorum of 10. Tested failover scenarios successfully.,,jira,0.72,payments-team
INC1247,JIRA-1193,similar_incident,Renewed SSL certificates and updated load balancer configuration,,jira,0.92,ops-team
INC1247,SNOW1254,similar_incident,Promoted replica to primary and rebuilt read replica from backup. Verified data consistency using checksums. Recovery completed within RTO of 5 minutes.,,servicenow,0.77,security-team
INC1248,JIRA-1194,similar_incident,Promoted replica to primary and rebuilt read replica from backup. Verified data consistency using checksums. Recovery completed within RTO of 16 minutes.,,jira,0.77,identity-team
INC1248,JIRA-1195,related_change,,Heavy batch job scheduled during peak hours,jira,,observability-team
INC1248,SNOW1255,related_change,,Heavy batch job scheduled during peak hours,servicenow,,dba-team
INC1249,SNOW1256,similar_incident,Implemented 20 for automatic failover. Configured 83-node cluster with quorum of 9. Tested failover scenarios successfully.,,servicenow,0.83,observability-team
INC1249,JIRA-1196,similar_incident,Fixed 16 timeout by increasing connection timeout to 41s and implementing circuit breaker pattern. Also added health check monitoring.,,jira,0.71,infra-team
INC1250,JIRA-1197,similar_incident,Scaled consumer instances and processed backlog within SLA. Increased from 10 to 49 consumers. Backlog cleared in 3 hours.,,jira,0.89,observability-team
INC1251,JIRA-1198,similar_incident,Implemented 11 for automatic failover. Configured 83-node cluster with quorum of 5. Tested failover scenarios successfully.,,jira,0.84,platform-team
INC1252,JIRA-1199,similar_incident,Increased connection pool size from 11 to 74 connections and added exponential backoff retry logic with max 3 attempts. Monitored for 24 hours and confirmed resolution.,,jira,0.78,dba-team
INC1252,JIRA-1200,similar_incident,Scaled up 20 instances from 37 to 10 pods and optimized query performance by adding database indexes on frequently queried columns. Response times improved from 4s to servicems average.,,jira,0.67,infra-team
INC1252,SNOW1257,similar_incident,Fixed 19 timeout by increasing connection timeout to 56s and implementing circuit breaker pattern. Also added health check monitoring.,,servicenow,0.76,infra-team
INC1253,JIRA-1201,similar_incident,Rolled back to previous 10 version to restore functionality,,jira,0.73,search-team
INC1253,SNOW1258,similar_incident,Scaled consumer instances and processed backlog within SLA. Increased from 17 to 30 consumers. Backlog cleared in 3 hours.,,servicenow,0.84,security-team
INC1254,JIRA-1202,similar_incident,Scaled consumer instances and processed backlog within SLA. Increased from 5 to 86 consumers. Backlog cleared in 5 hours.,,jira,0.74,security-team
INC1254,JIRA-1203,similar_incident,Restarted 16 pods and cleared corrupted cache layer,,jira,0.9,platform-team
INC1255,SNOW1259,similar_incident,Manually purged CDN cache and verified asset propagation,,servicenow,0.71,observability-team
INC1255,SNOW1260,related_change,,Automated certificate rotation implementation in progress,servicenow,,security-team
INC1255,JIRA-1204,similar_incident,Increased connection pool size from 14 to 74 connections and added exponential backoff retry logic with max 3 attempts. Monitored for 24 hours and confirmed resolution.,,jira,0.78,identity-team
INC1256,JIRA-1205,similar_incident,Implemented 20 for automatic failover. Configured 57-node cluster with quorum of 5. Tested failover scenarios successfully.,,jira,0.92,infra-team
INC1256,JIRA-1206,similar_incident,Renewed SSL certificates and updated load balancer configuration,,jira,0.94,platform-team
INC1256,SNOW1261,related_change,,Redis cluster scaling performed last week,servicenow,,infra-team
INC1257,JIRA-1207,similar_incident,Scaled up 11 instances from 86 to 10 pods and optimized query performance by adding database indexes on frequently queried columns. Response times improved from 3s to databasems average.,,jira,0.68,api-team
INC1257,SNOW1262,related_change,,Automated certificate rotation implementation in progress,servicenow,,platform-team
INC1258,JIRA-1208,similar_incident,Promoted replica to primary and rebuilt read replica from backup. Verified data consistency using checksums. Recovery completed within RTO of 6 minutes.,,jira,0.81,search-team
INC1259,SNOW1263,similar_incident,Promoted replica to primary and rebuilt read replica from backup. Verified data consistency using checksums. Recovery completed within RTO of 6 minutes.,,servicenow,0.85,dba-team
INC1259,JIRA-1209,related_change,,Redis cluster scaling performed last week,jira,,api-team
INC1260,SNOW1264,similar_incident,Implemented 12 for automatic failover. Configured 68-node cluster with quorum of 5. Tested failover scenarios successfully.,,servicenow,0.78,devops-team
INC1260,JIRA-1210,similar_incident,Scaled up 10 instances from 43 to 7 pods and optimized query performance by adding database indexes on frequently queried columns. Response times improved from 4s to Redisms average.,,jira,0.81,devops-team
INC1260,SNOW1265,similar_incident,Renewed SSL certificates and updated load balancer configuration,,servicenow,0.82,infra-team
INC1261,JIRA-1211,similar_incident,Implemented 18 for automatic failover. Configured 67-node cluster with quorum of 8. Tested failover scenarios successfully.,,jira,0.83,infra-team
INC1262,SNOW1266,similar_incident,Restarted 17 pods and cleared corrupted cache layer,,servicenow,0.88,search-team
INC1263,SNOW1267,similar_incident,Scaled up 18 instances from 40 to 4 pods and optimized query performance by adding database indexes on frequently queried columns. Response times improved from 2s to Redisms average.,,servicenow,0.66,devops-team
INC1263,SNOW1268,related_change,,New order notification feature deployed,servicenow,,payments-team
INC1263,JIRA-1212,related_change,,CDN configuration update for cache TTL,jira,,search-team
INC1264,SNOW1269,similar_incident,Manually purged CDN cache and verified asset propagation,,servicenow,0.93,platform-team
INC1264,SNOW1270,similar_incident,Implemented 8 for automatic failover. Configured 70-node cluster with quorum of 10. Tested failover scenarios successfully.,,servicenow,0.72,api-team
INC1265,JIRA-1213,similar_incident,Scaled consumer instances and processed backlog within SLA. Increased from 5 to 42 consumers. Backlog cleared in 5 hours.,,jira,0.88,security-team
INC1266,SNOW1271,similar_incident,Manually purged CDN cache and verified asset propagation,,servicenow,0.76,devops-team
INC1267,SNOW1272,similar_incident,Renewed SSL certificates and updated load balancer configuration,,servicenow,0.65,platform-team
INC1267,SNOW1273,similar_incident,Fixed 14 timeout by increasing connection timeout to 75s and implementing circuit breaker pattern. Also added health check monitoring.,,servicenow,0.93,dba-team
INC1268,SNOW1274,similar_incident,Scaled consumer instances and processed backlog within SLA. Increased from 7 to 67 consumers. Backlog cleared in 3 hours.,,servicenow,0.89,identity-team
INC1268,JIRA-1214,similar_incident,Promoted replica to primary and rebuilt read replica from backup. Verified data consistency using checksums. Recovery completed within RTO of 15 minutes.,,jira,0.78,api-team
INC1268,JIRA-1215,similar_incident,Renewed SSL certificates and updated load balancer configuration,,jira,0.78,security-team
INC1269,JIRA-1216,similar_incident,Scaled up 20 instances from 30 to 10 pods and optimized query performance by adding database indexes on frequently queried columns. Response times improved from 1s to gatewayms average.,,jira,0.94,identity-team
INC1269,SNOW1275,similar_incident,Renewed SSL certificates and updated load balancer configuration,,servicenow,0.93,identity-team
INC1269,JIRA-1217,similar_incident,Restarted 8 pods and cleared corrupted cache layer,,jira,0.71,observability-team
INC1270,SNOW1276,similar_incident,Rolled back to previous 13 version to restore functionality,,servicenow,0.92,payments-team
INC1271,SNOW1277,similar_incident,Increased connection pool size from 11 to 91 connections and added exponential backoff retry logic with max 3 attempts. Monitored for 24 hours and confirmed resolution.,,servicenow,0.81,observability-team
INC1271,JIRA-1218,related_change,,Payment provider SDK upgrade deployed yesterday,jira,,infra-team
INC1272,JIRA-1219,similar_incident,Implemented 5 for automatic failover. Configured 79-node cluster with quorum of 8. Tested failover scenarios successfully.,,jira,0.93,payments-team
INC1272,SNOW1278,similar_incident,Rolled back to previous 6 version to restore functionality,,servicenow,0.8,search-team
INC1272,SNOW1279,similar_incident,Scaled up 8 instances from 100 to 8 pods and optimized query performance by adding database indexes on frequently queried columns. Response times improved from 1s to Redisms average.,,servicenow,0.68,security-team
INC1273,SNOW1280,similar_incident,Rolled back to previous 12 version to restore functionality,,servicenow,0.83,ops-team
INC1274,JIRA-1220,similar_incident,Manually purged CDN cache and verified asset propagation,,jira,0.87,payments-team
INC1274,SNOW1281,similar_incident,Scaled consumer instances and processed backlog within SLA. Increased from 9 to 58 consumers. Backlog cleared in 3 hours.,,servicenow,0.78,api-team
INC1274,SNOW1282,similar_incident,Manually purged CDN cache and verified asset propagation,,servicenow,0.87,security-team
INC1275,SNOW1283,similar_incident,Manually purged CDN cache and verified asset propagation,,servicenow,0.89,devops-team
INC1275,SNOW1284,related_change,,Node capacity upgrade scheduled for maintenance window,servicenow,,infra-team
INC1275,SNOW1285,related_change,,Payment provider SDK upgrade deployed yesterday,servicenow,,ops-team
INC1276,SNOW1286,similar_incident,Fixed 6 timeout by increasing connection timeout to 57s and implementing circuit breaker pattern. Also added health check monitoring.,,servicenow,0.78,observability-team
INC1277,SNOW1287,similar_incident,Renewed SSL certificates and updated load balancer configuration,,servicenow,0.89,api-team
INC1277,JIRA-1221,related_change,,New order notification feature deployed,jira,,payments-team
INC1278,SNOW1288,similar_incident,Renewed SSL certificates and updated load balancer configuration,,servicenow,0.87,security-team
INC1278,JIRA-1222,similar_incident,Implemented 6 for automatic failover. Configured 100-node cluster with quorum of 5. Tested failover scenarios successfully.,,jira,0.75,ops-team
INC1279,JIRA-1223,similar_incident,Increased connection pool size from 17 to 31 connections and added exponential backoff retry logic with max 3 attempts. Monitored for 24 hours and confirmed resolution.,,jira,0.91,payments-team
INC1279,JIRA-1224,related_change,,Node capacity upgrade scheduled for maintenance window,jira,,platform-team
INC1280,JIRA-1225,similar_incident,Manually purged CDN cache and verified asset propagation,,jira,0.82,search-team
INC1280,JIRA-1226,similar_incident,Restarted 13 pods and cleared corrupted cache layer,,jira,0.86,identity-team
INC1281,SNOW1289,similar_incident,Implemented 16 for automatic failover. Configured 88-node cluster with quorum of 9. Tested failover scenarios successfully.,,servicenow,0.91,observability-team
INC1281,JIRA-1227,related_change,,Redis cluster scaling performed last week,jira,,devops-team
INC1281,JIRA-1228,similar_incident,Manually purged CDN cache and verified asset propagation,,jira,0.9,search-team
INC1282,SNOW1290,similar_incident,Scaled up 17 instances from 66 to 9 pods and optimized query performance by adding database indexes on frequently queried columns. Response times improved from 2s to APIms average.,,servicenow,0.77,devops-team
INC1283,JIRA-1229,similar_incident,Scaled consumer instances and processed backlog within SLA. Increased from 15 to 31 consumers. Backlog cleared in 4 hours.,,jira,0.9,api-team
INC1283,JIRA-1230,similar_incident,Scaled up 17 instances from 79 to 4 pods and optimized query performance by adding database indexes on frequently queried columns. Response times improved from 5s to databasems average.,,jira,0.65,ops-team
INC1284,JIRA-1231,similar_incident,Manually purged CDN cache and verified asset propagation,,jira,0.81,identity-team
INC1285,JIRA-1232,similar_incident,Renewed SSL certificates and updated load balancer configuration,,jira,0.83,devops-team
INC1285,JIRA-1233,related_change,,Heavy batch job scheduled during peak hours,jira,,identity-team
INC1286,SNOW1291,similar_incident,Scaled consumer instances and processed backlog within SLA. Increased from 16 to 78 consumers. Backlog cleared in 4 hours.,,servicenow,0.66,observability-team
INC1287,JIRA-1234,similar_incident,Restarted 9 pods and cleared corrupted cache layer,,jira,0.73,payments-team
INC1288,JIRA-1235,similar_incident,Fixed 15 timeout by increasing connection timeout to 79s and implementing circuit breaker pattern. Also added health check monitoring.,,jira,0.88,ops-team
INC1289,JIRA-1236,similar_incident,Manually purged CDN cache and verified asset propagation,,jira,0.77,search-team
INC1289,SNOW1292,related_change,,Payment provider SDK upgrade deployed yesterday,servicenow,,infra-team
INC1289,SNOW1293,related_change,,Fluentd configuration update for new log format,servicenow,,observability-team
INC1290,JIRA-1237,similar_incident,Fixed 5 timeout by increasing connection timeout to 76s and implementing circuit breaker pattern. Also added health check monitoring.,,jira,0.71,devops-team
INC1291,JIRA-1238,similar_incident,Promoted replica to primary and rebuilt read replica from backup. Verified data consistency using checksums. Recovery completed within RTO of 18 minutes.,,jira,0.74,identity-team
INC1292,SNOW1294,similar_incident,Fixed 9 timeout by increasing connection timeout to 45s and implementing circuit breaker pattern. Also added health check monitoring.,,servicenow,0.94,api-team
INC1293,JIRA-1239,similar_incident,Implemented 12 for automatic failover. Configured 43-node cluster with quorum of 6. Tested failover scenarios successfully.,,jira,0.9,dba-team
INC1293,JIRA-1240,similar_incident,Implemented 11 for automatic failover. Configured 89-node cluster with quorum of 9. Tested failover scenarios successfully.,,jira,0.86,platform-team
INC1293,JIRA-1241,similar_incident,Fixed 8 timeout by increasing connection timeout to 44s and implementing circuit breaker pattern. Also added health check monitoring.,,jira,0.68,observability-team
INC1294,SNOW1295,similar_incident,Renewed SSL certificates and updated load balancer configuration,,servicenow,0.68,security-team
INC1294,SNOW1296,similar_incident,Manually purged CDN cache and verified asset propagation,,servicenow,0.77,ops-team
INC1295,SNOW1297,similar_incident,Scaled consumer instances and processed backlog within SLA. Increased from 16 to 89 consumers. Backlog cleared in 10 hours.,,servicenow,0.86,identity-team
INC1295,JIRA-1242,related_change,,Elasticsearch cluster version upgrade deployed,jira,,platform-team
INC1296,JIRA-1243,similar_incident,Fixed 18 timeout by increasing connection timeout to 57s and implementing circuit breaker pattern. Also added health check monitoring.,,jira,0.69,payments-team
INC1296,JIRA-1244,similar_incident,Promoted replica to primary and rebuilt read replica from backup. Verified data consistency using checksums. Recovery completed within RTO of 14 minutes.,,jira,0.75,infra-team
INC1297,JIRA-1245,similar_incident,Renewed SSL certificates and updated load balancer configuration,,jira,0.86,ops-team
INC1298,SNOW1298,similar_incident,Promoted replica to primary and rebuilt read replica from backup. Verified data consistency using checksums. Recovery completed within RTO of 6 minutes.,,servicenow,0.82,dba-team
INC1299,SNOW1299,similar_incident,Renewed SSL certificates and updated load balancer configuration,,servicenow,0.95,infra-team
INC1299,SNOW1300,similar_incident,Implemented 19 for automatic failover. Configured 80-node cluster with quorum of 9. Tested failover scenarios successfully.,,servicenow,0.87,security-team
INC1299,SNOW1301,related_change,,Automated certificate rotation implementation in progress,servicenow,,devops-team
INC1300,JIRA-1246,similar_incident,Scaled up 9 instances from 37 to 9 pods and optimized query performance by adding database indexes on frequently queried columns. Response times improved from 3s to servicems average.,,jira,0.86,ops-team
INC1300,SNOW1302,related_change,,CDN configuration update for cache TTL,servicenow,,devops-team
INC1301,SNOW1303,similar_incident,Scaled up 16 instances from 47 to 8 pods and optimized query performance by adding database indexes on frequently queried columns. Response times improved from 2s to Redisms average.,,servicenow,0.8,identity-team
INC1301,JIRA-1247,similar_incident,Implemented 13 for automatic failover. Configured 58-node cluster with quorum of 2. Tested failover scenarios successfully.,,jira,0.68,security-team
INC1302,JIRA-1248,similar_incident,Fixed 17 timeout by increasing connection timeout to 69s and implementing circuit breaker pattern. Also added health check monitoring.,,jira,0.94,ops-team
INC1302,SNOW1304,similar_incident,Manually purged CDN cache and verified asset propagation,,servicenow,0.9,infra-team
INC1303,SNOW1305,similar_incident,Scaled up 16 instances from 59 to 5 pods and optimized query performance by adding database indexes on frequently queried columns. Response times improved from 2s to gatewayms average.,,servicenow,0.94,devops-team
INC1303,SNOW1306,related_change,,Fluentd configuration update for new log format,servicenow,,platform-team
INC1304,JIRA-1249,similar_incident,Increased connection pool size from 7 to 33 connections and added exponential backoff retry logic with max 3 attempts. Monitored for 24 hours and confirmed resolution.,,jira,0.74,infra-team
INC1304,JIRA-1250,related_change,,New order notification feature deployed,jira,,observability-team
INC1304,JIRA-1251,related_change,,Heavy batch job scheduled during peak hours,jira,,dba-team
INC1305,SNOW1307,similar_incident,Restarted 17 pods and cleared corrupted cache layer,,servicenow,0.83,dba-team
INC1306,JIRA-1252,similar_incident,Rolled back to previous 19 version to restore functionality,,jira,0.93,security-team
INC1306,SNOW1308,similar_incident,Rolled back to previous 8 version to restore functionality,,servicenow,0.75,observability-team
INC1307,SNOW1309,similar_incident,Restarted 5 pods and cleared corrupted cache layer,,servicenow,0.88,platform-team
INC1307,SNOW1310,related_change,,CDN configuration update for cache TTL,servicenow,,security-team
INC1307,JIRA-1253,related_change,,Elasticsearch cluster version upgrade deployed,jira,,dba-team
INC1308,JIRA-1254,similar_incident,Implemented 5 for automatic failover. Configured 88-node cluster with quorum of 2. Tested failover scenarios successfully.,,jira,0.78,platform-team
INC1308,JIRA-1255,related_change,,Database migration completed last week,jira,,devops-team
INC1309,JIRA-1256,similar_incident,Scaled consumer instances and processed backlog within SLA. Increased from 9 to 50 consumers. Backlog cleared in 10 hours.,,jira,0.89,observability-team
INC1310,SNOW1311,similar_incident,Scaled up 11 instances from 94 to 8 pods and optimized query performance by adding database indexes on frequently queried columns. Response times improved from 5s to servicems average.,,servicenow,0.82,devops-team
INC1310,JIRA-1257,related_change,,Payment provider SDK upgrade deployed yesterday,jira,,platform-team
INC1310,JIRA-1258,related_change,,New order notification feature deployed,jira,,identity-team
INC1311,SNOW1312,similar_incident,Rolled back to previous 5 version to restore functionality,,servicenow,0.7,ops-team
INC1312,JIRA-1259,similar_incident,Scaled consumer instances and processed backlog within SLA. Increased from 17 to 34 consumers. Backlog cleared in 6 hours.,,jira,0.68,api-team
INC1313,JIRA-1260,similar_incident,Implemented 11 for automatic failover. Configured 73-node cluster with quorum of 10. Tested failover scenarios successfully.,,jira,0.68,observability-team
INC1314,JIRA-1261,similar_incident,Scaled consumer instances and processed backlog within SLA. Increased from 16 to 42 consumers. Backlog cleared in 4 hours.,,jira,0.66,observability-team
INC1314,JIRA-1262,similar_incident,Restarted 7 pods and cleared corrupted cache layer,,jira,0.89,observability-team
INC1314,JIRA-1263,similar_incident,Scaled up 18 instances from 73 to 7 pods and optimized query performance by adding database indexes on frequently queried columns. Response times improved from 3s to APIms average.,,jira,0.87,payments-team
INC1315,JIRA-1264,similar_incident,Fixed 7 timeout by increasing connection timeout to 61s and implementing circuit breaker pattern. Also added health check monitoring.,,jira,0.71,api-team
INC1315,JIRA-1265,similar_incident,Scaled consumer instances and processed backlog within SLA. Increased from 15 to 93 consumers. Backlog cleared in 4 hours.,,jira,0.78,ops-team
INC1315,JIRA-1266,related_change,,Elasticsearch cluster version upgrade deployed,jira,,api-team
INC1316,SNOW1313,similar_incident,Promoted replica to primary and rebuilt read replica from backup. Verified data consistency using checksums. Recovery completed within RTO of 18 minutes.,,servicenow,0.73,api-team
INC1316,SNOW1314,related_change,,Added new notification templates last sprint,servicenow,,devops-team
INC1317,SNOW1315,similar_incident,Renewed SSL certificates and updated load balancer configuration,,servicenow,0.85,devops-team
INC1317,JIRA-1267,similar_incident,Scaled consumer instances and processed backlog within SLA. Increased from 20 to 46 consumers. Backlog cleared in 5 hours.,,jira,0.65,infra-team
INC1317,JIRA-1268,related_change,,Deployed new product-service version with performance improvements,jira,,devops-team
INC1318,SNOW1316,similar_incident,Scaled up 7 instances from 40 to 5 pods and optimized query performance by adding database indexes on frequently queried columns. Response times improved from 5s to Redisms average.,,servicenow,0.75,search-team
INC1319,JIRA-1269,similar_incident,Implemented 10 for automatic failover. Configured 55-node cluster with quorum of 8. Tested failover scenarios successfully.,,jira,0.7,infra-team
INC1320,JIRA-1270,similar_incident,Manually purged CDN cache and verified asset propagation,,jira,0.84,payments-team
INC1321,SNOW1317,similar_incident,Renewed SSL certificates and updated load balancer configuration,,servicenow,0.94,platform-team
INC1322,JIRA-1271,similar_incident,Implemented 19 for automatic failover. Configured 32-node cluster with quorum of 6. Tested failover scenarios successfully.,,jira,0.76,payments-team
INC1323,SNOW1318,similar_incident,Renewed SSL certificates and updated load balancer configuration,,servicenow,0.86,ops-team
INC1323,SNOW1319,related_change,,Elasticsearch cluster version upgrade deployed,servicenow,,ops-team
INC1324,JIRA-1272,similar_incident,Restarted 12 pods and cleared corrupted cache layer,,jira,0.86,search-team
INC1324,SNOW1320,similar_incident,Fixed 11 timeout by increasing connection timeout to 88s and implementing circuit breaker pattern. Also added health check monitoring.,,servicenow,0.86,identity-team
INC1324,SNOW1321,related_change,,CDN configuration update for cache TTL,servicenow,,ops-team
INC1325,JIRA-1273,similar_incident,Fixed 13 timeout by increasing connection timeout to 76s and implementing circuit breaker pattern. Also added health check monitoring.,,jira,0.93,ops-team
INC1325,JIRA-1274,similar_incident,Fixed 20 timeout by increasing connection timeout to 89s and implementing circuit breaker pattern. Also added health check monitoring.,,jira,0.75,search-team
INC1326,SNOW1322,similar_incident,Restarted 20 pods and cleared corrupted cache layer,,servicenow,0.78,security-team
INC1326,JIRA-1275,related_change,,CDN configuration update for cache TTL,jira,,search-team
INC1326,JIRA-1276,similar_incident,Increased connection pool size from 15 to 90 connections and added exponential backoff retry logic with max 3 attempts. Monitored for 24 hours and confirmed resolution.,,jira,0.96,ops-team
INC1327,JIRA-1277,similar_incident,Rolled back to previous 11 version to restore functionality,,jira,0.7,observability-team
INC1327,SNOW1323,similar_incident,Restarted 17 pods and cleared corrupted cache layer,,servicenow,0.9,api-team
INC1328,JIRA-1278,similar_incident,Renewed SSL certificates and updated load balancer configuration,,jira,0.79,ops-team
INC1328,JIRA-1279,related_change,,Added backup OAuth provider configuration,jira,,api-team
INC1329,JIRA-1280,similar_incident,Restarted 7 pods and cleared corrupted cache layer,,jira,0.93,ops-team
INC1329,JIRA-1281,similar_incident,Fixed 13 timeout by increasing connection timeout to 33s and implementing circuit breaker pattern. Also added health check monitoring.,,jira,0.7,api-team
INC1330,SNOW1324,similar_incident,Renewed SSL certificates and updated load balancer configuration,,servicenow,0.87,identity-team
INC1330,JIRA-1282,related_change,,Rate limiting threshold adjustment for new API tier,jira,,devops-team
INC1330,SNOW1325,related_change,,Node capacity upgrade scheduled for maintenance window,servicenow,,security-team
INC1331,SNOW1326,similar_incident,Restarted 16 pods and cleared corrupted cache layer,,servicenow,0.65,ops-team
INC1332,SNOW1327,similar_incident,Rolled back to previous 16 version to restore functionality,,servicenow,0.73,payments-team
INC1333,JIRA-1283,similar_incident,Implemented 6 for automatic failover. Configured 65-node cluster with quorum of 2. Tested failover scenarios successfully.,,jira,0.71,security-team
INC1333,JIRA-1284,similar_incident,Promoted replica to primary and rebuilt read replica from backup. Verified data consistency using checksums. Recovery completed within RTO of 5 minutes.,,jira,0.75,security-team
INC1333,SNOW1328,similar_incident,Scaled consumer instances and processed backlog within SLA. Increased from 16 to 96 consumers. Backlog cleared in 5 hours.,,servicenow,0.83,identity-team
INC1334,SNOW1329,similar_incident,Implemented 17 for automatic failover. Configured 89-node cluster with quorum of 6. Tested failover scenarios successfully.,,servicenow,0.92,observability-team
INC1335,SNOW1330,similar_incident,Rolled back to previous 11 version to restore functionality,,servicenow,0.8,security-team
INC1335,SNOW1331,related_change,,Added backup OAuth provider configuration,servicenow,,api-team
INC1335,SNOW1332,similar_incident,Manually purged CDN cache and verified asset propagation,,servicenow,0.74,api-team
INC1336,SNOW1333,similar_incident,Scaled up 5 instances from 52 to 9 pods and optimized query performance by adding database indexes on frequently queried columns. Response times improved from 4s to Redisms average.,,servicenow,0.9,ops-team
INC1337,JIRA-1285,similar_incident,Scaled up 17 instances from 68 to 10 pods and optimized query performance by adding database indexes on frequently queried columns. Response times improved from 3s to APIms average.,,jira,0.8,api-team
INC1338,JIRA-1286,similar_incident,Rolled back to previous 11 version to restore functionality,,jira,0.73,observability-team
INC1338,JIRA-1287,related_change,,Fluentd configuration update for new log format,jira,,platform-team
INC1338,JIRA-1288,related_change,,New order notification feature deployed,jira,,ops-team
INC1339,SNOW1334,similar_incident,Promoted replica to primary and rebuilt read replica from backup. Verified data consistency using checksums. Recovery completed within RTO of 5 minutes.,,servicenow,0.89,api-team
INC1339,SNOW1335,related_change,,Fluentd configuration update for new log format,servicenow,,search-team
INC1340,JIRA-1289,similar_incident,Promoted replica to primary and rebuilt read replica from backup. Verified data consistency using checksums. Recovery completed within RTO of 18 minutes.,,jira,0.91,infra-team
INC1340,SNOW1336,similar_incident,Manually purged CDN cache and verified asset propagation,,servicenow,0.71,payments-team
INC1340,JIRA-1290,similar_incident,Rolled back to previous 8 version to restore functionality,,jira,0.76,devops-team
INC1341,JIRA-1291,similar_incident,Scaled up 11 instances from 61 to 9 pods and optimized query performance by adding database indexes on frequently queried columns. Response times improved from 4s to APIms average.,,jira,0.65,observability-team
INC1341,SNOW1337,related_change,,Added backup OAuth provider configuration,servicenow,,devops-team
INC1341,SNOW1338,similar_incident,Scaled consumer instances and processed backlog within SLA. Increased from 16 to 45 consumers. Backlog cleared in 2 hours.,,servicenow,0.8,ops-team
INC1342,SNOW1339,similar_incident,Renewed SSL certificates and updated load balancer configuration,,servicenow,0.86,infra-team
INC1342,JIRA-1292,related_change,,CDN configuration update for cache TTL,jira,,dba-team
INC1343,JIRA-1293,similar_incident,Renewed SSL certificates and updated load balancer configuration,,jira,0.95,api-team
INC1343,SNOW1340,similar_incident,Implemented 16 for automatic failover. Configured 89-node cluster with quorum of 5. Tested failover scenarios successfully.,,servicenow,0.86,infra-team
INC1343,SNOW1341,related_change,,Rate limiting threshold adjustment for new API tier,servicenow,,search-team
INC1344,SNOW1342,similar_incident,Restarted 10 pods and cleared corrupted cache layer,,servicenow,0.69,ops-team
INC1344,JIRA-1294,similar_incident,Scaled consumer instances and processed backlog within SLA. Increased from 13 to 61 consumers. Backlog cleared in 3 hours.,,jira,0.75,devops-team
INC1345,JIRA-1295,similar_incident,Implemented 13 for automatic failover. Configured 35-node cluster with quorum of 10. Tested failover scenarios successfully.,,jira,0.96,ops-team
INC1345,SNOW1343,similar_incident,Rolled back to previous 10 version to restore functionality,,servicenow,0.91,devops-team
INC1345,JIRA-1296,similar_incident,Scaled consumer instances and processed backlog within SLA. Increased from 6 to 45 consumers. Backlog cleared in 7 hours.,,jira,0.93,api-team
INC1346,JIRA-1297,similar_incident,Scaled consumer instances and processed backlog within SLA. Increased from 11 to 58 consumers. Backlog cleared in 2 hours.,,jira,0.76,devops-team
INC1346,JIRA-1298,related_change,,Automated certificate rotation implementation in progress,jira,,payments-team
INC1346,SNOW1344,similar_incident,Increased connection pool size from 19 to 45 connections and added exponential backoff retry logic with max 3 attempts. Monitored for 24 hours and confirmed resolution.,,servicenow,0.86,search-team
INC1347,SNOW1345,similar_incident,Increased connection pool size from 8 to 48 connections and added exponential backoff retry logic with max 3 attempts. Monitored for 24 hours and confirmed resolution.,,servicenow,0.95,search-team
INC1348,SNOW1346,similar_incident,Increased connection pool size from 14 to 46 connections and added exponential backoff retry logic with max 3 attempts. Monitored for 24 hours and confirmed resolution.,,servicenow,0.87,payments-team
INC1348,JIRA-1299,similar_incident,Increased connection pool size from 14 to 97 connections and added exponential backoff retry logic with max 3 attempts. Monitored for 24 hours and confirmed resolution.,,jira,0.93,devops-team
INC1349,JIRA-1300,similar_incident,Implemented 14 for automatic failover. Configured 87-node cluster with quorum of 5. Tested failover scenarios successfully.,,jira,0.88,platform-team
INC1350,JIRA-1301,similar_incident,Rolled back to previous 9 version to restore functionality,,jira,0.91,identity-team
INC1350,JIRA-1302,similar_incident,Renewed SSL certificates and updated load balancer configuration,,jira,0.7,observability-team
INC1351,SNOW1347,similar_incident,Renewed SSL certificates and updated load balancer configuration,,servicenow,0.92,ops-team
INC1352,JIRA-1303,similar_incident,Fixed 16 timeout by increasing connection timeout to 42s and implementing circuit breaker pattern. Also added health check monitoring.,,jira,0.76,ops-team
INC1352,JIRA-1304,related_change,,Registry storage migration performed,jira,,infra-team
INC1353,SNOW1348,similar_incident,Promoted replica to primary and rebuilt read replica from backup. Verified data consistency using checksums. Recovery completed within RTO of 15 minutes.,,servicenow,0.83,identity-team
INC1353,JIRA-1305,related_change,,Automated certificate rotation implementation in progress,jira,,devops-team
INC1353,JIRA-1306,related_change,,Deployed new ci-cd version with performance improvements,jira,,devops-team
INC1354,SNOW1349,similar_incident,Implemented 14 for automatic failover. Configured 44-node cluster with quorum of 7. Tested failover scenarios successfully.,,servicenow,0.69,security-team
INC1354,JIRA-1307,related_change,,Redis cluster scaling performed last week,jira,,identity-team
INC1355,JIRA-1308,similar_incident,Increased connection pool size from 12 to 72 connections and added exponential backoff retry logic with max 3 attempts. Monitored for 24 hours and confirmed resolution.,,jira,0.94,dba-team
INC1355,JIRA-1309,related_change,,Added backup OAuth provider configuration,jira,,observability-team
INC1355,SNOW1350,related_change,,Fluentd configuration update for new log format,servicenow,,ops-team
INC1356,SNOW1351,similar_incident,Increased connection pool size from 9 to 49 connections and added exponential backoff retry logic with max 3 attempts. Monitored for 24 hours and confirmed resolution.,,servicenow,0.79,api-team
INC1356,JIRA-1310,related_change,,Rate limiting threshold adjustment for new API tier,jira,,ops-team
INC1357,JIRA-1311,similar_incident,Promoted replica to primary and rebuilt read replica from backup. Verified data consistency using checksums. Recovery completed within RTO of 10 minutes.,,jira,0.81,identity-team
INC1357,SNOW1352,related_change,,New order notification feature deployed,servicenow,,platform-team
INC1358,SNOW1353,similar_incident,Restarted 20 pods and cleared corrupted cache layer,,servicenow,0.92,dba-team
INC1358,JIRA-1312,related_change,,CDN configuration update for cache TTL,jira,,devops-team
INC1358,JIRA-1313,related_change,,Elasticsearch cluster version upgrade deployed,jira,,observability-team
INC1359,SNOW1354,similar_incident,Scaled consumer instances and processed backlog within SLA. Increased from 18 to 46 consumers. Backlog cleared in 5 hours.,,servicenow,0.85,payments-team
INC1359,JIRA-1314,similar_incident,Fixed 15 timeout by increasing connection timeout to 76s and implementing circuit breaker pattern. Also added health check monitoring.,,jira,0.89,observability-team
INC1360,JIRA-1315,similar_incident,Implemented 5 for automatic failover. Configured 78-node cluster with quorum of 6. Tested failover scenarios successfully.,,jira,0.8,security-team
INC1360,JIRA-1316,related_change,,Node capacity upgrade scheduled for maintenance window,jira,,ops-team
INC1361,SNOW1355,similar_incident,Implemented 16 for automatic failover. Configured 44-node cluster with quorum of 5. Tested failover scenarios successfully.,,servicenow,0.93,devops-team
INC1362,SNOW1356,similar_incident,Increased connection pool size from 15 to 66 connections and added exponential backoff retry logic with max 3 attempts. Monitored for 24 hours and confirmed resolution.,,servicenow,0.89,payments-team
INC1362,JIRA-1317,related_change,,Added backup OAuth provider configuration,jira,,ops-team
INC1362,JIRA-1318,related_change,,Rate limiting threshold adjustment for new API tier,jira,,dba-team
INC1363,SNOW1357,similar_incident,Scaled up 18 instances from 57 to 5 pods and optimized query performance by adding database indexes on frequently queried columns. Response times improved from 3s to databasems average.,,servicenow,0.78,dba-team
INC1363,SNOW1358,related_change,,Registry storage migration performed,servicenow,,infra-team
INC1364,JIRA-1319,similar_incident,Manually purged CDN cache and verified asset propagation,,jira,0.68,api-team
INC1365,JIRA-1320,similar_incident,Increased connection pool size from 14 to 55 connections and added exponential backoff retry logic with max 3 attempts. Monitored for 24 hours and confirmed resolution.,,jira,0.93,search-team
INC1365,JIRA-1321,related_change,,Registry storage migration performed,jira,,security-team
INC1365,SNOW1359,similar_incident,Manually purged CDN cache and verified asset propagation,,servicenow,0.79,infra-team
INC1366,SNOW1360,similar_incident,Scaled consumer instances and processed backlog within SLA. Increased from 17 to 35 consumers. Backlog cleared in 5 hours.,,servicenow,0.81,platform-team
INC1367,JIRA-1322,similar_incident,Increased connection pool size from 7 to 34 connections and added exponential backoff retry logic with max 3 attempts. Monitored for 24 hours and confirmed resolution.,,jira,0.84,security-team
INC1367,SNOW1361,similar_incident,Promoted replica to primary and rebuilt read replica from backup. Verified data consistency using checksums. Recovery completed within RTO of 11 minutes.,,servicenow,0.67,devops-team
INC1367,SNOW1362,similar_incident,Rolled back to previous 18 version to restore functionality,,servicenow,0.93,security-team
INC1368,SNOW1363,similar_incident,Renewed SSL certificates and updated load balancer configuration,,servicenow,0.82,search-team
INC1368,JIRA-1323,similar_incident,Scaled up 11 instances from 97 to 6 pods and optimized query performance by adding database indexes on frequently queried columns. Response times improved from 3s to databasems average.,,jira,0.68,security-team
INC1368,JIRA-1324,related_change,,Redis cluster scaling performed last week,jira,,infra-team
INC1369,SNOW1364,similar_incident,Implemented 9 for automatic failover. Configured 31-node cluster with quorum of 10. Tested failover scenarios successfully.,,servicenow,0.87,api-team
INC1369,SNOW1365,related_change,,Payment provider SDK upgrade deployed yesterday,servicenow,,identity-team
INC1370,JIRA-1325,similar_incident,Scaled consumer instances and processed backlog within SLA. Increased from 14 to 91 consumers. Backlog cleared in 6 hours.,,jira,0.74,devops-team
INC1370,SNOW1366,related_change,,Elasticsearch cluster version upgrade deployed,servicenow,,dba-team
INC1370,SNOW1367,similar_incident,Restarted 18 pods and cleared corrupted cache layer,,servicenow,0.81,dba-team
INC1371,JIRA-1326,similar_incident,Restarted 14 pods and cleared corrupted cache layer,,jira,0.79,devops-team
INC1371,SNOW1368,related_change,,Rate limiting threshold adjustment for new API tier,servicenow,,security-team
INC1371,JIRA-1327,related_change,,Fluentd configuration update for new log format,jira,,platform-team
INC1372,SNOW1369,similar_incident,Manually purged CDN cache and verified asset propagation,,servicenow,0.84,api-team
INC1372,JIRA-1328,similar_incident,Scaled up 15 instances from 72 to 8 pods and optimized query performance by adding database indexes on frequently queried columns. Response times improved from 4s to gatewayms average.,,jira,0.71,dba-team
INC1372,JIRA-1329,similar_incident,Fixed 17 timeout by increasing connection timeout to 31s and implementing circuit breaker pattern. Also added health check monitoring.,,jira,0.89,api-team
INC1373,JIRA-1330,similar_incident,Scaled consumer instances and processed backlog within SLA. Increased from 18 to 96 consumers. Backlog cleared in 3 hours.,,jira,0.91,search-team
INC1373,SNOW1370,similar_incident,Fixed 13 timeout by increasing connection timeout to 79s and implementing circuit breaker pattern. Also added health check monitoring.,,servicenow,0.93,security-team
INC1373,SNOW1371,related_change,,Added new notification templates last sprint,servicenow,,search-team
INC1374,JIRA-1331,similar_incident,Renewed SSL certificates and updated load balancer configuration,,jira,0.89,dba-team
INC1375,JIRA-1332,similar_incident,Scaled up 11 instances from 95 to 8 pods and optimized query performance by adding database indexes on frequently queried columns. Response times improved from 4s to gatewayms average.,,jira,0.95,dba-team
INC1376,SNOW1372,similar_incident,Increased connection pool size from 13 to 72 connections and added exponential backoff retry logic with max 3 attempts. Monitored for 24 hours and confirmed resolution.,,servicenow,0.86,devops-team
INC1376,JIRA-1333,related_change,,Heavy batch job scheduled during peak hours,jira,,observability-team
INC1377,JIRA-1334,similar_incident,Restarted 17 pods and cleared corrupted cache layer,,jira,0.91,security-team
INC1377,SNOW1373,related_change,,Heavy batch job scheduled during peak hours,servicenow,,observability-team
INC1377,JIRA-1335,related_change,,Automated certificate rotation implementation in progress,jira,,infra-team
INC1378,JIRA-1336,similar_incident,Manually purged CDN cache and verified asset propagation,,jira,0.73,ops-team
INC1378,JIRA-1337,similar_incident,Fixed 19 timeout by increasing connection timeout to 34s and implementing circuit breaker pattern. Also added health check monitoring.,,jira,0.95,search-team
INC1378,JIRA-1338,similar_incident,Implemented 13 for automatic failover. Configured 52-node cluster with quorum of 2. Tested failover scenarios successfully.,,jira,0.68,devops-team
INC1379,JIRA-1339,similar_incident,Restarted 13 pods and cleared corrupted cache layer,,jira,0.73,devops-team
INC1379,SNOW1374,similar_incident,Manually purged CDN cache and verified asset propagation,,servicenow,0.95,ops-team
INC1379,JIRA-1340,similar_incident,Promoted replica to primary and rebuilt read replica from backup. Verified data consistency using checksums. Recovery completed within RTO of 18 minutes.,,jira,0.92,infra-team
INC1380,JIRA-1341,similar_incident,Increased connection pool size from 7 to 63 connections and added exponential backoff retry logic with max 3 attempts. Monitored for 24 hours and confirmed resolution.,,jira,0.81,dba-team
INC1380,JIRA-1342,related_change,,Redis cluster scaling performed last week,jira,,ops-team
INC1380,SNOW1375,similar_incident,Restarted 6 pods and cleared corrupted cache layer,,servicenow,0.68,search-team
INC1381,SNOW1376,similar_incident,Renewed SSL certificates and updated load balancer configuration,,servicenow,0.84,dba-team
INC1381,SNOW1377,related_change,,Database migration completed last week,servicenow,,devops-team
INC1382,JIRA-1343,similar_incident,Fixed 9 timeout by increasing connection timeout to 40s and implementing circuit breaker pattern. Also added health check monitoring.,,jira,0.93,platform-team
INC1383,JIRA-1344,similar_incident,Manually purged CDN cache and verified asset propagation,,jira,0.91,api-team
INC1383,JIRA-1345,related_change,,Added backup OAuth provider configuration,jira,,search-team
INC1383,SNOW1378,related_change,,Fluentd configuration update for new log format,servicenow,,api-team
INC1384,JIRA-1346,similar_incident,Increased connection pool size from 10 to 74 connections and added exponential backoff retry logic with max 3 attempts. Monitored for 24 hours and confirmed resolution.,,jira,0.72,observability-team
INC1385,SNOW1379,similar_incident,Increased connection pool size from 14 to 30 connections and added exponential backoff retry logic with max 3 attempts. Monitored for 24 hours and confirmed resolution.,,servicenow,0.72,dba-team
INC1385,JIRA-1347,similar_incident,Increased connection pool size from 9 to 47 connections and added exponential backoff retry logic with max 3 attempts. Monitored for 24 hours and confirmed resolution.,,jira,0.79,api-team
INC1385,JIRA-1348,similar_incident,Restarted 8 pods and cleared corrupted cache layer,,jira,0.74,security-team
INC1386,SNOW1380,similar_incident,Restarted 14 pods and cleared corrupted cache layer,,servicenow,0.78,devops-team
INC1387,SNOW1381,similar_incident,Fixed 12 timeout by increasing connection timeout to 55s and implementing circuit breaker pattern. Also added health check monitoring.,,servicenow,0.76,api-team
INC1387,SNOW1382,related_change,,Registry storage migration performed,servicenow,,search-team
INC1388,JIRA-1349,similar_incident,Restarted 15 pods and cleared corrupted cache layer,,jira,0.94,security-team
INC1389,SNOW1383,similar_incident,Scaled consumer instances and processed backlog within SLA. Increased from 20 to 37 consumers. Backlog cleared in 4 hours.,,servicenow,0.65,dba-team
INC1390,JIRA-1350,similar_incident,Renewed SSL certificates and updated load balancer configuration,,jira,0.8,payments-team
INC1390,JIRA-1351,similar_incident,Promoted replica to primary and rebuilt read replica from backup. Verified data consistency using checksums. Recovery completed within RTO of 19 minutes.,,jira,0.68,api-team
INC1391,JIRA-1352,similar_incident,Manually purged CDN cache and verified asset propagation,,jira,0.71,identity-team
INC1391,SNOW1384,similar_incident,Promoted replica to primary and rebuilt read replica from backup. Verified data consistency using checksums. Recovery completed within RTO of 11 minutes.,,servicenow,0.81,identity-team
INC1392,JIRA-1353,similar_incident,Scaled up 18 instances from 72 to 9 pods and optimized query performance by adding database indexes on frequently queried columns. Response times improved from 1s to databasems average.,,jira,0.74,infra-team
INC1392,SNOW1385,similar_incident,Renewed SSL certificates and updated load balancer configuration,,servicenow,0.72,payments-team
INC1392,SNOW1386,related_change,,Payment provider SDK upgrade deployed yesterday,servicenow,,infra-team
INC1393,JIRA-1354,similar_incident,Scaled consumer instances and processed backlog within SLA. Increased from 15 to 72 consumers. Backlog cleared in 3 hours.,,jira,0.87,observability-team
INC1393,JIRA-1355,similar_incident,Scaled up 15 instances from 69 to 10 pods and optimized query performance by adding database indexes on frequently queried columns. Response times improved from 5s to Redisms average.,,jira,0.68,search-team
INC1394,SNOW1387,similar_incident,Rolled back to previous 14 version to restore functionality,,servicenow,0.71,dba-team
INC1394,SNOW1388,similar_incident,Promoted replica to primary and rebuilt read replica from backup. Verified data consistency using checksums. Recovery completed within RTO of 20 minutes.,,servicenow,0.65,payments-team
INC1394,JIRA-1356,similar_incident,Scaled consumer instances and processed backlog within SLA. Increased from 13 to 59 consumers. Backlog cleared in 9 hours.,,jira,0.85,ops-team
INC1395,JIRA-1357,similar_incident,Increased connection pool size from 13 to 86 connections and added exponential backoff retry logic with max 3 attempts. Monitored for 24 hours and confirmed resolution.,,jira,0.87,observability-team
INC1396,SNOW1389,similar_incident,Renewed SSL certificates and updated load balancer configuration,,servicenow,0.93,payments-team
INC1396,SNOW1390,similar_incident,Manually purged CDN cache and verified asset propagation,,servicenow,0.88,dba-team
INC1396,SNOW1391,related_change,,Heavy batch job scheduled during peak hours,servicenow,,observability-team
INC1397,JIRA-1358,similar_incident,Scaled consumer instances and processed backlog within SLA. Increased from 8 to 88 consumers. Backlog cleared in 8 hours.,,jira,0.66,api-team
INC1397,SNOW1392,related_change,,New order notification feature deployed,servicenow,,devops-team
INC1397,SNOW1393,similar_incident,Increased connection pool size from 7 to 37 connections and added exponential backoff retry logic with max 3 attempts. Monitored for 24 hours and confirmed resolution.,,servicenow,0.89,observability-team
INC1398,SNOW1394,similar_incident,Rolled back to previous 7 version to restore functionality,,servicenow,0.66,observability-team
INC1398,JIRA-1359,related_change,,Database migration completed last week,jira,,payments-team
INC1398,JIRA-1360,related_change,,New order notification feature deployed,jira,,identity-team
INC1399,JIRA-1361,similar_incident,Promoted replica to primary and rebuilt read replica from backup. Verified data consistency using checksums. Recovery completed within RTO of 9 minutes.,,jira,0.86,dba-team
INC1399,JIRA-1362,related_change,,Database migration completed last week,jira,,dba-team
INC1399,JIRA-1363,related_change,,Payment provider SDK upgrade deployed yesterday,jira,,dba-team
INC1400,JIRA-1364,similar_incident,Renewed SSL certificates and updated load balancer configuration,,jira,0.92,devops-team
INC1401,JIRA-1365,similar_incident,Fixed 10 timeout by increasing connection timeout to 87s and implementing circuit breaker pattern. Also added health check monitoring.,,jira,0.66,search-team
INC1401,SNOW1395,related_change,,Registry storage migration performed,servicenow,,infra-team
INC1402,SNOW1396,similar_incident,Scaled up 18 instances from 95 to 2 pods and optimized query performance by adding database indexes on frequently queried columns. Response times improved from 1s to Redisms average.,,servicenow,0.92,ops-team
INC1402,SNOW1397,related_change,,Fluentd configuration update for new log format,servicenow,,platform-team
INC1402,SNOW1398,similar_incident,Manually purged CDN cache and verified asset propagation,,servicenow,0.74,infra-team
INC1403,SNOW1399,similar_incident,Renewed SSL certificates and updated load balancer configuration,,servicenow,0.67,security-team
INC1403,JIRA-1366,similar_incident,Increased connection pool size from 11 to 47 connections and added exponential backoff retry logic with max 3 attempts. Monitored for 24 hours and confirmed resolution.,,jira,0.66,devops-team
INC1403,JIRA-1367,related_change,,Fluentd configuration update for new log format,jira,,platform-team
INC1404,JIRA-1368,similar_incident,Increased connection pool size from 7 to 65 connections and added exponential backoff retry logic with max 3 attempts. Monitored for 24 hours and confirmed resolution.,,jira,0.69,identity-team
INC1404,SNOW1400,similar_incident,Manually purged CDN cache and verified asset propagation,,servicenow,0.75,security-team
INC1405,JIRA-1369,similar_incident,Implemented 18 for automatic failover. Configured 33-node cluster with quorum of 9. Tested failover scenarios successfully.,,jira,0.75,security-team
INC1405,JIRA-1370,related_change,,New order notification feature deployed,jira,,infra-team
INC1405,SNOW1401,similar_incident,Fixed 6 timeout by increasing connection timeout to 75s and implementing circuit breaker pattern. Also added health check monitoring.,,servicenow,0.72,search-team
INC1406,JIRA-1371,similar_incident,Implemented 10 for automatic failover. Configured 75-node cluster with quorum of 2. Tested failover scenarios successfully.,,jira,0.68,infra-team
INC1406,JIRA-1372,related_change,,Rate limiting threshold adjustment for new API tier,jira,,payments-team
INC1406,JIRA-1373,related_change,,Added new notification templates last sprint,jira,,identity-team
INC1407,SNOW1402,similar_incident,Renewed SSL certificates and updated load balancer configuration,,servicenow,0.69,search-team
INC1407,SNOW1403,related_change,,New order notification feature deployed,servicenow,,observability-team
INC1408,JIRA-1374,similar_incident,Renewed SSL certificates and updated load balancer configuration,,jira,0.79,search-team
INC1408,JIRA-1375,related_change,,Elasticsearch cluster version upgrade deployed,jira,,dba-team
INC1409,SNOW1404,similar_incident,Promoted replica to primary and rebuilt read replica from backup. Verified data consistency using checksums. Recovery completed within RTO of 15 minutes.,,servicenow,0.77,ops-team
INC1409,JIRA-1376,similar_incident,Fixed 16 timeout by increasing connection timeout to 48s and implementing circuit breaker pattern. Also added health check monitoring.,,jira,0.67,observability-team
INC1409,JIRA-1377,related_change,,Redis cluster scaling performed last week,jira,,identity-team
INC1410,SNOW1405,similar_incident,Fixed 17 timeout by increasing connection timeout to 92s and implementing circuit breaker pattern. Also added health check monitoring.,,servicenow,0.78,platform-team
INC1410,SNOW1406,similar_incident,Promoted replica to primary and rebuilt read replica from backup. Verified data consistency using checksums. Recovery completed within RTO of 12 minutes.,,servicenow,0.8,api-team
INC1410,SNOW1407,similar_incident,Promoted replica to primary and rebuilt read replica from backup. Verified data consistency using checksums. Recovery completed within RTO of 17 minutes.,,servicenow,0.72,devops-team
INC1411,JIRA-1378,similar_incident,Fixed 18 timeout by increasing connection timeout to 51s and implementing circuit breaker pattern. Also added health check monitoring.,,jira,0.89,platform-team
INC1411,JIRA-1379,related_change,,Elasticsearch cluster version upgrade deployed,jira,,platform-team
INC1412,SNOW1408,similar_incident,Scaled up 10 instances from 50 to 8 pods and optimized query performance by adding database indexes on frequently queried columns. Response times improved from 5s to APIms average.,,servicenow,0.74,observability-team
INC1412,JIRA-1380,similar_incident,Restarted 12 pods and cleared corrupted cache layer,,jira,0.68,devops-team
INC1412,JIRA-1381,related_change,,Node capacity upgrade scheduled for maintenance window,jira,,api-team
INC1413,SNOW1409,similar_incident,Manually purged CDN cache and verified asset propagation,,servicenow,0.85,search-team
INC1414,JIRA-1382,similar_incident,Promoted replica to primary and rebuilt read replica from backup. Verified data consistency using checksums. Recovery completed within RTO of 6 minutes.,,jira,0.89,platform-team
INC1414,SNOW1410,related_change,,Automated certificate rotation implementation in progress,servicenow,,search-team
INC1414,SNOW1411,similar_incident,Fixed 14 timeout by increasing connection timeout to 57s and implementing circuit breaker pattern. Also added health check monitoring.,,servicenow,0.73,infra-team
INC1415,SNOW1412,similar_incident,Scaled up 15 instances from 93 to 7 pods and optimized query performance by adding database indexes on frequently queried columns. Response times improved from 1s to APIms average.,,servicenow,0.93,observability-team
INC1415,JIRA-1383,similar_incident,Increased connection pool size from 13 to 95 connections and added exponential backoff retry logic with max 3 attempts. Monitored for 24 hours and confirmed resolution.,,jira,0.87,ops-team
INC1415,JIRA-1384,related_change,,Heavy batch job scheduled during peak hours,jira,,infra-team
INC1416,JIRA-1385,similar_incident,Fixed 13 timeout by increasing connection timeout to 55s and implementing circuit breaker pattern. Also added health check monitoring.,,jira,0.82,dba-team
INC1416,JIRA-1386,similar_incident,Renewed SSL certificates and updated load balancer configuration,,jira,0.82,security-team
INC1417,SNOW1413,similar_incident,Scaled consumer instances and processed backlog within SLA. Increased from 13 to 59 consumers. Backlog cleared in 6 hours.,,servicenow,0.89,payments-team
INC1417,SNOW1414,similar_incident,Implemented 9 for automatic failover. Configured 92-node cluster with quorum of 9. Tested failover scenarios successfully.,,servicenow,0.76,dba-team
INC1418,SNOW1415,similar_incident,Scaled up 5 instances from 43 to 10 pods and optimized query performance by adding database indexes on frequently queried columns. Response times improved from 1s to APIms average.,,servicenow,0.92,api-team
INC1418,JIRA-1387,similar_incident,Rolled back to previous 9 version to restore functionality,,jira,0.81,payments-team
INC1418,SNOW1416,similar_incident,Scaled up 15 instances from 93 to 2 pods and optimized query performance by adding database indexes on frequently queried columns. Response times improved from 2s to gatewayms average.,,servicenow,0.76,ops-team
INC1419,SNOW1417,similar_incident,Scaled consumer instances and processed backlog within SLA. Increased from 14 to 50 consumers. Backlog cleared in 8 hours.,,servicenow,0.93,security-team
INC1420,JIRA-1388,similar_incident,Fixed 5 timeout by increasing connection timeout to 52s and implementing circuit breaker pattern. Also added health check monitoring.,,jira,0.9,infra-team
INC1420,SNOW1418,similar_incident,Rolled back to previous 14 version to restore functionality,,servicenow,0.86,infra-team
INC1421,JIRA-1389,similar_incident,Scaled consumer instances and processed backlog within SLA. Increased from 17 to 37 consumers. Backlog cleared in 7 hours.,,jira,0.87,search-team
INC1422,JIRA-1390,similar_incident,Increased connection pool size from 12 to 97 connections and added exponential backoff retry logic with max 3 attempts. Monitored for 24 hours and confirmed resolution.,,jira,0.96,platform-team
INC1423,SNOW1419,similar_incident,Scaled consumer instances and processed backlog within SLA. Increased from 11 to 73 consumers. Backlog cleared in 4 hours.,,servicenow,0.89,search-team
INC1423,SNOW1420,similar_incident,Increased connection pool size from 10 to 51 connections and added exponential backoff retry logic with max 3 attempts. Monitored for 24 hours and confirmed resolution.,,servicenow,0.77,identity-team
INC1424,SNOW1421,similar_incident,Manually purged CDN cache and verified asset propagation,,servicenow,0.75,infra-team
INC1424,JIRA-1391,similar_incident,Renewed SSL certificates and updated load balancer configuration,,jira,0.88,dba-team
INC1425,JIRA-1392,similar_incident,Scaled up 11 instances from 57 to 5 pods and optimized query performance by adding database indexes on frequently queried columns. Response times improved from 4s to databasems average.,,jira,0.88,security-team
INC1425,SNOW1422,similar_incident,Renewed SSL certificates and updated load balancer configuration,,servicenow,0.76,devops-team
INC1426,SNOW1423,similar_incident,Promoted replica to primary and rebuilt read replica from backup. Verified data consistency using checksums. Recovery completed within RTO of 18 minutes.,,servicenow,0.68,dba-team
INC1426,JIRA-1393,related_change,,CDN configuration update for cache TTL,jira,,ops-team
INC1426,SNOW1424,similar_incident,Promoted replica to primary and rebuilt read replica from backup. Verified data consistency using checksums. Recovery completed within RTO of 10 minutes.,,servicenow,0.92,security-team
INC1427,SNOW1425,similar_incident,Implemented 10 for automatic failover. Configured 64-node cluster with quorum of 10. Tested failover scenarios successfully.,,servicenow,0.74,platform-team
INC1427,SNOW1426,similar_incident,Renewed SSL certificates and updated load balancer configuration,,servicenow,0.95,ops-team
INC1427,JIRA-1394,similar_incident,Manually purged CDN cache and verified asset propagation,,jira,0.69,security-team
INC1428,JIRA-1395,similar_incident,Promoted replica to primary and rebuilt read replica from backup. Verified data consistency using checksums. Recovery completed within RTO of 9 minutes.,,jira,0.79,platform-team
INC1429,SNOW1427,similar_incident,Increased connection pool size from 14 to 69 connections and added exponential backoff retry logic with max 3 attempts. Monitored for 24 hours and confirmed resolution.,,servicenow,0.95,api-team
INC1430,JIRA-1396,similar_incident,Promoted replica to primary and rebuilt read replica from backup. Verified data consistency using checksums. Recovery completed within RTO of 14 minutes.,,jira,0.71,ops-team
INC1430,SNOW1428,similar_incident,Scaled consumer instances and processed backlog within SLA. Increased from 19 to 71 consumers. Backlog cleared in 3 hours.,,servicenow,0.87,observability-team
INC1431,SNOW1429,similar_incident,Promoted replica to primary and rebuilt read replica from backup. Verified data consistency using checksums. Recovery completed within RTO of 11 minutes.,,servicenow,0.68,platform-team
INC1431,SNOW1430,related_change,,Rate limiting threshold adjustment for new API tier,servicenow,,platform-team
INC1431,SNOW1431,similar_incident,Scaled up 16 instances from 81 to 10 pods and optimized query performance by adding database indexes on frequently queried columns. Response times improved from 2s to servicems average.,,servicenow,0.71,ops-team
INC1432,SNOW1432,similar_incident,Fixed 9 timeout by increasing connection timeout to 62s and implementing circuit breaker pattern. Also added health check monitoring.,,servicenow,0.91,api-team
INC1432,SNOW1433,similar_incident,Increased connection pool size from 9 to 70 connections and added exponential backoff retry logic with max 3 attempts. Monitored for 24 hours and confirmed resolution.,,servicenow,0.82,observability-team
INC1433,SNOW1434,similar_incident,Restarted 20 pods and cleared corrupted cache layer,,servicenow,0.93,devops-team
INC1433,SNOW1435,related_change,,Heavy batch job scheduled during peak hours,servicenow,,platform-team
INC1434,JIRA-1397,similar_incident,Scaled consumer instances and processed backlog within SLA. Increased from 20 to 68 consumers. Backlog cleared in 2 hours.,,jira,0.92,api-team
INC1434,SNOW1436,similar_incident,Restarted 15 pods and cleared corrupted cache layer,,servicenow,0.91,ops-team
INC1434,SNOW1437,related_change,,Fluentd configuration update for new log format,servicenow,,search-team
INC1435,SNOW1438,similar_incident,Manually purged CDN cache and verified asset propagation,,servicenow,0.87,infra-team
INC1436,SNOW1439,similar_incident,Implemented 19 for automatic failover. Configured 47-node cluster with quorum of 7. Tested failover scenarios successfully.,,servicenow,0.76,devops-team
INC1436,SNOW1440,related_change,,New order notification feature deployed,servicenow,,devops-team
INC1437,SNOW1441,similar_incident,Manually purged CDN cache and verified asset propagation,,servicenow,0.71,devops-team
INC1437,JIRA-1398,similar_incident,Manually purged CDN cache and verified asset propagation,,jira,0.82,api-team
INC1437,SNOW1442,similar_incident,Renewed SSL certificates and updated load balancer configuration,,servicenow,0.85,identity-team
INC1438,SNOW1443,similar_incident,Renewed SSL certificates and updated load balancer configuration,,servicenow,0.83,devops-team
INC1438,JIRA-1399,similar_incident,Fixed 19 timeout by increasing connection timeout to 100s and implementing circuit breaker pattern. Also added health check monitoring.,,jira,0.92,platform-team
INC1438,SNOW1444,related_change,,Payment provider SDK upgrade deployed yesterday,servicenow,,observability-team
INC1439,SNOW1445,similar_incident,Promoted replica to primary and rebuilt read replica from backup. Verified data consistency using checksums. Recovery completed within RTO of 19 minutes.,,servicenow,0.76,devops-team
INC1439,SNOW1446,similar_incident,Scaled up 18 instances from 53 to 3 pods and optimized query performance by adding database indexes on frequently queried columns. Response times improved from 2s to gatewayms average.,,servicenow,0.75,api-team
INC1439,JIRA-1400,similar_incident,Promoted replica to primary and rebuilt read replica from backup. Verified data consistency using checksums. Recovery completed within RTO of 5 minutes.,,jira,0.65,api-team
INC1440,JIRA-1401,similar_incident,Manually purged CDN cache and verified asset propagation,,jira,0.74,ops-team
INC1440,JIRA-1402,similar_incident,Promoted replica to primary and rebuilt read replica from backup. Verified data consistency using checksums. Recovery completed within RTO of 19 minutes.,,jira,0.89,platform-team
INC1440,SNOW1447,similar_incident,Promoted replica to primary and rebuilt read replica from backup. Verified data consistency using checksums. Recovery completed within RTO of 16 minutes.,,servicenow,0.74,observability-team
INC1441,SNOW1448,similar_incident,Promoted replica to primary and rebuilt read replica from backup. Verified data consistency using checksums. Recovery completed within RTO of 15 minutes.,,servicenow,0.88,observability-team
INC1442,SNOW1449,similar_incident,Promoted replica to primary and rebuilt read replica from backup. Verified data consistency using checksums. Recovery completed within RTO of 14 minutes.,,servicenow,0.94,observability-team
INC1442,SNOW1450,similar_incident,Manually purged CDN cache and verified asset propagation,,servicenow,0.78,platform-team
INC1442,JIRA-1403,related_change,,Deployed new ci-cd version with performance improvements,jira,,observability-team
INC1443,JIRA-1404,similar_incident,Rolled back to previous 17 version to restore functionality,,jira,0.67,observability-team
INC1444,JIRA-1405,similar_incident,Fixed 9 timeout by increasing connection timeout to 60s and implementing circuit breaker pattern. Also added health check monitoring.,,jira,0.91,devops-team
INC1445,SNOW1451,similar_incident,Rolled back to previous 10 version to restore functionality,,servicenow,0.67,payments-team
INC1445,SNOW1452,similar_incident,Promoted replica to primary and rebuilt read replica from backup. Verified data consistency using checksums. Recovery completed within RTO of 14 minutes.,,servicenow,0.93,identity-team
INC1446,JIRA-1406,similar_incident,Manually purged CDN cache and verified asset propagation,,jira,0.78,security-team
INC1446,JIRA-1407,similar_incident,Scaled up 7 instances from 69 to 5 pods and optimized query performance by adding database indexes on frequently queried columns. Response times improved from 2s to Redisms average.,,jira,0.96,infra-team
INC1447,JIRA-1408,similar_incident,Fixed 12 timeout by increasing connection timeout to 36s and implementing circuit breaker pattern. Also added health check monitoring.,,jira,0.86,devops-team
INC1447,SNOW1453,similar_incident,Rolled back to previous 8 version to restore functionality,,servicenow,0.82,security-team
INC1447,JIRA-1409,similar_incident,Increased connection pool size from 6 to 46 connections and added exponential backoff retry logic with max 3 attempts. Monitored for 24 hours and confirmed resolution.,,jira,0.67,infra-team
INC1448,SNOW1454,similar_incident,Renewed SSL certificates and updated load balancer configuration,,servicenow,0.68,identity-team
INC1448,SNOW1455,similar_incident,Renewed SSL certificates and updated load balancer configuration,,servicenow,0.73,platform-team
INC1449,SNOW1456,similar_incident,Scaled consumer instances and processed backlog within SLA. Increased from 20 to 98 consumers. Backlog cleared in 9 hours.,,servicenow,0.74,search-team
INC1449,JIRA-1410,similar_incident,Rolled back to previous 9 version to restore functionality,,jira,0.73,identity-team
INC1450,SNOW1457,similar_incident,Implemented 14 for automatic failover. Configured 46-node cluster with quorum of 3. Tested failover scenarios successfully.,,servicenow,0.67,dba-team
INC1450,SNOW1458,similar_incident,Implemented 17 for automatic failover. Configured 30-node cluster with quorum of 3. Tested failover scenarios successfully.,,servicenow,0.71,identity-team
INC1450,SNOW1459,related_change,,Node capacity upgrade scheduled for maintenance window,servicenow,,payments-team
INC1451,JIRA-1411,similar_incident,Manually purged CDN cache and verified asset propagation,,jira,0.74,devops-team
INC1451,SNOW1460,related_change,,Registry storage migration performed,servicenow,,observability-team
INC1452,SNOW1461,similar_incident,Rolled back to previous 16 version to restore functionality,,servicenow,0.77,observability-team
INC1453,JIRA-1412,similar_incident,Renewed SSL certificates and updated load balancer configuration,,jira,0.93,platform-team
INC1454,JIRA-1413,similar_incident,Scaled consumer instances and processed backlog within SLA. Increased from 20 to 86 consumers. Backlog cleared in 7 hours.,,jira,0.8,infra-team
INC1454,SNOW1462,similar_incident,Rolled back to previous 7 version to restore functionality,,servicenow,0.9,security-team
INC1455,JIRA-1414,similar_incident,Renewed SSL certificates and updated load balancer configuration,,jira,0.8,search-team
INC1456,JIRA-1415,similar_incident,Promoted replica to primary and rebuilt read replica from backup. Verified data consistency using checksums. Recovery completed within RTO of 8 minutes.,,jira,0.94,search-team
INC1457,JIRA-1416,similar_incident,Rolled back to previous 13 version to restore functionality,,jira,0.95,devops-team
INC1458,JIRA-1417,similar_incident,Implemented 6 for automatic failover. Configured 61-node cluster with quorum of 3. Tested failover scenarios successfully.,,jira,0.81,dba-team
INC1458,SNOW1463,similar_incident,Renewed SSL certificates and updated load balancer configuration,,servicenow,0.85,identity-team
INC1458,SNOW1464,related_change,,New order notification feature deployed,servicenow,,search-team
INC1459,SNOW1465,similar_incident,Promoted replica to primary and rebuilt read replica from backup. Verified data consistency using checksums. Recovery completed within RTO of 13 minutes.,,servicenow,0.79,infra-team
INC1460,JIRA-1418,similar_incident,Implemented 5 for automatic failover. Configured 82-node cluster with quorum of 5. Tested failover scenarios successfully.,,jira,0.93,api-team
INC1460,SNOW1466,similar_incident,Increased connection pool size from 19 to 39 connections and added exponential backoff retry logic with max 3 attempts. Monitored for 24 hours and confirmed resolution.,,servicenow,0.85,payments-team
INC1460,SNOW1467,similar_incident,Promoted replica to primary and rebuilt read replica from backup. Verified data consistency using checksums. Recovery completed within RTO of 16 minutes.,,servicenow,0.74,identity-team
INC1461,JIRA-1419,similar_incident,Renewed SSL certificates and updated load balancer configuration,,jira,0.87,security-team
INC1462,JIRA-1420,similar_incident,Restarted 19 pods and cleared corrupted cache layer,,jira,0.85,api-team
INC1462,SNOW1468,similar_incident,Increased connection pool size from 6 to 88 connections and added exponential backoff retry logic with max 3 attempts. Monitored for 24 hours and confirmed resolution.,,servicenow,0.89,api-team
INC1462,JIRA-1421,related_change,,Registry storage migration performed,jira,,api-team
INC1463,SNOW1469,similar_incident,Fixed 14 timeout by increasing connection timeout to 81s and implementing circuit breaker pattern. Also added health check monitoring.,,servicenow,0.82,devops-team
INC1464,JIRA-1422,similar_incident,Scaled up 5 instances from 69 to 10 pods and optimized query performance by adding database indexes on frequently queried columns. Response times improved from 4s to databasems average.,,jira,0.68,dba-team
INC1465,JIRA-1423,similar_incident,Implemented 9 for automatic failover. Configured 85-node cluster with quorum of 4. Tested failover scenarios successfully.,,jira,0.67,payments-team
INC1465,JIRA-1424,related_change,,Elasticsearch cluster version upgrade deployed,jira,,observability-team
INC1466,SNOW1470,similar_incident,Increased connection pool size from 8 to 94 connections and added exponential backoff retry logic with max 3 attempts. Monitored for 24 hours and confirmed resolution.,,servicenow,0.73,dba-team
INC1467,JIRA-1425,similar_incident,Increased connection pool size from 14 to 67 connections and added exponential backoff retry logic with max 3 attempts. Monitored for 24 hours and confirmed resolution.,,jira,0.69,infra-team
INC1467,JIRA-1426,related_change,,Registry storage migration performed,jira,,ops-team
INC1468,JIRA-1427,similar_incident,Implemented 6 for automatic failover. Configured 57-node cluster with quorum of 2. Tested failover scenarios successfully.,,jira,0.95,observability-team
INC1468,JIRA-1428,related_change,,Added backup OAuth provider configuration,jira,,infra-team
INC1468,SNOW1471,related_change,,Redis cluster scaling performed last week,servicenow,,payments-team
INC1469,SNOW1472,similar_incident,Implemented 19 for automatic failover. Configured 32-node cluster with quorum of 6. Tested failover scenarios successfully.,,servicenow,0.94,identity-team
INC1469,SNOW1473,similar_incident,Scaled up 18 instances from 66 to 5 pods and optimized query performance by adding database indexes on frequently queried columns. Response times improved from 2s to servicems average.,,servicenow,0.9,payments-team
INC1469,JIRA-1429,related_change,,Fluentd configuration update for new log format,jira,,observability-team
INC1470,SNOW1474,similar_incident,Renewed SSL certificates and updated load balancer configuration,,servicenow,0.89,infra-team
INC1470,SNOW1475,related_change,,Node capacity upgrade scheduled for maintenance window,servicenow,,platform-team
INC1471,SNOW1476,similar_incident,Restarted 6 pods and cleared corrupted cache layer,,servicenow,0.73,devops-team
INC1471,SNOW1477,related_change,,Rate limiting threshold adjustment for new API tier,servicenow,,api-team
INC1471,JIRA-1430,related_change,,Automated certificate rotation implementation in progress,jira,,platform-team
INC1472,JIRA-1431,similar_incident,Rolled back to previous 17 version to restore functionality,,jira,0.69,ops-team
INC1473,JIRA-1432,similar_incident,Scaled up 7 instances from 44 to 2 pods and optimized query performance by adding database indexes on frequently queried columns. Response times improved from 2s to Redisms average.,,jira,0.65,devops-team
INC1473,SNOW1478,similar_incident,Scaled consumer instances and processed backlog within SLA. Increased from 11 to 36 consumers. Backlog cleared in 2 hours.,,servicenow,0.67,devops-team
INC1474,JIRA-1433,similar_incident,Implemented 10 for automatic failover. Configured 84-node cluster with quorum of 9. Tested failover scenarios successfully.,,jira,0.82,platform-team
INC1474,SNOW1479,related_change,,Registry storage migration performed,servicenow,,devops-team
INC1474,JIRA-1434,similar_incident,Scaled up 18 instances from 43 to 7 pods and optimized query performance by adding database indexes on frequently queried columns. Response times improved from 5s to APIms average.,,jira,0.75,security-team
INC1475,SNOW1480,similar_incident,Scaled consumer instances and processed backlog within SLA. Increased from 7 to 98 consumers. Backlog cleared in 6 hours.,,servicenow,0.79,devops-team
INC1475,JIRA-1435,similar_incident,Scaled consumer instances and processed backlog within SLA. Increased from 9 to 77 consumers. Backlog cleared in 2 hours.,,jira,0.91,payments-team
INC1475,JIRA-1436,similar_incident,Fixed 11 timeout by increasing connection timeout to 47s and implementing circuit breaker pattern. Also added health check monitoring.,,jira,0.83,devops-team
INC1476,SNOW1481,similar_incident,Rolled back to previous 15 version to restore functionality,,servicenow,0.66,observability-team
INC1476,JIRA-1437,related_change,,Database migration completed last week,jira,,infra-team
INC1477,SNOW1482,similar_incident,Manually purged CDN cache and verified asset propagation,,servicenow,0.86,devops-team
INC1477,JIRA-1438,similar_incident,Promoted replica to primary and rebuilt read replica from backup. Verified data consistency using checksums. Recovery completed within RTO of 13 minutes.,,jira,0.87,dba-team
INC1478,JIRA-1439,similar_incident,Restarted 20 pods and cleared corrupted cache layer,,jira,0.73,ops-team
INC1478,SNOW1483,similar_incident,Implemented 18 for automatic failover. Configured 66-node cluster with quorum of 2. Tested failover scenarios successfully.,,servicenow,0.77,ops-team
INC1479,SNOW1484,similar_incident,Scaled consumer instances and processed backlog within SLA. Increased from 14 to 99 consumers. Backlog cleared in 8 hours.,,servicenow,0.9,api-team
INC1479,SNOW1485,related_change,,Elasticsearch cluster version upgrade deployed,servicenow,,platform-team
INC1479,SNOW1486,related_change,,Rate limiting threshold adjustment for new API tier,servicenow,,infra-team
INC1480,JIRA-1440,similar_incident,Scaled consumer instances and processed backlog within SLA. Increased from 5 to 42 consumers. Backlog cleared in 4 hours.,,jira,0.66,api-team
INC1480,SNOW1487,related_change,,Automated certificate rotation implementation in progress,servicenow,,dba-team
INC1480,JIRA-1441,similar_incident,Manually purged CDN cache and verified asset propagation,,jira,0.78,observability-team
INC1481,JIRA-1442,similar_incident,Increased connection pool size from 12 to 48 connections and added exponential backoff retry logic with max 3 attempts. Monitored for 24 hours and confirmed resolution.,,jira,0.82,platform-team
INC1482,SNOW1488,similar_incident,Promoted replica to primary and rebuilt read replica from backup. Verified data consistency using checksums. Recovery completed within RTO of 8 minutes.,,servicenow,0.89,dba-team
INC1482,SNOW1489,similar_incident,Promoted replica to primary and rebuilt read replica from backup. Verified data consistency using checksums. Recovery completed within RTO of 6 minutes.,,servicenow,0.94,security-team
INC1483,JIRA-1443,similar_incident,Fixed 19 timeout by increasing connection timeout to 75s and implementing circuit breaker pattern. Also added health check monitoring.,,jira,0.89,observability-team
INC1483,JIRA-1444,related_change,,Added backup OAuth provider configuration,jira,,infra-team
INC1484,JIRA-1445,similar_incident,Promoted replica to primary and rebuilt read replica from backup. Verified data consistency using checksums. Recovery completed within RTO of 14 minutes.,,jira,0.7,platform-team
INC1484,SNOW1490,similar_incident,Restarted 14 pods and cleared corrupted cache layer,,servicenow,0.69,observability-team
INC1485,JIRA-1446,similar_incident,Increased connection pool size from 10 to 57 connections and added exponential backoff retry logic with max 3 attempts. Monitored for 24 hours and confirmed resolution.,,jira,0.77,identity-team
INC1486,JIRA-1447,similar_incident,Implemented 5 for automatic failover. Configured 65-node cluster with quorum of 2. Tested failover scenarios successfully.,,jira,0.86,infra-team
INC1486,SNOW1491,similar_incident,Fixed 17 timeout by increasing connection timeout to 59s and implementing circuit breaker pattern. Also added health check monitoring.,,servicenow,0.76,security-team
INC1487,SNOW1492,similar_incident,Renewed SSL certificates and updated load balancer configuration,,servicenow,0.87,identity-team
INC1488,SNOW1493,similar_incident,Restarted 14 pods and cleared corrupted cache layer,,servicenow,0.79,observability-team
INC1489,JIRA-1448,similar_incident,Restarted 13 pods and cleared corrupted cache layer,,jira,0.87,api-team
INC1489,SNOW1494,similar_incident,Restarted 11 pods and cleared corrupted cache layer,,servicenow,0.78,identity-team
INC1490,SNOW1495,similar_incident,Scaled up 16 instances from 45 to 2 pods and optimized query performance by adding database indexes on frequently queried columns. Response times improved from 1s to servicems average.,,servicenow,0.65,devops-team
INC1490,JIRA-1449,similar_incident,Scaled up 13 instances from 54 to 6 pods and optimized query performance by adding database indexes on frequently queried columns. Response times improved from 5s to databasems average.,,jira,0.86,payments-team
INC1490,JIRA-1450,related_change,,Added new notification templates last sprint,jira,,dba-team
INC1491,SNOW1496,similar_incident,Promoted replica to primary and rebuilt read replica from backup. Verified data consistency using checksums. Recovery completed within RTO of 16 minutes.,,servicenow,0.71,ops-team
INC1491,SNOW1497,similar_incident,Renewed SSL certificates and updated load balancer configuration,,servicenow,0.79,ops-team
INC1492,JIRA-1451,similar_incident,Increased connection pool size from 20 to 56 connections and added exponential backoff retry logic with max 3 attempts. Monitored for 24 hours and confirmed resolution.,,jira,0.68,identity-team
INC1493,JIRA-1452,similar_incident,Rolled back to previous 13 version to restore functionality,,jira,0.93,observability-team
INC1494,JIRA-1453,similar_incident,Promoted replica to primary and rebuilt read replica from backup. Verified data consistency using checksums. Recovery completed within RTO of 5 minutes.,,jira,0.65,search-team
INC1495,JIRA-1454,similar_incident,Fixed 10 timeout by increasing connection timeout to 33s and implementing circuit breaker pattern. Also added health check monitoring.,,jira,0.94,dba-team
INC1496,JIRA-1455,similar_incident,Promoted replica to primary and rebuilt read replica from backup. Verified data consistency using checksums. Recovery completed within RTO of 10 minutes.,,jira,0.69,identity-team
INC1497,SNOW1498,similar_incident,Promoted replica to primary and rebuilt read replica from backup. Verified data consistency using checksums. Recovery completed within RTO of 19 minutes.,,servicenow,0.89,infra-team
INC1498,SNOW1499,similar_incident,Fixed 11 timeout by increasing connection timeout to 31s and implementing circuit breaker pattern. Also added health check monitoring.,,servicenow,0.9,platform-team
INC1499,JIRA-1456,similar_incident,Scaled up 19 instances from 73 to 2 pods and optimized query performance by adding database indexes on frequently queried columns. Response times improved from 2s to gatewayms average.,,jira,0.94,platform-team
INC1500,SNOW1500,similar_incident,Restarted 18 pods and cleared corrupted cache layer,,servicenow,0.76,platform-team
